arm,delay_bars,instrument,signal_date,trade_date,exit_date,signal_ret20,signal_hit_count20,industry_code,trigger_datetime,entry_datetime,entry_price,touch_pos,break_pos,market_median_ret,peer_median_ret,peer_positive_ratio,peer_n,exit_open,exit_0935,exit_0940,exit_0945,exit_1000,rank,net_return
SELECTED_SUPPORT,0,SH601919,2021-05-14,2021-05-17,2021-05-18,0.31495520330806337,1.0,G55,2021-05-17 13:30:00,2021-05-17 13:35:00,20.98,26,27,0.0008917411175746182,0.0030674846625766694,0.5384615384615384,13,21.4,21.76,21.49,21.4,21.45,1,0.019848708878101418
SELECTED_SUPPORT,0,SH603799,2021-05-14,2021-05-17,2021-05-18,0.08703810623556585,1.0,C32,2021-05-17 13:30:00,2021-05-17 13:35:00,82.79,21,25,0.0008917411175746182,0.01317579381877998,0.8125,16,84.0,82.89,82.21,83.46,84.1,2,0.013286020220386163
SELECTED_SUPPORT,0,SZ000718,2021-05-21,2021-05-24,2021-05-25,0.695198329853862,9.0,K70,2021-05-24 14:00:00,2021-05-24 14:05:00,8.93,28,32,0.0012531347999302778,0.0022900763358779663,0.6451612903225806,31,8.81,9.13,9.54,9.54,9.54,1,0.0656408335381633
SELECTED_SUPPORT,0,SH600085,2021-05-25,2021-05-26,2021-05-27,0.2858117326057299,2.0,C27,2021-05-26 11:10:00,2021-05-26 11:15:00,41.46,2,18,0.0021392821392821615,0.004716981132075304,0.6,55,41.05,41.3,41.15,41.17,42.06,1,0.011938008460159244
SELECTED_SUPPORT,0,SH600779,2021-06-02,2021-06-03,2021-06-04,0.23900293255131966,2.0,C15,2021-06-03 11:10:00,2021-06-03 11:15:00,139.43,16,18,0.0026581605528974706,0.03179972936400555,1.0,17,133.0,134.29,135.99,136.67,137.0,1,-0.019882197705720306
SELECTED_SUPPORT,0,SH600460,2021-06-22,2021-06-23,2021-06-24,0.36520376175548575,3.0,C39,2021-06-23 13:30:00,2021-06-23 13:35:00,57.48,21,22,0.0006314859561773467,0.017980636237897585,0.7901234567901234,81,55.0,55.93,56.79,56.2,55.88,1,-0.03026387207774539
SELECTED_SUPPORT,0,SH600985,2021-06-24,2021-06-25,2021-06-28,0.09795191451469276,1.0,B06,2021-06-25 13:20:00,2021-06-25 13:25:00,13.55,4,5,0.004603637996855925,0.03388746803069065,1.0,9,12.73,12.34,12.4,12.28,12.2,1,-0.10187978176449741
SELECTED_SUPPORT,0,SH600111,2021-07-09,2021-07-12,2021-07-13,0.3859076061595894,3.0,C32,2021-07-12 10:25:00,2021-07-12 10:30:00,32.67,0,5,0.00873223734885753,0.028315725801234426,0.8125,16,32.8,32.61,33.02,32.01,32.72,1,-0.0009709928996385342
SELECTED_SUPPORT,0,SH600141,2021-07-09,2021-07-12,2021-07-13,0.1329479768786126,1.0,C26,2021-07-12 10:30:00,2021-07-12 10:35:00,23.72,1,10,0.008512009963644318,0.01805425644167602,0.9411764705882353,34,23.95,24.3,24.02,24.13,24.08,2,0.012641532658173027
SELECTED_SUPPORT,0,SH601877,2021-07-09,2021-07-12,2021-07-13,-0.010243277848911547,1.0,C38,2021-07-12 13:15:00,2021-07-12 13:20:00,34.01,24,25,0.007829977628635465,0.0103420843277644,0.7428571428571429,35,33.44,32.73,33.18,33.6,32.85,3,-0.03652005379217915
SELECTED_SUPPORT,0,SH600259,2021-07-14,2021-07-15,2021-07-16,0.23459426479560697,2.0,B09,2021-07-15 14:15:00,2021-07-15 14:20:00,44.51,34,35,0.0012469525847056406,0.016507258173924733,0.8333333333333334,12,43.0,44.15,44.55,43.81,44.6,1,-0.0004806591882804412
SELECTED_SUPPORT,0,SZ002129,2021-07-14,2021-07-15,2021-07-16,0.42260869565217396,1.0,C38,2021-07-15 14:35:00,2021-07-15 14:40:00,44.97,35,41,0.0017051281579130162,0.001781623822855627,0.5142857142857142,35,44.99,44.96,45.8,46.18,45.57,2,0.010811277781981543
SELECTED_SUPPORT,0,SH600392,2021-07-15,2021-07-16,2021-07-19,0.44595429277331666,3.0,C32,2021-07-16 13:05:00,2021-07-16 13:10:00,25.75,11,12,0.0012510838161597926,0.02312958780350083,0.875,16,24.57,24.79,24.59,24.5,25.14,1,-0.026127779782685656
SELECTED_SUPPORT,0,SH600111,2021-07-20,2021-07-21,2021-07-22,0.75732421875,5.0,C32,2021-07-21 13:50:00,2021-07-21 13:55:00,39.57,29,31,2.6756568737629216e-05,0.028589508017680898,0.875,16,40.37,40.26,39.7,39.92,39.22,1,-0.011320619410483457
SELECTED_SUPPORT,0,SH603290,2021-07-20,2021-07-21,2021-07-22,0.21172297297297304,1.0,C39,2021-07-21 14:30:00,2021-07-21 14:35:00,394.53,39,40,0.0008222074972368265,0.007326954572881572,0.6666666666666666,81,391.88,386.5,385.5,387.27,391.0,2,-0.011422634397806775
SELECTED_SUPPORT,0,SH600703,2021-07-20,2021-07-21,2021-07-22,0.0706781279847184,1.0,C39,2021-07-21 14:50:00,2021-07-21 14:55:00,36.98,23,32,0.0009654701879374672,0.005631536604987941,0.6172839506172839,81,36.6,36.22,36.59,36.57,36.78,3,-0.00789244730911387
SELECTED_SUPPORT,0,SH600010,2021-07-21,2021-07-22,2021-07-23,0.5192307692307692,6.0,C31,2021-07-22 11:10:00,2021-07-22 11:15:00,2.6,9,10,0.002324263038548713,0.0405706793871341,1.0,20,2.71,2.75,2.77,2.8,2.73,1,0.047377492208656946
SELECTED_SUPPORT,0,SH600338,2021-07-21,2021-07-22,2021-07-23,0.7891012031139419,4.0,B09,2021-07-22 13:15:00,2021-07-22 13:20:00,27.8,24,25,0.0028293128011397384,0.00730690905927045,0.75,12,27.51,29.41,29.15,29.23,29.38,2,0.05419495447380407
SELECTED_SUPPORT,0,SH600703,2021-07-21,2021-07-22,2021-07-23,0.1283950617283951,2.0,C39,2021-07-22 14:25:00,2021-07-22 14:30:00,40.21,38,39,0.0033736297296733664,0.00628436763550666,0.5555555555555556,81,40.59,40.15,39.98,40.24,40.38,3,0.0017196180856591248
SELECTED_SUPPORT,0,SH600111,2021-07-28,2021-07-29,2021-07-30,0.9043478260869566,6.0,C32,2021-07-29 10:50:00,2021-07-29 10:55:00,43.35,13,14,0.0045787545787545625,0.027939390910797557,0.9375,16,44.36,45.03,44.77,45.03,44.35,1,0.020512808907649616
SELECTED_SUPPORT,0,SH603806,2021-07-28,2021-07-29,2021-07-30,0.05374298487586793,2.0,C29,2021-07-29 13:20:00,2021-07-29 13:25:00,121.85,23,24,0.007352941176470562,0.022954091816367317,0.8571428571428571,7,121.86,127.39,130.29,132.5,129.77,2,0.06233798123311174
SELECTED_SUPPORT,0,SH600745,2021-07-28,2021-07-29,2021-07-30,-0.04798761609907132,1.0,C39,2021-07-29 13:40:00,2021-07-29 13:45:00,101.45,24,28,0.008995037220843605,0.02320819112627981,0.8765432098765432,81,102.0,105.11,105.8,105.22,104.52,3,0.027688004746873496
SELECTED_SUPPORT,0,SH603939,2021-08-09,2021-08-10,2021-08-11,-0.4762365591397849,1.0,F52,2021-08-10 14:50:00,2021-08-10 14:55:00,53.58,41,44,0.0027700831024930483,0.008007928089956762,0.75,16,53.03,52.9,54.4,54.02,53.41,1,-0.005662527615770574
SELECTED_SUPPORT,0,SH600383,2021-08-10,2021-08-11,2021-08-12,-0.001988071570576677,1.0,K70,2021-08-11 10:10:00,2021-08-11 10:15:00,11.03,0,6,0.0014841057066257157,0.028490028490028463,0.896551724137931,29,10.5,10.5,10.54,10.42,10.44,1,-0.055854507735752734
SELECTED_SUPPORT,0,SH603379,2021-08-13,2021-08-16,2021-08-17,0.11010421386497504,2.0,C26,2021-08-16 10:05:00,2021-08-16 10:10:00,26.95,0,3,0.004039044092897903,0.007357102433503071,0.6666666666666666,33,25.02,24.26,24.35,24.26,24.26,1,-0.10206279844572763
SELECTED_SUPPORT,0,SH601555,2021-08-17,2021-08-18,2021-08-19,0.18159509202453994,2.0,J67,2021-08-18 13:35:00,2021-08-18 13:40:00,10.57,25,29,0.004156416705823784,0.04562268803945768,1.0,41,10.75,11.06,10.9,10.68,10.59,1,-0.0006102047583296244
SELECTED_SUPPORT,0,SH600699,2021-08-20,2021-08-23,2021-08-24,-0.0494505494505495,1.0,C36,2021-08-23 10:20:00,2021-08-23 10:25:00,28.53,7,8,0.007787154479761416,0.010430858310626623,0.875,24,27.1,27.35,27.12,27.0,26.47,1,-0.07452198291645717
SELECTED_SUPPORT,0,SZ000629,2021-08-20,2021-08-23,2021-08-24,0.18214285714285716,2.0,C32,2021-08-23 10:40:00,2021-08-23 10:45:00,3.64,1,6,0.007476661635641979,0.013347916989313924,0.8125,16,3.75,3.9,3.94,4.0,4.0,2,0.09615645443082887
SELECTED_SUPPORT,0,SH603260,2021-08-20,2021-08-23,2021-08-24,0.41859127934834706,3.0,C26,2021-08-23 13:05:00,2021-08-23 13:10:00,162.83,7,23,0.008336369463279647,0.012638230647709303,0.8181818181818182,33,160.0,169.0,172.88,173.49,174.8,3,0.0708310194276427
SELECTED_SUPPORT,0,SH600010,2021-08-23,2021-08-24,2021-08-25,0.050193050193050315,3.0,C31,2021-08-24 13:10:00,2021-08-24 13:15:00,2.98,14,15,0.001968992248062018,0.028810890330066563,0.95,20,3.05,3.03,3.07,3.07,3.0,1,0.004197020334282708
SELECTED_SUPPORT,0,SH601958,2021-08-23,2021-08-24,2021-08-25,0.09695290858725758,1.0,B09,2021-08-24 14:00:00,2021-08-24 14:05:00,8.69,8,32,0.0023740285503350833,0.01794340924775706,0.9090909090909091,11,8.66,8.69,8.64,8.64,8.81,2,0.011276859702807895
SELECTED_SUPPORT,0,SH600160,2021-08-24,2021-08-25,2021-08-26,0.03385631709331127,0.0,C26,2021-08-25 14:10:00,2021-08-25 14:15:00,13.77,35,36,0.0012391649839922358,0.01094605160281481,0.5454545454545454,33,14.0,14.06,14.37,14.54,14.64,1,0.06052539931076795
SELECTED_SUPPORT,0,SZ002120,2021-08-27,2021-08-30,2021-08-31,0.1372699386503069,1.0,G60,2021-08-30 10:05:00,2021-08-30 10:10:00,16.3,0,5,0.0015372704111094038,0.03136714953487296,1.0,4,15.73,15.84,15.77,15.71,15.31,1,-0.0630821264554754
SELECTED_SUPPORT,0,SH600061,2021-08-30,2021-08-31,2021-09-01,0.12057667103538683,1.0,J67,2021-08-31 13:45:00,2021-08-31 13:50:00,9.4,27,28,0.0006389865004921003,0.010366826156299913,0.9069767441860465,43,9.1,9.03,8.97,9.0,9.05,1,-0.03963867229094764
SELECTED_SUPPORT,0,SH600039,2021-08-30,2021-08-31,2021-09-01,0.11908646003262646,2.0,E48,2021-08-31 14:40:00,2021-08-31 14:45:00,7.55,23,39,0.003763684516138177,0.02402402402402415,0.8666666666666667,15,7.44,7.58,7.46,7.53,7.72,2,0.019962691876484806
SELECTED_SUPPORT,0,SH601618,2021-08-30,2021-08-31,2021-09-01,0.21333333333333337,3.0,E48,2021-08-31 14:40:00,2021-08-31 14:45:00,4.99,41,42,0.003763684516138177,0.02402402402402415,0.8666666666666667,15,5.05,5.22,5.12,5.21,5.15,3,0.029486417573162393
SELECTED_SUPPORT,0,SH600383,2021-08-31,2021-09-01,2021-09-02,0.21962616822429903,3.0,K70,2021-09-01 10:55:00,2021-09-01 11:00:00,11.47,12,13,0.002115160589254317,0.01183431952662728,0.8275862068965517,29,11.69,11.7,11.8,11.95,12.05,1,0.04794277254239354
SELECTED_SUPPORT,0,SZ002120,2021-08-31,2021-09-01,2021-09-02,0.1264619883040936,1.0,G60,2021-09-01 13:15:00,2021-09-01 13:20:00,16.94,20,25,0.010877932997835238,0.05108715823332932,1.0,4,17.15,17.25,17.11,17.07,17.11,2,0.007512727929955609
SELECTED_SUPPORT,0,SZ000877,2021-08-31,2021-09-01,2021-09-02,0.14607614607614616,1.0,C30,2021-09-01 13:25:00,2021-09-01 13:30:00,16.22,26,27,0.010033557046979835,0.04020655270655271,0.7777777777777778,18,16.67,16.62,16.33,16.64,16.35,3,0.0054971521115347866
SELECTED_SUPPORT,0,SH600166,2021-09-01,2021-09-02,2021-09-03,-0.02375296912114011,0.0,C36,2021-09-02 10:50:00,2021-09-02 10:55:00,4.52,11,12,0.0006111379369889702,0.006900759752785035,0.7083333333333334,24,4.5,4.58,4.58,4.52,4.52,1,-0.0024976264679457127
SELECTED_SUPPORT,0,SZ000983,2021-09-01,2021-09-02,2021-09-03,0.44035532994923865,2.0,B06,2021-09-02 11:00:00,2021-09-02 11:05:00,12.49,14,15,0.0009687140543754857,0.04938271604938249,1.0,9,12.02,12.38,12.4,12.59,12.44,2,-0.006490830525319735
SELECTED_SUPPORT,0,SH600027,2021-09-01,2021-09-02,2021-09-03,0.19939577039274936,1.0,D44,2021-09-02 13:45:00,2021-09-02 13:50:00,4.36,28,29,0.0013129025530719263,0.04693781958702514,1.0,18,4.45,4.57,4.6,4.63,4.77,3,0.09130420223575642
SELECTED_SUPPORT,0,SZ002202,2021-09-02,2021-09-03,2021-09-06,0.08944793850454213,1.0,C34,2021-09-03 10:35:00,2021-09-03 10:40:00,17.14,3,8,0.002176634151587642,0.010247231767850251,0.6,10,17.4,17.5,17.1,16.88,16.7,1,-0.028104455193389333
SELECTED_SUPPORT,0,SZ000629,2021-09-03,2021-09-06,2021-09-07,0.4866666666666666,4.0,C32,2021-09-06 14:15:00,2021-09-06 14:20:00,4.9,18,19,0.009929964652178325,0.011538032446421043,0.6875,16,4.9,4.81,4.81,4.72,4.78,1,-0.026926256023832917
SELECTED_SUPPORT,0,SZ000898,2021-09-06,2021-09-07,2021-09-08,0.2472160356347437,1.0,C31,2021-09-07 11:00:00,2021-09-07 11:05:00,6.14,5,7,0.0021242512405391656,0.031858407079645934,1.0,19,6.16,6.15,6.15,6.07,6.1,1,-0.008996013266200142
SELECTED_SUPPORT,0,SZ000983,2021-09-06,2021-09-07,2021-09-08,0.539119804400978,3.0,B06,2021-09-07 11:25:00,2021-09-07 11:30:00,13.84,16,17,0.001832245507474961,0.05547445255474459,1.0,9,13.88,14.05,14.52,14.43,14.74,2,0.062368857360005636
SELECTED_SUPPORT,0,SZ002004,2021-09-06,2021-09-07,2021-09-08,0.25185185185185177,1.0,C26,2021-09-07 13:25:00,2021-09-07 13:30:00,7.43,26,27,0.004326917953242249,0.0369718309859155,0.8648648648648649,37,7.74,7.9,8.11,8.18,8.17,3,0.09684985084211095
SELECTED_SUPPORT,0,SH600863,2021-09-07,2021-09-08,2021-09-09,0.4956521739130435,3.0,D44,2021-09-08 10:55:00,2021-09-08 11:00:00,3.77,9,10,0.0014990777498443686,0.03769733612381454,0.9444444444444444,18,3.75,3.42,3.45,3.42,3.49,1,-0.07658268338809815
SELECTED_SUPPORT,0,SZ000983,2021-09-07,2021-09-08,2021-09-09,0.714108910891089,4.0,B06,2021-09-08 14:45:00,2021-09-08 14:50:00,15.24,38,43,0.002552273321234644,0.046052631578947345,0.7777777777777778,9,15.29,15.0,14.9,14.9,15.51,2,0.015174659677307245
SELECTED_SUPPORT,0,SZ000898,2021-09-08,2021-09-09,2021-09-10,0.25678496868475986,2.0,C31,2021-09-09 14:35:00,2021-09-09 14:40:00,6.61,27,28,0.0004235609074318969,0.09018987341772133,1.0,19,6.48,6.45,6.49,6.5,6.52,1,-0.016079353187746892
SELECTED_SUPPORT,0,SH601216,2021-09-08,2021-09-09,2021-09-10,0.23818897637795278,2.0,C26,2021-09-09 14:45:00,2021-09-09 14:50:00,6.92,20,25,0.0011402523377123108,0.00832342449464929,0.6216216216216216,37,6.9,6.86,6.86,6.89,6.95,2,0.001826805787251029
SELECTED_SUPPORT,0,SH600027,2021-09-22,2021-09-23,2021-09-24,0.3342175066312998,3.0,D44,2021-09-23 09:45:00,2021-09-23 09:50:00,5.53,0,1,0.00965533773705518,0.056251823067301476,0.8888888888888888,18,5.36,5.39,5.42,5.37,5.37,1,-0.031358454635238564
SELECTED_SUPPORT,0,SH600886,2021-09-22,2021-09-23,2021-09-24,0.2781531531531529,1.0,D44,2021-09-23 10:05:00,2021-09-23 10:10:00,12.47,1,2,0.008484654768280975,0.02812916653116959,0.8333333333333334,18,11.81,11.39,11.43,11.27,11.24,2,-0.10088799691256667
SELECTED_SUPPORT,0,SH600863,2021-09-22,2021-09-23,2021-09-24,0.7339055793991416,7.0,D44,2021-09-23 10:35:00,2021-09-23 10:40:00,4.43,0,7,0.007846540398800839,0.01710713845829004,0.6111111111111112,18,4.53,4.67,4.58,4.52,4.55,3,0.024522753853464474
SELECTED_SUPPORT,0,SH600886,2021-09-27,2021-09-28,2021-09-29,0.24586549062844543,2.0,D44,2021-09-28 13:50:00,2021-09-28 13:55:00,12.41,23,25,0.003857790074121903,0.06512441047324757,1.0,18,12.03,12.37,12.91,12.73,12.58,1,0.011166789607835792
SELECTED_SUPPORT,0,SZ000425,2021-09-29,2021-09-30,2021-10-08,0.042553191489361764,2.0,C35,2021-09-30 10:00:00,2021-09-30 10:05:00,7.0,2,3,0.005333333333333412,0.011100539169045298,0.8148148148148148,27,6.92,6.93,6.84,6.8,6.82,1,-0.028147687501627106
SELECTED_SUPPORT,0,SZ000998,2021-09-30,2021-10-08,2021-10-11,0.02979336857280157,1.0,A01,2021-10-08 11:30:00,2021-10-08 13:05:00,23.57,17,22,0.00878379982432409,0.09986000933271111,1.0,3,23.57,24.24,24.29,24.15,24.44,1,0.03432151078164658
SELECTED_SUPPORT,0,SH600556,2021-11-03,2021-11-04,2021-11-05,0.48466257668711643,4.0,I64,2021-11-04 13:15:00,2021-11-04 13:20:00,13.3,10,11,0.0004123711340207059,0.009822397350236933,0.8,15,12.9,13.78,13.65,13.78,14.16,1,0.062002527008563124
SELECTED_SUPPORT,0,SH603799,2021-11-05,2021-11-08,2021-11-09,0.09264171333136839,1.0,C32,2021-11-08 13:20:00,2021-11-08 13:25:00,122.34,25,26,0.0022222222222221255,0.017210944395410488,0.8235294117647058,17,122.0,122.8,121.64,122.27,122.12,1,-0.004291402192786786
SELECTED_SUPPORT,0,SH603659,2021-11-05,2021-11-08,2021-11-09,0.07381818181818178,1.0,C38,2021-11-08 14:20:00,2021-11-08 14:25:00,194.87,10,37,0.0007374631268437515,0.002538336735227964,0.5277777777777778,36,196.0,197.04,194.52,194.34,192.98,2,-0.012172176095777587
SELECTED_SUPPORT,0,SH600383,2021-11-10,2021-11-11,2021-11-12,-0.0941586748038361,1.0,K70,2021-11-11 11:10:00,2021-11-11 11:15:00,11.42,11,18,0.004464285714285587,0.03196102438526682,1.0,28,11.22,11.05,10.94,10.99,10.98,1,-0.04093029234834
SELECTED_SUPPORT,0,SH600640,2021-11-10,2021-11-11,2021-11-12,0.1921274601686973,2.0,I64,2021-11-11 13:05:00,2021-11-11 13:10:00,13.99,17,18,0.0058651026392961825,0.020270270270270174,0.8666666666666667,15,13.64,13.37,13.4,13.7,13.43,2,-0.04242624184878585
SELECTED_SUPPORT,0,SH603650,2021-11-10,2021-11-11,2021-11-12,0.3644527986633248,1.0,C26,2021-11-11 13:40:00,2021-11-11 13:45:00,71.85,27,30,0.0068859984697779986,0.007294020957468561,0.7567567567567568,37,68.1,68.8,68.23,68.25,68.88,3,-0.04373050119849797
SELECTED_SUPPORT,0,SZ000681,2021-11-12,2021-11-15,2021-11-16,0.2603150787696924,2.0,R88,2021-11-15 13:30:00,2021-11-15 13:35:00,18.48,23,24,0.00028224668360143923,0.10000000000000009,1.0,3,18.1,18.19,18.01,18.35,18.69,1,0.0088376277767368
SELECTED_SUPPORT,0,SH603799,2021-11-19,2021-11-22,2021-11-23,0.13577894235350163,2.0,C32,2021-11-22 11:00:00,2021-11-22 11:05:00,131.12,5,6,0.0008153281695881809,0.01037463976945241,0.6470588235294118,17,132.3,131.2,130.52,129.44,130.67,1,-0.005921025400903668
SELECTED_SUPPORT,0,SH600010,2021-11-22,2021-11-23,2021-11-24,-0.11564625850340127,1.0,C31,2021-11-23 09:45:00,2021-11-23 09:50:00,2.86,0,1,0.0013665869490946392,0.026436496108627194,1.0,20,2.7,2.76,2.79,2.81,2.87,1,0.0009901440688797614
SELECTED_SUPPORT,0,SZ002939,2021-11-22,2021-11-23,2021-11-24,-0.0016488046166530657,1.0,J67,2021-11-23 10:25:00,2021-11-23 10:30:00,13.32,3,5,0.0016792611251048584,0.007624150010302921,0.9302325581395349,43,12.68,12.76,12.81,12.94,12.84,2,-0.038443657946578336
SELECTED_SUPPORT,0,SH600021,2021-12-10,2021-12-13,2021-12-14,0.3683035714285712,2.0,D44,2021-12-13 10:15:00,2021-12-13 10:20:00,13.49,0,1,0.004596888260254506,0.020668676808747177,0.9444444444444444,18,12.9,12.63,12.87,13.06,13.05,1,-0.03503291515246032
SELECTED_SUPPORT,0,SH600406,2021-12-10,2021-12-13,2021-12-14,0.04256410256410237,1.0,I65,2021-12-13 13:05:00,2021-12-13 13:10:00,44.73,12,13,0.00420711974110044,0.010228166797797034,0.7575757575757576,33,43.44,43.09,43.41,44.08,45.55,2,0.015788802020681114
SELECTED_SUPPORT,0,SH601068,2021-12-15,2021-12-16,2021-12-17,0.5818181818181818,4.0,E48,2021-12-16 13:35:00,2021-12-16 13:40:00,6.69,11,12,0.003140950137416665,0.011191501793251013,0.875,16,6.6,6.66,7.01,7.15,7.12,1,0.061616875866700616
SELECTED_SUPPORT,0,SZ002945,2021-12-15,2021-12-16,2021-12-17,0.2978927203065136,4.0,J67,2021-12-16 14:30:00,2021-12-16 14:35:00,14.91,31,32,0.0038595897342509344,0.004334202675572718,0.8095238095238095,42,14.99,15.29,15.28,15.1,15.0,2,0.0035235146197731826
SELECTED_SUPPORT,0,SZ000681,2021-12-20,2021-12-21,2021-12-22,0.0661064425770308,3.0,R88,2021-12-21 10:15:00,2021-12-21 10:20:00,20.93,5,7,0.004087989098695788,0.018181818181818077,1.0,3,21.0,21.2,21.15,21.5,21.72,1,0.03515296479293939
SELECTED_SUPPORT,0,SH600718,2021-12-20,2021-12-21,2021-12-22,0.16442307692307678,2.0,I65,2021-12-21 13:40:00,2021-12-21 13:45:00,13.32,28,30,0.007766990291262044,0.013462976813762184,0.8484848484848485,33,13.18,13.0,12.96,12.86,12.94,2,-0.030954901388529854
SELECTED_SUPPORT,0,SH600566,2021-12-30,2021-12-31,2022-01-04,0.42241855328547784,3.0,C27,2021-12-31 10:30:00,2021-12-31 10:35:00,28.34,5,7,0.0022028141678795965,0.008047360335840636,0.8392857142857143,56,29.53,31.1,30.99,31.14,31.17,1,0.09711182014799324
SELECTED_SUPPORT,0,SZ000681,2021-12-31,2022-01-04,2022-01-05,0.4626682986536106,5.0,R88,2022-01-04 11:00:00,2022-01-04 11:05:00,26.29,7,16,0.0031339357200046436,0.03631284916201105,1.0,3,25.5,26.72,27.09,26.42,26.9,1,0.020647160441698675
SELECTED_SUPPORT,0,SH600633,2021-12-31,2022-01-04,2022-01-05,0.031615925058548155,1.0,I64,2022-01-04 13:35:00,2022-01-04 13:40:00,9.69,27,29,0.006711409395973256,0.031269160024524956,1.0,15,9.8,9.65,9.65,9.54,9.55,2,-0.016909425466344663
SELECTED_SUPPORT,0,SZ002195,2022-01-14,2022-01-17,2022-01-18,0.0672268907563025,2.0,I65,2022-01-17 14:10:00,2022-01-17 14:15:00,2.78,35,36,0.005004170141784892,0.0495129870129869,0.9393939393939394,33,2.7,2.72,2.7,2.67,2.67,1,-0.0419671448451131
SELECTED_SUPPORT,0,SH600011,2022-01-17,2022-01-18,2022-01-19,-0.15607580824972134,1.0,D44,2022-01-18 11:10:00,2022-01-18 11:15:00,8.33,17,18,0.005428403755868505,0.02937402505912534,1.0,18,8.02,8.06,7.98,8.21,8.12,1,-0.027644745128417858
SELECTED_SUPPORT,0,SH601669,2022-01-17,2022-01-18,2022-01-19,-0.052443384982121644,1.0,E48,2022-01-18 14:55:00,2022-01-18 15:00:00,8.75,20,25,0.0035842293906809264,0.03683847048560629,0.9375,16,8.65,8.74,8.61,8.78,8.72,2,-0.005917634605769884
SELECTED_SUPPORT,0,SZ000999,2022-02-08,2022-02-09,2022-02-10,-0.040892193308550207,1.0,C27,2022-02-09 14:30:00,2022-02-09 14:35:00,39.71,15,18,0.007741337982131169,0.014171448443748957,0.8679245283018868,53,38.01,39.25,39.75,40.15,40.72,1,0.022873247298545785
SELECTED_SUPPORT,0,SZ000983,2022-02-17,2022-02-18,2022-02-21,0.014223194748358647,0.0,B06,2022-02-18 14:40:00,2022-02-18 14:45:00,10.18,23,24,0.005455962587685104,0.03815142642006264,1.0,10,10.4,10.37,10.47,10.4,10.8,1,0.0582539915664233
SELECTED_SUPPORT,0,SH600522,2022-03-15,2022-03-16,2022-03-17,0.0005783689994216523,1.0,C38,2022-03-16 13:50:00,2022-03-16 13:55:00,19.02,29,30,0.027176439979521794,0.03060411608891278,0.9722222222222222,36,19.38,19.55,19.33,19.21,19.01,1,-0.003022075665386148
SELECTED_SUPPORT,0,SH601236,2022-03-29,2022-03-30,2022-03-31,-0.009183673469387754,1.0,J67,2022-03-30 10:15:00,2022-03-30 10:20:00,10.68,1,5,0.007490648379052334,0.016371077762619368,1.0,43,10.77,10.93,10.68,10.68,10.64,1,-0.006233590413758372
SELECTED_SUPPORT,0,SH601155,2022-03-29,2022-03-30,2022-03-31,-0.07993421052631577,3.0,K70,2022-03-30 13:20:00,2022-03-30 13:25:00,30.77,16,17,0.0135930065403157,0.051724137931034475,1.0,25,29.91,31.8,32.63,31.62,32.15,2,0.042239236563391014
SELECTED_SUPPORT,0,SH600649,2022-04-01,2022-04-06,2022-04-07,0.17441860465116288,1.0,K70,2022-04-06 13:25:00,2022-04-06 13:30:00,5.56,25,26,0.00325071109305175,0.04340659340659325,0.96,25,5.34,5.23,5.27,5.36,5.29,1,-0.050937489930833135
SELECTED_SUPPORT,0,SH600657,2022-04-13,2022-04-14,2022-04-15,0.4418052256532068,10.0,K70,2022-04-14 14:50:00,2022-04-14 14:55:00,6.67,39,41,0.009326848032784052,0.039812646370023685,0.96,25,6.4,6.55,6.5,6.63,6.71,1,0.003484396761631814
SELECTED_SUPPORT,0,SH600062,2022-04-28,2022-04-29,2022-05-05,0.8541147132169575,10.0,C27,2022-04-29 10:05:00,2022-04-29 10:10:00,32.71,3,4,0.008387342737323555,0.01857783506252797,0.8518518518518519,54,31.5,31.86,31.55,31.8,32.04,1,-0.022929500215010168
SELECTED_SUPPORT,0,SZ002555,2022-04-28,2022-04-29,2022-05-05,-0.03516483516483515,1.0,I64,2022-04-29 13:40:00,2022-04-29 13:45:00,24.14,24,29,0.03037766830870292,0.055365903855218446,1.0,10,23.86,23.9,23.71,23.84,23.98,2,-0.0091090755054406
SELECTED_SUPPORT,0,SH600732,2022-04-28,2022-04-29,2022-05-05,-0.20652898067954695,1.0,C38,2022-04-29 14:45:00,2022-04-29 14:50:00,13.1,25,26,0.03543717429067761,0.04651788705531135,1.0,36,14.01,14.41,14.41,14.41,14.41,3,0.09725261088525983
SELECTED_SUPPORT,0,SH600648,2022-04-29,2022-05-05,2022-05-06,0.007423904974016349,1.0,F51,2022-05-05 13:20:00,2022-05-05 13:25:00,14.93,1,2,0.011443661971830998,0.016888888888888953,0.6923076923076923,13,13.77,13.92,13.88,13.88,13.92,1,-0.06997769326415304
SELECTED_SUPPORT,0,SH600196,2022-05-10,2022-05-11,2022-05-12,-0.192092574734812,1.0,C27,2022-05-11 10:05:00,2022-05-11 10:10:00,46.08,4,5,0.010869565217391353,0.021066597483933247,0.8888888888888888,54,44.6,44.66,44.91,45.09,44.77,1,-0.030855441340493117
SELECTED_SUPPORT,0,SZ002183,2022-05-19,2022-05-20,2022-05-23,0.4936247723132967,4.0,L72,2022-05-20 10:00:00,2022-05-20 10:05:00,9.02,2,3,0.009646302250803984,0.013665190546665484,1.0,8,8.6,8.8,9.07,9.19,9.37,1,0.03620811973340876
SELECTED_SUPPORT,0,SZ002127,2022-05-19,2022-05-20,2022-05-23,0.013725490196078383,3.0,L72,2022-05-20 14:40:00,2022-05-20 14:45:00,5.67,36,42,0.01167076167076142,0.025778241335045027,0.875,8,5.62,5.65,5.68,5.66,5.58,2,-0.018330997476390998
SELECTED_SUPPORT,0,SH601788,2022-06-09,2022-06-10,2022-06-13,0.2641843971631206,2.0,J67,2022-06-10 14:00:00,2022-06-10 14:05:00,15.69,22,23,0.009596928982725572,0.015704382295043673,0.9761904761904762,42,15.68,16.36,16.45,16.4,16.64,1,0.057899266766946234
SELECTED_SUPPORT,0,SH601236,2022-06-14,2022-06-15,2022-06-16,0.14160401002506262,1.0,J67,2022-06-15 10:15:00,2022-06-15 10:20:00,10.02,2,3,0.005780346820809079,0.027298153670996972,1.0,42,9.73,9.49,9.73,9.58,9.64,1,-0.04032705779950041
SELECTED_SUPPORT,0,SH600171,2022-06-15,2022-06-16,2022-06-17,0.10738636363636345,1.0,C39,2022-06-16 11:00:00,2022-06-16 11:05:00,21.44,4,5,0.006134969325153339,0.013887264102159791,0.8947368421052632,76,21.1,20.58,20.79,20.75,20.74,1,-0.03506533455901095
SELECTED_SUPPORT,0,SH600259,2022-06-24,2022-06-27,2022-06-28,0.33572216097023144,4.0,B09,2022-06-27 13:05:00,2022-06-27 13:10:00,53.3,13,22,0.005346005817572053,0.026223286661753886,1.0,12,53.31,55.89,56.87,57.28,56.37,1,0.05495701305819711
SELECTED_SUPPORT,0,SZ000625,2022-06-24,2022-06-27,2022-06-28,0.5839829907866763,3.0,C36,2022-06-27 14:30:00,2022-06-27 14:35:00,18.69,18,21,0.0021611179685607773,0.003966116546878062,0.5909090909090909,22,18.13,18.27,18.75,18.97,19.43,2,0.0369968495306483
SELECTED_SUPPORT,0,SZ000625,2022-06-27,2022-06-28,2022-06-29,0.3074204946996466,4.0,C36,2022-06-28 13:15:00,2022-06-28 13:20:00,20.35,23,25,0.0012651076741864165,0.014842816824572114,0.6818181818181818,22,20.56,20.7,21.33,19.76,18.89,1,-0.07406290732085974
SELECTED_SUPPORT,0,SH600872,2022-06-29,2022-06-30,2022-07-01,0.23441682600382419,1.0,C14,2022-06-30 13:45:00,2022-06-30 13:50:00,35.5,27,28,0.007869919236295764,0.05285105715899563,1.0,10,34.87,34.82,34.85,34.43,34.71,1,-0.024695566611335096
SELECTED_SUPPORT,0,SH600536,2022-08-04,2022-08-05,2022-08-08,-0.02990701181201305,1.0,I65,2022-08-05 14:20:00,2022-08-05 14:25:00,42.44,37,38,0.013484740951029028,0.036561743341404496,0.9354838709677419,31,42.4,43.21,42.2,42.41,42.43,1,-0.0027326647274960036
SELECTED_SUPPORT,0,SZ002475,2022-08-10,2022-08-11,2022-08-12,0.0650905741479888,1.0,C39,2022-08-11 14:15:00,2022-08-11 14:20:00,38.16,36,37,0.015946502057613055,0.02261476008469876,0.8289473684210527,76,37.7,37.72,38.0,37.67,37.72,1,-0.013999226162759726
SELECTED_SUPPORT,0,SZ000537,2022-08-11,2022-08-12,2022-08-15,0.026644462947543746,4.0,K70,2022-08-12 10:45:00,2022-08-12 10:50:00,13.56,8,11,0.0022421524663676085,0.002958579881656931,0.8095238095238095,21,13.12,12.8,12.82,12.89,12.86,1,-0.05399111182727012
SELECTED_SUPPORT,0,SH600026,2022-08-15,2022-08-16,2022-08-17,0.34907597535934287,1.0,G55,2022-08-16 10:10:00,2022-08-16 10:15:00,14.45,4,5,0.0026395954771083474,0.006736442978618418,0.9,10,14.55,14.46,14.52,14.82,14.53,1,0.003024878022197086
SELECTED_SUPPORT,0,SZ002244,2022-09-05,2022-09-06,2022-09-07,0.19761904761904758,1.0,K70,2022-09-06 13:30:00,2022-09-06 13:35:00,11.07,20,22,0.0060103960469479745,0.015594541910331383,1.0,21,10.95,10.89,10.87,10.9,10.85,1,-0.022321521876893513
SELECTED_SUPPORT,0,SH601990,2022-09-08,2022-09-09,2022-09-13,-0.10385438972162753,0.0,J67,2022-09-09 10:50:00,2022-09-09 10:55:00,9.21,13,14,0.006537751910925649,0.012421752548843812,0.9772727272727273,44,9.06,9.11,9.06,8.99,9.06,1,-0.018743593463581787
SELECTED_SUPPORT,0,SZ002156,2022-10-26,2022-10-27,2022-10-28,0.013561320754716943,2.0,C39,2022-10-27 14:45:00,2022-10-27 14:50:00,18.91,34,42,0.004184100418409997,0.004575288853049586,0.6052631578947368,76,17.82,17.88,18.07,18.35,18.4,1,-0.029400123057123362
SELECTED_SUPPORT,0,SH603517,2022-10-31,2022-11-01,2022-11-02,-0.020471464019851116,1.0,C13,2022-11-01 14:55:00,2022-11-01 15:00:00,52.1,44,45,0.024775772460761458,0.03501136937190075,1.0,10,51.51,54.98,54.19,54.3,54.8,1,0.04919635450204529
SELECTED_SUPPORT,0,SH600859,2022-11-03,2022-11-04,2022-11-07,0.038191395961369556,1.0,F52,2022-11-04 11:15:00,2022-11-04 11:20:00,26.02,18,19,0.01382488479262678,0.020551649540292205,1.0,9,25.33,26.08,26.35,26.48,26.8,1,0.02740444314600543
SELECTED_SUPPORT,0,SZ000729,2022-11-03,2022-11-04,2022-11-07,0.028784648187633266,1.0,C15,2022-11-04 14:00:00,2022-11-04 14:05:00,10.61,28,29,0.01828362366749614,0.05522750955192768,1.0,15,10.5,10.62,10.74,10.77,10.58,2,-0.005318085582550869
SELECTED_SUPPORT,0,SH600383,2022-11-10,2022-11-11,2022-11-14,-0.14299610894941628,1.0,K70,2022-11-11 09:45:00,2022-11-11 09:50:00,9.69,0,1,0.015194805194805205,0.038381018841591175,1.0,21,10.66,10.66,10.66,10.66,10.39,1,0.06956136852405015
SELECTED_SUPPORT,0,SZ002271,2022-11-10,2022-11-11,2022-11-14,0.09193548387096762,1.0,C30,2022-11-11 10:25:00,2022-11-11 10:30:00,29.78,2,8,0.010327052968361228,0.01657938835358186,1.0,14,31.31,32.76,32.77,32.77,32.2,2,0.07856200227441734
SELECTED_SUPPORT,0,SZ000656,2022-11-10,2022-11-11,2022-11-14,-0.033816425120772875,1.0,K70,2022-11-11 13:35:00,2022-11-11 13:40:00,2.19,28,29,0.017752972933537614,0.0608695652173914,0.9523809523809523,21,2.25,2.23,2.18,2.18,2.17,3,-0.011607237185133346
SELECTED_SUPPORT,0,SZ002271,2022-11-11,2022-11-14,2022-11-15,0.164126611957796,2.0,C30,2022-11-14 11:00:00,2022-11-14 11:05:00,32.77,0,4,0.007223949902019244,0.015191546649866772,0.8571428571428571,14,32.61,31.69,32.0,32.58,32.04,1,-0.02471846054418625
SELECTED_SUPPORT,0,SH600048,2022-11-28,2022-11-29,2022-11-30,0.18333333333333313,1.0,K70,2022-11-29 14:05:00,2022-11-29 14:10:00,17.95,24,25,0.019288197922330608,0.08892128279883371,0.9523809523809523,21,17.49,17.48,17.56,17.81,17.28,1,-0.03973030559142621
SELECTED_SUPPORT,0,SH600376,2022-11-28,2022-11-29,2022-11-30,0.34774066797642456,1.0,K70,2022-11-29 14:15:00,2022-11-29 14:20:00,7.54,24,25,0.018826997820867275,0.09675443968156783,1.0,21,7.2,7.12,7.14,7.1,6.9,2,-0.08716626294812002
SELECTED_SUPPORT,0,SH601456,2022-11-30,2022-12-01,2022-12-02,0.098901098901099,1.0,J67,2022-12-01 10:05:00,2022-12-01 10:10:00,12.08,2,4,0.01109522292851417,0.018192711526392236,1.0,44,11.42,11.36,11.29,11.25,11.32,1,-0.06525439831267754
SELECTED_SUPPORT,0,SH600050,2022-12-02,2022-12-05,2022-12-06,0.29863013698630136,4.0,I63,2022-12-05 10:55:00,2022-12-05 11:00:00,5.19,14,15,0.012288583509513673,0.0337448559670781,1.0,7,5.12,5.05,5.0,5.04,5.1,1,-0.01979535548873279
SELECTED_SUPPORT,0,SH601390,2022-12-02,2022-12-05,2022-12-06,0.13333333333333353,1.0,E48,2022-12-05 11:20:00,2022-12-05 11:25:00,6.36,17,18,0.012629161882893092,0.057356608478803084,1.0,15,6.34,6.39,6.38,6.33,6.34,2,-0.005634426384713231
SELECTED_SUPPORT,0,SH600572,2023-01-13,2023-01-16,2023-01-17,-0.04402515723270439,1.0,C27,2023-01-16 10:40:00,2023-01-16 10:45:00,5.0,7,8,0.01140065146579805,0.01651982419746545,0.9444444444444444,54,4.98,4.98,5.02,5.04,5.05,1,0.00747739726737473
SELECTED_SUPPORT,0,SZ002368,2023-01-13,2023-01-16,2023-01-17,0.036467045834727374,2.0,I65,2023-01-16 11:10:00,2023-01-16 11:15:00,34.07,5,6,0.012587412587412583,0.02149321266968318,0.967741935483871,31,34.14,34.16,34.27,34.38,34.36,2,0.005993001307936119
SELECTED_SUPPORT,0,SZ002812,2023-01-20,2023-01-30,2023-01-31,0.11505280380782379,1.0,C29,2023-01-30 10:05:00,2023-01-30 10:10:00,164.92,0,1,0.007462686567164312,0.014797702297702275,1.0,8,161.82,159.43,157.38,158.12,157.4,1,-0.04798160566368326
SELECTED_SUPPORT,0,SZ002131,2023-02-15,2023-02-16,2023-02-17,0.11173184357541888,1.0,I64,2023-02-16 11:10:00,2023-02-16 11:15:00,2.18,7,8,0.0052499224913018505,0.032855472641015626,0.9,10,2.1,2.07,2.1,2.08,2.08,1,-0.04825461607950787
SELECTED_SUPPORT,0,SH601728,2023-02-17,2023-02-20,2023-02-21,0.22747747747747749,2.0,I63,2023-02-20 13:05:00,2023-02-20 13:10:00,6.0,7,14,0.006920415224913601,0.020142180094786744,0.8571428571428571,7,6.04,6.02,6.12,6.02,5.95,1,-0.010810146247379415
SELECTED_SUPPORT,0,SZ000977,2023-02-28,2023-03-01,2023-03-02,0.6483516483516483,3.0,C39,2023-03-01 14:55:00,2023-03-01 15:00:00,42.9,17,30,0.005008347245408995,0.01335927099027745,0.8157894736842105,76,42.46,41.9,41.7,41.86,42.18,1,-0.019238925044707478
SELECTED_SUPPORT,0,SZ002602,2023-03-30,2023-03-31,2023-04-03,0.2155555555555555,2.0,I65,2023-03-31 14:25:00,2023-03-31 14:30:00,6.02,38,39,0.0024645717806530687,0.03589743589743599,0.967741935483871,31,6.03,6.29,6.48,6.48,6.55,1,0.08532234993936139
SELECTED_SUPPORT,0,SH600718,2023-04-27,2023-04-28,2023-05-04,-0.13014273719563396,2.0,I65,2023-04-28 13:45:00,2023-04-28 13:50:00,11.39,26,27,0.005899705014749346,0.02967004565947806,0.8214285714285714,28,11.26,11.65,11.74,11.61,11.37,1,-0.0042491670711628515
SELECTED_SUPPORT,0,SZ000156,2023-05-31,2023-06-01,2023-06-02,-0.05696202531645578,1.0,R87,2023-06-01 11:20:00,2023-06-01 11:25:00,9.83,17,18,0.004619499149039585,0.03004833217384939,1.0,4,9.5,9.46,9.43,9.44,9.55,1,-0.030910715439356973
SELECTED_SUPPORT,0,SZ000656,2023-06-01,2023-06-02,2023-06-05,-0.4154929577464789,2.0,K70,2023-06-02 10:55:00,2023-06-02 11:00:00,0.9,14,15,0.005474452554744325,0.017525773195876226,0.8947368421052632,19,0.92,0.9,0.93,0.98,0.96,1,0.06400253176752457
SELECTED_SUPPORT,0,SZ002670,2023-06-29,2023-06-30,2023-07-03,-0.014814814814814725,1.0,J67,2023-06-30 13:45:00,2023-06-30 13:50:00,8.78,30,31,0.009646302250803762,0.013996889580093264,1.0,43,8.7,8.86,8.99,8.89,8.78,1,-0.0024976264679454907
SELECTED_SUPPORT,0,SH603786,2023-07-26,2023-07-27,2023-07-28,0.23597332899658485,2.0,C36,2023-07-27 10:00:00,2023-07-27 10:05:00,83.59,0,3,0.001612903225806317,0.021817015857341193,1.0,18,80.58,77.28,77.45,77.97,78.22,1,-0.06657930783972621
SELECTED_SUPPORT,0,SH601881,2023-07-27,2023-07-28,2023-07-31,0.1635049683830172,1.0,J67,2023-07-28 14:20:00,2023-07-28 14:25:00,14.17,24,25,0.012139857048117264,0.06851311953352757,1.0,45,14.19,14.26,14.17,13.95,14.09,1,-0.00812925595859959
SELECTED_SUPPORT,0,SZ000750,2023-07-28,2023-07-31,2023-08-01,0.22089552238805954,2.0,J67,2023-07-31 11:30:00,2023-07-31 13:05:00,4.49,6,11,0.008585738623333228,0.019178082191780854,0.9333333333333333,45,4.21,4.31,4.32,4.34,4.29,1,-0.04692980346269182
SELECTED_SUPPORT,0,SH600369,2023-07-31,2023-08-01,2023-08-02,0.2880434782608696,2.0,J67,2023-08-01 10:00:00,2023-08-01 10:05:00,5.2,2,3,0.0010217949428946715,0.009996645181552744,0.9545454545454546,44,4.86,4.89,4.84,4.84,4.88,1,-0.06388238791607226
SELECTED_SUPPORT,0,SH601136,2023-08-02,2023-08-03,2023-08-04,,,J67,2023-08-03 14:40:00,2023-08-03 14:45:00,20.08,32,37,0.0026598754951896453,0.02475257718690882,0.9772727272727273,44,21.08,21.88,22.09,22.09,22.09,1,0.0973519637113085
SELECTED_SUPPORT,0,SZ002945,2023-08-03,2023-08-04,2023-08-07,0.10228108903605593,1.0,J67,2023-08-04 13:50:00,2023-08-04 13:55:00,16.45,29,30,0.004433329730331725,0.044282850230724424,1.0,44,15.02,15.3,15.36,15.33,15.72,1,-0.04676368924474805
SELECTED_SUPPORT,0,SH600155,2023-09-08,2023-09-11,2023-09-12,-0.09090909090909083,1.0,J67,2023-09-11 13:20:00,2023-09-11 13:25:00,7.92,24,26,0.01045804037662923,0.012420490770257198,0.9318181818181818,44,7.51,7.62,7.55,7.51,7.54,1,-0.049882173359456106
SELECTED_SUPPORT,0,SH600732,2023-09-26,2023-09-27,2023-09-28,-0.06543321299638982,1.0,C38,2023-09-27 10:30:00,2023-09-27 10:35:00,22.78,4,5,0.0037879331372409064,0.013775673705172076,0.8,40,22.82,22.81,22.91,22.74,22.75,1,-0.0033125641641231773
SELECTED_SUPPORT,0,SH600155,2023-10-16,2023-10-17,2023-10-18,0.16805555555555562,2.0,J67,2023-10-17 14:40:00,2023-10-17 14:45:00,9.25,18,26,0.0017182181310392286,0.010629403448595531,0.9772727272727273,44,8.95,8.99,9.34,9.38,9.59,1,0.034685056466612796
SELECTED_SUPPORT,0,SH600126,2023-11-14,2023-11-15,2023-11-16,0.20145631067961167,1.0,C31,2023-11-15 10:40:00,2023-11-15 10:45:00,5.44,11,12,0.005639666417394773,0.012422360248447006,0.9411764705882353,17,5.55,5.29,5.36,5.46,5.45,1,-0.00016368902343300018
SELECTED_SUPPORT,0,SZ003022,2024-02-05,2024-02-06,2024-02-07,-0.24254821741671528,1.0,C26,2024-02-06 13:45:00,2024-02-06 13:50:00,14.25,28,29,0.0686917436032709,0.08352104643386138,1.0,40,14.3,14.97,14.83,14.86,15.06,1,0.05473026940403192
SELECTED_SUPPORT,0,SZ002429,2024-02-06,2024-02-07,2024-02-08,-0.12045889101338447,1.0,C39,2024-02-07 10:35:00,2024-02-07 10:40:00,5.05,10,11,0.03438402472891178,0.048364685453822,0.9651162790697675,86,5.05,5.21,5.23,5.21,5.24,1,0.035550329591194085
SELECTED_SUPPORT,0,SZ002408,2024-02-06,2024-02-07,2024-02-08,-0.13800000000000012,1.0,C26,2024-02-07 10:50:00,2024-02-07 10:55:00,4.73,10,13,0.03384595103235721,0.05559600010988708,1.0,40,4.86,5.04,5.07,5.01,5.1,2,0.07606953902414282
SELECTED_SUPPORT,0,SZ002092,2024-02-06,2024-02-07,2024-02-08,-0.206896551724138,1.0,C26,2024-02-07 13:15:00,2024-02-07 13:20:00,5.06,22,25,0.035693490474380085,0.060556464811783894,0.975,40,5.13,5.31,5.3,5.35,5.34,3,0.05322714215994795
SELECTED_SUPPORT,0,SZ002203,2024-02-07,2024-02-08,2024-02-19,-0.054807692307692335,1.0,C32,2024-02-08 11:10:00,2024-02-08 11:15:00,10.8,6,16,0.02174456521739121,0.027972027972027913,0.9047619047619048,21,10.45,10.19,10.19,10.0,10.01,1,-0.07500023084535556
SELECTED_SUPPORT,0,SZ000997,2024-02-07,2024-02-08,2024-02-19,-0.06532389765922697,1.0,I65,2024-02-08 14:05:00,2024-02-08 14:10:00,18.88,9,35,0.006913420582819074,0.03070276149616291,0.9230769230769231,26,18.75,18.66,18.6,18.5,18.46,2,-0.024199561154824023
SELECTED_SUPPORT,0,SH601360,2024-02-26,2024-02-27,2024-02-28,0.05519053876478308,1.0,I64,2024-02-27 14:05:00,2024-02-27 14:10:00,8.82,34,35,0.003694194753268709,0.043406999135103375,1.0,10,9.0,8.95,8.99,9.13,9.04,1,0.02289521659866467
SELECTED_SUPPORT,0,SZ000938,2024-02-28,2024-02-29,2024-03-01,0.16870273414776027,1.0,C39,2024-02-29 13:50:00,2024-02-29 13:55:00,22.09,6,22,0.014111344072993082,0.0335443037974682,0.9883720930232558,86,22.3,22.93,23.18,22.9,23.93,1,0.08113091227198743
SELECTED_SUPPORT,0,SZ000938,2024-02-29,2024-03-01,2024-03-04,0.2819025522041765,2.0,C39,2024-03-01 10:55:00,2024-03-01 11:00:00,24.31,9,13,0.001168063879600778,0.017938596491227976,0.9186046511627907,86,24.84,24.31,25.19,24.83,25.69,1,0.05465507734344821
SELECTED_SUPPORT,0,SZ002281,2024-03-07,2024-03-08,2024-03-11,0.6307550644567221,6.0,C39,2024-03-08 10:25:00,2024-03-08 10:30:00,38.96,3,6,0.0013284399113037137,0.012811280838501471,0.9186046511627907,86,38.0,39.53,40.3,40.88,41.0,1,0.05025851402621151
SELECTED_SUPPORT,0,SH603737,2024-05-16,2024-05-17,2024-05-20,0.4750819672131148,2.0,C26,2024-05-17 14:40:00,2024-05-17 14:45:00,49.49,1,2,0.00678504115427514,0.009718670076726221,0.8292682926829268,41,48.12,46.8,48.1,48.55,54.08,1,0.09056242842132245
SELECTED_SUPPORT,0,SH600606,2024-05-16,2024-05-17,2024-05-20,0.1387283236994219,1.0,E48,2024-05-17 14:45:00,2024-05-17 14:50:00,2.17,42,43,0.007919960290428518,0.008430189938372412,0.875,16,2.21,2.15,2.17,2.11,2.17,2,-0.001998251061921974
SELECTED_SUPPORT,0,SH600859,2024-07-16,2024-07-17,2024-07-18,0.05126182965299697,1.0,F52,2024-07-17 13:05:00,2024-07-17 13:10:00,14.66,22,23,0.001574522726671801,0.02071713147410348,1.0,9,14.01,14.34,14.06,14.12,14.23,1,-0.031271153656967865
SELECTED_SUPPORT,0,SH600859,2024-07-30,2024-07-31,2024-08-01,0.13418803418803416,2.0,F52,2024-07-31 13:45:00,2024-07-31 13:50:00,14.59,29,30,0.032744153523424635,0.0365296803652968,0.7777777777777778,9,14.5,14.66,14.58,14.49,14.52,1,-0.006786470556484403
SELECTED_SUPPORT,0,SZ002670,2024-07-30,2024-07-31,2024-08-01,0.09753231492361936,2.0,J67,2024-07-31 13:55:00,2024-07-31 14:00:00,10.27,9,29,0.035117946485787255,0.04975313078079879,1.0,44,10.1,10.03,10.12,10.07,10.12,2,-0.01657471282830103
SELECTED_SUPPORT,0,SZ300438,2024-08-28,2024-08-29,2024-08-30,0.19704173269941894,3.0,C38,2024-08-29 11:25:00,2024-08-29 11:30:00,27.19,14,20,0.011248593925759165,0.0341214779372675,0.8947368421052632,38,26.83,27.26,27.02,26.85,27.51,1,0.009747264188544547
SELECTED_SUPPORT,0,SH603883,2024-09-18,2024-09-19,2024-09-20,0.06240000000000001,6.0,F52,2024-09-19 10:20:00,2024-09-19 10:25:00,14.6,5,6,0.013214285714285845,0.0480274442538593,0.8888888888888888,9,14.36,14.45,14.18,14.09,14.28,1,-0.023872261997551103
SELECTED_SUPPORT,0,SZ002466,2024-09-23,2024-09-24,2024-09-25,-0.03372093023255818,1.0,C32,2024-09-24 13:35:00,2024-09-24 13:40:00,27.42,26,27,0.03588354773188884,0.03973684210526329,1.0,24,27.9,28.34,28.52,28.49,28.78,1,0.047501470986064165
SELECTED_SUPPORT,0,SH603737,2024-09-26,2024-09-27,2024-09-30,0.2041343669250646,2.0,C26,2024-09-27 10:00:00,2024-09-27 10:05:00,35.88,0,2,0.02832512315270952,0.03457059679767105,1.0,37,39.47,39.47,39.47,39.47,39.47,1,0.09785755380674277
SELECTED_SUPPORT,0,SZ000568,2024-09-26,2024-09-27,2024-09-30,0.041852631578947364,1.0,C15,2024-09-27 10:40:00,2024-09-27 10:45:00,136.09,5,6,0.039528643546971054,0.06544561090015621,1.0,9,149.7,149.7,149.7,148.45,149.69,2,0.0977359232753392
SELECTED_SUPPORT,0,SH603317,2024-09-26,2024-09-27,2024-09-30,0.0445134575569357,1.0,C14,2024-09-27 11:25:00,2024-09-27 11:30:00,11.09,5,6,0.04484732824427473,0.0595530015387562,1.0,10,12.0,11.92,11.92,11.9,11.89,3,0.06999466139528843
SELECTED_SUPPORT,0,SH601155,2024-09-27,2024-09-30,2024-10-08,0.41233766233766245,3.0,K70,2024-09-30 10:00:00,2024-09-30 10:05:00,14.35,0,4,0.046827193408013335,0.05933774217585697,1.0,12,15.8,15.8,15.8,15.8,15.38,1,0.06963532394896443
SELECTED_SUPPORT,0,SZ002271,2024-09-27,2024-09-30,2024-10-08,0.25274725274725274,2.0,C30,2024-09-30 10:00:00,2024-09-30 10:05:00,13.78,0,2,0.046827193408013335,0.05744794433195277,1.0,18,15.17,15.17,15.17,15.17,15.17,2,0.09867101098625852
SELECTED_SUPPORT,0,SZ002791,2024-09-27,2024-09-30,2024-10-08,0.3717761557177617,3.0,C33,2024-09-30 10:00:00,2024-09-30 10:05:00,31.01,0,2,0.046827193408013335,0.0491228070175439,1.0,6,34.11,34.11,34.11,34.11,34.11,3,0.09776974060876609
SELECTED_SUPPORT,0,SH603882,2024-09-30,2024-10-08,2024-10-09,0.3630996309963097,2.0,Q84,2024-10-08 09:45:00,2024-10-08 09:50:00,40.62,0,1,0.05663201847903332,0.09962100703844068,1.0,5,38.5,38.28,38.11,37.95,37.76,1,-0.07226622255288451
SELECTED_SUPPORT,0,SH601318,2024-09-30,2024-10-08,2024-10-09,0.3395119662130457,1.0,J68,2024-10-08 09:50:00,2024-10-08 09:55:00,62.8,0,2,0.0779448430302434,0.0999784575613959,1.0,6,60.0,58.66,58.43,58.77,58.65,2,-0.06794900357932698
SELECTED_SUPPORT,0,SH603927,2024-09-30,2024-10-08,2024-10-09,0.3149100257069408,1.0,I65,2024-10-08 09:50:00,2024-10-08 09:55:00,22.51,0,2,0.0779448430302434,0.09994306517265905,1.0,28,22.56,22.45,22.8,23.3,23.38,3,0.036574006671357795
SELECTED_SUPPORT,0,SH600188,2024-10-09,2024-10-10,2024-10-11,0.04237867395762129,1.0,B06,2024-10-10 13:05:00,2024-10-10 13:10:00,16.78,21,23,0.029010238907849706,0.07459379615952755,1.0,13,16.65,16.2,16.03,16.31,16.15,1,-0.039467923399883365
SELECTED_SUPPORT,0,SH600339,2024-10-09,2024-10-10,2024-10-11,0.08359133126934992,1.0,E48,2024-10-10 13:20:00,2024-10-10 13:25:00,3.85,25,26,0.01839080459770126,0.09978289027892373,1.0,14,3.68,3.63,3.63,3.65,3.66,2,-0.05125028542510002
SELECTED_SUPPORT,0,SH601868,2024-10-09,2024-10-10,2024-10-11,0.08173076923076916,1.0,E48,2024-10-10 13:35:00,2024-10-10 13:40:00,2.47,24,28,0.017595307917888547,0.09955479890018548,1.0,14,2.38,2.36,2.35,2.39,2.37,3,-0.04240318016872702
SELECTED_SUPPORT,0,SZ000617,2024-10-11,2024-10-14,2024-10-15,0.6872509960159365,6.0,J66,2024-10-14 11:00:00,2024-10-14 11:05:00,9.32,0,1,0.0005225570458109452,0.01726866185070519,1.0,34,8.43,8.58,8.72,9.0,8.83,1,-0.05446830009407433
SELECTED_SUPPORT,0,SH600390,2024-10-11,2024-10-14,2024-10-15,0.625,7.0,J69,2024-10-14 14:10:00,2024-10-14 14:15:00,7.15,26,27,0.012954580927111214,0.03597662098597343,1.0,8,6.77,7.0,7.08,7.18,7.13,2,-0.004789864345665085
SELECTED_SUPPORT,0,SH600839,2024-10-16,2024-10-17,2024-10-18,0.3617886178861789,4.0,C39,2024-10-17 10:05:00,2024-10-17 10:10:00,7.37,4,5,0.009846153846153838,0.02134498087154235,0.9761904761904762,84,7.79,8.04,8.09,8.11,8.11,1,0.09820816606347504
SELECTED_SUPPORT,0,SH600584,2024-10-17,2024-10-18,2024-10-21,0.250422440013518,2.0,C39,2024-10-18 14:40:00,2024-10-18 14:45:00,40.7,40,41,0.043088287020752736,0.08291145668896283,1.0,84,41.0,41.28,40.73,40.69,40.13,1,-0.01597517973255358
SELECTED_SUPPORT,0,SH603160,2024-10-17,2024-10-18,2024-10-21,0.385923949299533,4.0,C39,2024-10-18 14:55:00,2024-10-18 15:00:00,91.41,35,45,0.025252525252525082,0.055590057845196106,1.0,84,95.25,95.77,95.37,97.55,97.71,2,0.06678427840213974
SELECTED_SUPPORT,0,SH603893,2024-10-18,2024-10-21,2024-10-22,0.733636543405181,6.0,C39,2024-10-21 11:10:00,2024-10-21 11:15:00,96.44,12,14,0.003567863923830128,0.03764940492761071,0.9285714285714286,84,96.0,94.21,93.0,91.89,91.98,1,-0.04815221000285752
SELECTED_SUPPORT,0,SZ000733,2024-10-18,2024-10-21,2024-10-22,0.358736598087511,2.0,C39,2024-10-21 13:25:00,2024-10-21 13:30:00,51.58,24,27,0.005406912662828112,0.03940334922923361,0.9285714285714286,84,50.75,49.83,49.56,49.42,49.13,2,-0.049402366705549206
SELECTED_SUPPORT,0,SZ003031,2024-10-18,2024-10-21,2024-10-22,0.34782608695652173,2.0,C39,2024-10-21 13:30:00,2024-10-21 13:35:00,52.5,13,27,0.0023074350261871324,0.03387408563409944,0.9285714285714286,84,53.0,52.15,52.41,51.91,51.53,3,-0.0204375214708733
SELECTED_SUPPORT,0,SH603517,2024-10-21,2024-10-22,2024-10-23,0.31729200652528533,4.0,C13,2024-10-22 14:00:00,2024-10-22 14:05:00,17.76,9,33,0.0037086648348122475,0.011086474501108556,1.0,9,17.78,17.77,18.0,17.77,17.96,1,0.009240507372065387
SELECTED_SUPPORT,0,SH601162,2024-10-22,2024-10-23,2024-10-24,0.8484848484848484,11.0,J67,2024-10-23 13:15:00,2024-10-23 13:20:00,6.03,10,11,0.00859291084854985,0.010230179028132946,1.0,43,5.75,5.72,5.82,5.96,5.89,1,-0.025169104271098197
SELECTED_SUPPORT,0,SZ002129,2024-10-22,2024-10-23,2024-10-24,0.31428571428571406,4.0,C38,2024-10-23 13:35:00,2024-10-23 13:40:00,11.12,26,28,0.007905138339920903,0.029081745999885333,0.7368421052631579,38,11.34,11.09,11.12,10.95,11.18,2,0.0033866504611252957
SELECTED_SUPPORT,0,SZ002459,2024-10-22,2024-10-23,2024-10-24,0.6328740157480315,5.0,C38,2024-10-23 13:40:00,2024-10-23 13:45:00,18.24,25,28,0.007677543186180413,0.02809189899445419,0.7368421052631579,38,17.07,16.75,16.32,16.36,16.6,3,-0.09173086445328416
SELECTED_SUPPORT,0,SZ002797,2024-10-24,2024-10-25,2024-10-28,0.24060150375939826,3.0,J67,2024-10-25 11:25:00,2024-10-25 11:30:00,7.26,9,10,0.008071025020177425,0.013307984790874583,0.9302325581395349,43,6.89,6.88,6.88,6.89,6.94,1,-0.04598730886635516
SELECTED_SUPPORT,0,SH601865,2024-10-25,2024-10-28,2024-10-29,0.6695250659630605,6.0,C30,2024-10-28 10:35:00,2024-10-28 10:40:00,27.83,9,10,0.003013863773357439,0.021849963583393972,0.7647058823529411,17,29.28,29.59,29.0,28.68,28.5,1,0.022028381054086443
SELECTED_SUPPORT,0,SH601399,2024-10-25,2024-10-28,2024-10-29,0.19245283018867942,1.0,C35,2024-10-28 13:05:00,2024-10-28 13:10:00,3.47,7,8,0.004151530877011034,0.005249718935193104,0.625,32,3.6,3.58,3.49,3.5,3.47,2,-0.001998251061921974
SELECTED_SUPPORT,0,SZ000932,2024-10-25,2024-10-28,2024-10-29,0.2602339181286548,4.0,C31,2024-10-28 13:35:00,2024-10-28 13:40:00,4.73,14,15,0.005042016806722671,0.04450261780104725,1.0,13,4.69,4.61,4.62,4.62,4.58,3,-0.033647355150867586
SELECTED_SUPPORT,0,SH600208,2024-10-30,2024-10-31,2024-11-01,0.34170854271356776,4.0,K70,2024-10-31 10:20:00,2024-10-31 10:25:00,2.92,6,7,0.0020703933747412417,0.0230357839223041,1.0,12,2.96,2.97,2.98,2.94,2.89,1,-0.012251693687998166
SELECTED_SUPPORT,0,SZ002865,2024-10-30,2024-10-31,2024-11-01,0.9648363538003788,8.0,C38,2024-10-31 10:30:00,2024-10-31 10:35:00,79.89,6,7,0.0017821782178217838,0.01104239678019936,0.6578947368421053,38,81.0,81.33,79.8,80.0,78.25,2,-0.022485456823074124
SELECTED_SUPPORT,0,SH600416,2024-10-30,2024-10-31,2024-11-01,0.3044806517311609,3.0,C38,2024-10-31 10:50:00,2024-10-31 10:55:00,14.09,12,13,0.005050505050504972,0.014276795429715827,0.6842105263157895,38,14.64,14.86,14.54,14.46,14.33,3,0.01500106900515652
SELECTED_SUPPORT,0,SH603939,2024-10-31,2024-11-01,2024-11-04,0.11986786219915047,2.0,F52,2024-11-01 13:35:00,2024-11-01 13:40:00,26.1,24,26,0.0009671179883945502,0.03787103377686796,1.0,9,26.25,25.66,25.72,26.06,25.46,1,-0.026470324599100925
SELECTED_SUPPORT,0,SH601198,2024-11-01,2024-11-04,2024-11-05,0.14271356783919598,2.0,J67,2024-11-04 10:30:00,2024-11-04 10:35:00,12.51,7,10,0.0060443277765749315,0.0193103448275862,0.9534883720930233,43,12.66,12.15,12.26,12.4,13.45,1,0.07299148866643868
SELECTED_SUPPORT,0,SH600816,2024-11-01,2024-11-04,2024-11-05,0.07407407407407396,3.0,J69,2024-11-04 13:35:00,2024-11-04 13:40:00,3.5,23,24,0.004566460557398511,0.03471526975570105,0.875,8,3.51,3.5,3.54,3.56,3.54,2,0.009407483211655965
SELECTED_SUPPORT,0,SH600010,2024-11-04,2024-11-05,2024-11-06,0.05780346820809257,2.0,C31,2024-11-05 10:30:00,2024-11-05 10:35:00,2.0,5,9,0.01067179450115674,0.021671826625387025,1.0,13,2.0,2.12,2.03,2.05,2.05,1,0.022951792661529913
SELECTED_SUPPORT,0,SH600570,2024-11-04,2024-11-05,2024-11-06,0.1587232181897682,3.0,I65,2024-11-05 10:55:00,2024-11-05 11:00:00,29.14,9,13,0.010874207816381598,0.034417615576206484,1.0,28,30.5,30.85,31.0,31.78,31.23,2,0.06958114685436434
SELECTED_SUPPORT,0,SH601198,2024-11-04,2024-11-05,2024-11-06,0.14246575342465762,2.0,J67,2024-11-05 13:05:00,2024-11-05 13:10:00,13.76,8,10,0.01850368261019153,0.03968253968253954,1.0,43,13.63,13.24,13.01,13.27,13.17,3,-0.04479047721551699
SELECTED_SUPPORT,0,SH601066,2024-11-05,2024-11-06,2024-11-07,-0.08020304568527925,0.0,J67,2024-11-06 10:55:00,2024-11-06 11:00:00,29.88,6,9,0.0031999999999998696,0.010078387458006599,0.813953488372093,43,28.1,28.24,28.35,28.21,27.89,1,-0.06846490033858788
SELECTED_SUPPORT,0,SH600536,2024-11-05,2024-11-06,2024-11-07,0.09696312364425164,2.0,I65,2024-11-06 11:00:00,2024-11-06 11:05:00,55.63,14,15,0.002670226969292422,0.01750489488550222,0.8571428571428571,28,52.33,53.5,54.28,54.4,52.73,2,-0.054024227547998516
SELECTED_SUPPORT,0,SH601608,2024-11-06,2024-11-07,2024-11-08,0.09429280397022333,2.0,C35,2024-11-07 13:25:00,2024-11-07 13:30:00,4.85,18,22,0.012499999999999956,0.015340491248713173,0.625,32,4.99,4.77,4.77,4.77,4.78,1,-0.016402400015667506
SELECTED_SUPPORT,0,SH600732,2024-11-11,2024-11-12,2024-11-13,0.6475583864118895,6.0,C38,2024-11-12 09:50:00,2024-11-12 09:55:00,17.07,0,2,0.005232471221408241,0.016655387414573508,0.868421052631579,38,16.51,16.06,15.89,15.7,15.99,1,-0.06514071672408517
SELECTED_SUPPORT,0,SH600157,2024-11-15,2024-11-18,2024-11-19,0.22047244094488194,4.0,D44,2024-11-18 09:55:00,2024-11-18 10:00:00,1.69,2,3,0.0013656538067599033,0.014659830529289097,0.9375,32,1.71,1.71,1.71,1.7,1.7,1,0.003907084730611077
SELECTED_SUPPORT,0,SZ002738,2024-11-18,2024-11-19,2024-11-20,0.08944815039417842,1.0,C32,2024-11-19 14:35:00,2024-11-19 14:40:00,39.52,40,41,0.006785411365564098,0.01585903083700435,0.88,25,39.35,38.91,39.18,39.16,38.74,1,-0.02169565400148954
SELECTED_SUPPORT,0,SH600118,2024-11-26,2024-11-27,2024-11-28,-0.009266123054114117,1.0,C39,2024-11-27 13:25:00,2024-11-27 13:30:00,29.39,24,25,0.0017934106621156909,0.00838832305209869,0.7195121951219512,82,29.41,29.54,30.99,30.79,30.51,1,0.036033799254874266
SELECTED_SUPPORT,0,SH601933,2024-12-11,2024-12-12,2024-12-13,0.2877551020408162,6.0,F52,2024-12-12 11:20:00,2024-12-12 11:25:00,6.94,5,8,0.0023255813953488857,0.02253046311815332,0.75,8,6.77,6.84,6.7,6.69,6.83,1,-0.017816722586877165
SELECTED_SUPPORT,0,SZ002945,2024-12-23,2024-12-24,2024-12-25,0.19861591695501746,3.0,J67,2024-12-24 10:25:00,2024-12-24 10:30:00,19.05,5,6,0.007610238590036178,0.011194029850746245,0.9534883720930233,43,18.36,17.88,17.92,18.09,17.66,1,-0.07481832618128847
SELECTED_SUPPORT,0,SZ002670,2025-01-13,2025-01-14,2025-01-15,-0.37617554858934177,0.0,J67,2025-01-14 10:00:00,2025-01-14 10:05:00,13.13,3,4,0.00939070433001521,0.017817371937639104,1.0,45,13.66,13.38,13.43,13.35,13.23,1,0.005602676195793466
SELECTED_SUPPORT,0,SZ002945,2025-01-22,2025-01-23,2025-01-24,-0.21942257217847771,0.0,J67,2025-01-23 11:30:00,2025-01-23 13:05:00,16.35,1,20,0.006802721088435382,0.019261637239165186,0.9777777777777777,45,15.53,15.74,15.78,15.69,15.84,1,-0.03312858084531167
SELECTED_SUPPORT,0,SH600839,2025-02-07,2025-02-10,2025-02-11,0.132400430570506,1.0,C39,2025-02-10 14:10:00,2025-02-10 14:15:00,11.57,31,32,0.001404494382022392,0.004640371229698292,0.6091954022988506,87,11.88,11.29,11.62,11.46,11.42,1,-0.014936908135449345
SELECTED_SUPPORT,0,SH603882,2025-02-13,2025-02-14,2025-02-17,0.27020785219399546,2.0,Q84,2025-02-14 11:20:00,2025-02-14 11:25:00,36.3,16,17,0.00263302784625552,0.024187452758881456,1.0,5,38.11,38.47,39.45,39.18,39.93,1,0.0978019238318859
SELECTED_SUPPORT,0,SZ002648,2025-04-24,2025-04-25,2025-04-28,-0.19472710453284003,1.0,C26,2025-04-25 13:45:00,2025-04-25 13:50:00,19.14,28,31,0.004798464491362786,0.007321537522879895,0.7567567567567568,37,18.87,18.83,18.86,18.67,18.46,1,-0.037454948516357445
SELECTED_SUPPORT,0,SZ000559,2025-05-09,2025-05-12,2025-05-13,0.3460925039872409,2.0,C36,2025-05-12 10:00:00,2025-05-12 10:05:00,9.28,0,2,0.004029551851049917,0.012036241553488036,0.8,20,9.55,9.5,9.58,9.75,9.89,1,0.06360315700405095
SELECTED_SUPPORT,0,SH600418,2025-06-10,2025-06-11,2025-06-12,0.09392419175027866,2.0,C36,2025-06-11 13:15:00,2025-06-11 13:20:00,43.16,24,25,0.005932163171775029,0.015611043257462431,1.0,20,41.98,42.59,42.21,42.21,42.99,1,-0.005929212538276718
SELECTED_SUPPORT,0,SH601059,2025-06-10,2025-06-11,2025-06-12,0.013662979830839417,1.0,J67,2025-06-11 13:55:00,2025-06-11 14:00:00,17.11,3,10,0.0057636887608070175,0.017190696672768402,0.9782608695652174,46,16.1,16.41,16.34,16.35,16.27,2,-0.050994245749706235
SELECTED_SUPPORT,0,SH601162,2025-06-26,2025-06-27,2025-06-30,0.2087628865979383,2.0,J67,2025-06-27 10:45:00,2025-06-27 10:50:00,5.14,3,11,0.004301075268817289,0.00853040200282007,0.9565217391304348,46,4.9,4.93,4.99,4.94,4.89,1,-0.050539192158132074
SELECTED_SUPPORT,0,SH603228,2025-06-27,2025-06-30,2025-07-01,0.2306696861857005,1.0,C39,2025-06-30 13:35:00,2025-06-30 13:40:00,41.83,24,27,0.0022338049143708627,0.006862315666520624,0.8045977011494253,87,41.79,42.3,41.7,41.52,40.86,1,-0.025141012153720665
SELECTED_SUPPORT,0,SH603228,2025-07-07,2025-07-08,2025-07-09,0.3639062036212528,3.0,C39,2025-07-08 13:35:00,2025-07-08 13:40:00,50.4,11,12,0.005049342105263088,0.01708574487900405,0.9651162790697675,86,50.55,51.8,51.5,52.64,50.8,1,0.005922397739173801
SELECTED_SUPPORT,0,SH600111,2025-07-10,2025-07-11,2025-07-14,0.06464327946393378,1.0,C32,2025-07-11 10:05:00,2025-07-11 10:10:00,29.71,1,2,0.002369122936208279,0.009451812727585773,0.875,24,30.99,31.59,31.13,30.77,30.34,1,0.019164357549016575
SELECTED_SUPPORT,0,SH600111,2025-07-17,2025-07-18,2025-07-21,0.2396694214876034,2.0,C32,2025-07-18 14:55:00,2025-07-18 15:00:00,32.99,10,13,0.0035173160173160856,0.02090841141113764,0.9583333333333334,24,33.0,33.6,33.65,33.69,34.15,1,0.03309365644848006
SELECTED_SUPPORT,0,SZ002773,2025-07-21,2025-07-22,2025-07-23,1.1229946524064172,1.0,C27,2025-07-22 14:45:00,2025-07-22 14:50:00,43.66,26,29,0.006141563992959509,0.006269654088050247,0.7954545454545454,44,41.69,41.88,41.58,42.47,43.81,1,0.0014305226975996899
SELECTED_SUPPORT,0,SH600820,2025-07-22,2025-07-23,2025-07-24,0.21207177814029365,1.0,E48,2025-07-23 09:55:00,2025-07-23 10:00:00,8.16,0,1,0.0035567605859483375,0.004408764729882164,0.5714285714285714,14,7.05,7.03,7.05,7.11,7.09,1,-0.13286367647414565
SELECTED_SUPPORT,0,SH600233,2025-07-31,2025-08-01,2025-08-04,0.15078124999999987,1.0,G60,2025-08-01 10:35:00,2025-08-01 10:40:00,16.19,1,2,0.0015337567631145133,0.09911744738628658,1.0,3,15.57,15.55,15.6,15.6,15.88,1,-0.02110761129483163
SELECTED_SUPPORT,0,SZ002670,2025-08-08,2025-08-11,2025-08-12,-0.009868421052631526,1.0,J67,2025-08-11 11:00:00,2025-08-11 11:05:00,16.56,5,7,0.004181913225300704,0.012952648788462917,1.0,46,16.15,16.55,16.55,17.08,17.74,1,0.06911540013052564
SELECTED_SUPPORT,0,SZ002851,2025-08-08,2025-08-11,2025-08-12,,1.0,C38,2025-08-11 11:05:00,2025-08-11 11:10:00,67.63,7,15,0.004559270516717451,0.005887882681039125,0.78125,32,67.99,68.02,66.85,66.28,67.14,2,-0.009229078460704199
SELECTED_SUPPORT,0,SZ002670,2025-08-11,2025-08-12,2025-08-13,0.1108815426997245,2.0,J67,2025-08-12 10:20:00,2025-08-12 10:25:00,17.73,5,7,0.0016254876462937773,0.002728478432493464,0.717391304347826,46,18.64,18.66,18.73,19.01,18.47,1,0.03965551623724162
SELECTED_SUPPORT,0,SZ002851,2025-08-15,2025-08-18,2025-08-19,,2.0,C38,2025-08-18 11:25:00,2025-08-18 11:30:00,79.2,5,6,0.00863311139819134,0.009144182190629069,0.78125,32,78.48,79.77,78.7,78.92,76.45,1,-0.03665108956671659
SELECTED_SUPPORT,0,SZ300803,2025-08-15,2025-08-18,2025-08-19,0.2704671600370028,1.0,J69,2025-08-18 13:35:00,2025-08-18 13:40:00,131.84,21,25,0.007766720915057368,0.014576924363004062,1.0,8,123.26,126.15,126.17,127.0,125.88,2,-0.04711422818321276
SELECTED_SUPPORT,0,SH603688,2025-08-20,2025-08-21,2025-08-22,0.153757225433526,1.0,C30,2025-08-21 13:15:00,2025-08-21 13:20:00,43.91,19,24,0.0035661841829242036,0.005093939393939428,0.7857142857142857,14,42.02,43.45,43.27,43.01,42.04,1,-0.04450026132186746
SELECTED_SUPPORT,0,SH603986,2025-08-21,2025-08-22,2025-08-25,0.1634574603443888,1.0,C39,2025-08-22 14:10:00,2025-08-22 14:15:00,150.88,26,27,0.0026109660574411553,0.021616512837317137,0.8979591836734694,98,159.0,162.7,156.3,158.08,156.58,1,0.035704625190378314
SELECTED_SUPPORT,0,SH600111,2025-08-22,2025-08-25,2025-08-26,0.25359477124183005,1.0,C32,2025-08-25 11:10:00,2025-08-25 11:15:00,52.75,10,13,0.011295861196457535,0.03609194696514495,1.0,24,52.0,50.49,49.99,50.16,50.55,1,-0.0436210728185813
SELECTED_SUPPORT,0,SZ300450,2025-09-04,2025-09-05,2025-09-08,0.7255581216320246,1.0,C35,2025-09-05 10:05:00,2025-09-05 10:10:00,53.8,3,4,0.0029409737648362633,0.012834821428571175,0.9090909090909091,33,55.01,55.75,55.43,55.8,57.16,1,0.06033048270075336
SELECTED_SUPPORT,0,SH603179,2025-09-04,2025-09-05,2025-09-08,0.2443037974683544,1.0,C36,2025-09-05 13:40:00,2025-09-05 13:45:00,64.87,28,29,0.005598756373700775,0.009143558552629605,0.85,20,62.95,64.69,65.78,66.19,66.0,2,0.015386394788239999
SELECTED_SUPPORT,0,SZ000426,2025-09-26,2025-09-29,2025-09-30,0.3323956868260667,1.0,B09,2025-09-29 13:55:00,2025-09-29 14:00:00,31.24,27,29,0.007329165768484414,0.034921773388195465,1.0,10,33.0,33.49,33.23,33.13,33.26,1,0.0625332320640355
SELECTED_SUPPORT,0,SH601618,2025-09-30,2025-10-09,2025-10-10,0.11594202898550732,1.0,E48,2025-10-09 10:55:00,2025-10-09 11:00:00,4.23,7,14,0.0070119321550085045,0.01896274227792616,0.8571428571428571,14,4.01,4.28,4.2,4.14,4.15,1,-0.020872988630490807
SELECTED_SUPPORT,0,SH603077,2025-09-30,2025-10-09,2025-10-10,0.07216494845360821,1.0,C26,2025-10-09 13:05:00,2025-10-09 13:10:00,2.28,7,10,0.008334237655995613,0.01597209230818708,0.8235294117647058,34,2.32,2.32,2.29,2.28,2.26,2,-0.01075265236839651
SELECTED_SUPPORT,0,SH600021,2025-09-30,2025-10-09,2025-10-10,0.14254859611231097,3.0,D44,2025-10-09 13:35:00,2025-10-09 13:40:00,23.27,28,29,0.009005854051345352,0.024331476405572094,0.96875,32,23.52,23.5,23.85,23.71,23.3,3,-0.0007116136546102547
SELECTED_SUPPORT,0,SH600801,2025-10-24,2025-10-27,2025-10-28,0.15225878416062466,1.0,C30,2025-10-27 10:00:00,2025-10-27 10:05:00,22.72,0,1,0.005524861878453136,0.014194912780758684,0.8571428571428571,14,22.45,22.46,22.15,21.91,21.73,1,-0.045485123044699205
SELECTED_SUPPORT,0,SH600183,2025-10-24,2025-10-27,2025-10-28,0.03741798191168644,1.0,C39,2025-10-27 14:05:00,2025-10-27 14:10:00,64.35,23,24,0.006466053220591794,0.021163104061688642,0.8673469387755102,98,64.05,65.0,65.13,64.98,66.25,2,0.02746877804425263
SELECTED_SUPPORT,0,SH600021,2025-10-28,2025-10-29,2025-10-30,0.3936927772126144,4.0,D44,2025-10-29 10:40:00,2025-10-29 10:45:00,30.14,11,12,0.0006954102920722072,0.003864716364716414,0.625,32,29.6,30.43,31.28,31.2,30.16,1,-0.001336007034756781
SELECTED_SUPPORT,0,SH600089,2025-10-28,2025-10-29,2025-10-30,0.19192546583850922,1.0,C38,2025-10-29 14:25:00,2025-10-29 14:30:00,21.1,32,34,0.007482108002602406,0.04235463029432873,0.8387096774193549,31,20.67,20.96,20.95,20.92,20.89,2,-0.011930969890215692
SELECTED_SUPPORT,0,SH601179,2025-11-04,2025-11-05,2025-11-06,0.24849397590361444,2.0,C38,2025-11-05 14:25:00,2025-11-05 14:30:00,9.11,31,32,0.0026200873362445254,0.025292740046838347,0.8709677419354839,31,8.96,9.11,9.29,9.29,9.78,1,0.07140034079192104
SELECTED_SUPPORT,0,SH603179,2025-11-05,2025-11-06,2025-11-07,-0.11452312138728327,2.0,C36,2025-11-06 14:55:00,2025-11-06 15:00:00,80.88,37,38,0.006355932203389925,0.014502628258086792,0.9,20,77.01,77.5,77.57,77.05,76.32,1,-0.058265411981279436
SELECTED_SUPPORT,0,SH603225,2025-11-07,2025-11-10,2025-11-11,0.0,1.0,C28,2025-11-10 13:25:00,2025-11-10 13:30:00,18.56,25,27,0.006355932203389925,0.04380341880341887,0.8,5,18.05,17.9,17.8,17.9,18.07,1,-0.028346357580222525
SELECTED_SUPPORT,0,SH600685,2025-11-21,2025-11-24,2025-11-25,0.14787925105082134,2.0,C37,2025-11-24 10:50:00,2025-11-24 10:55:00,33.04,1,13,0.0007733952049497894,0.021734557098707863,0.7857142857142857,14,32.29,33.3,34.19,33.74,33.03,1,-0.002300309702641834
SELECTED_SUPPORT,0,SH601399,2025-12-18,2025-12-19,2025-12-22,0.5535714285714286,7.0,C35,2025-12-19 09:55:00,2025-12-19 10:00:00,5.74,0,1,0.002614379084967311,0.004399919258718077,0.71875,32,5.75,5.61,5.58,5.49,5.53,1,-0.03851051016941276
SELECTED_SUPPORT,0,SH601106,2025-12-19,2025-12-22,2025-12-23,0.25986842105263164,5.0,C35,2025-12-22 09:50:00,2025-12-22 09:55:00,4.21,0,2,0.0010768899418478473,0.0030292303487295946,0.53125,32,4.2,4.19,4.21,4.15,4.12,1,-0.023333205314754912
SELECTED_SUPPORT,0,SH600487,2025-12-19,2025-12-22,2025-12-23,0.25184404636459434,1.0,C38,2025-12-22 10:05:00,2025-12-22 10:10:00,26.14,1,5,0.0020920502092049986,0.01105769230769238,0.7741935483870968,31,25.92,26.26,26.38,26.51,26.31,2,0.004492196425433415
SELECTED_SUPPORT,0,SH601212,2025-12-19,2025-12-22,2025-12-23,0.12608695652173907,1.0,C32,2025-12-22 10:30:00,2025-12-22 10:35:00,5.7,7,10,0.003303445021236362,0.014970345609153335,0.9166666666666666,24,5.96,5.84,5.83,5.85,5.77,3,0.010257910767141887
SELECTED_SUPPORT,0,SZ002202,2026-01-08,2026-01-09,2026-01-12,0.8627325208466965,7.0,C34,2026-01-09 13:10:00,2026-01-09 13:15:00,31.93,0,23,0.0023474178403755097,0.03002391285094319,1.0,9,33.99,34.81,34.59,34.47,35.11,1,0.09739559678095566
SELECTED_SUPPORT,0,SH601698,2026-01-09,2026-01-12,2026-01-13,1.12679114198871,6.0,I63,2026-01-12 13:10:00,2026-01-12 13:15:00,53.88,19,20,0.00417319749216305,0.015316974476032419,1.0,6,53.87,48.49,48.49,48.49,48.49,1,-0.10183547130646997
SELECTED_SUPPORT,0,SZ002945,2026-01-13,2026-01-14,2026-01-15,0.287074829931973,4.0,J67,2026-01-14 10:40:00,2026-01-14 10:45:00,20.81,11,12,0.010139416983523386,0.013998250218722585,1.0,45,18.63,18.7,18.57,19.21,18.84,1,-0.0964751105241044
SELECTED_SUPPORT,0,SH601106,2026-01-13,2026-01-14,2026-01-15,0.5424164524421593,6.0,C35,2026-01-14 10:45:00,2026-01-14 10:50:00,6.59,5,7,0.009980430528375717,0.01627273844052024,0.8125,32,6.44,5.99,5.95,5.97,5.94,2,-0.10043544936385684
SELECTED_SUPPORT,0,SH600312,2026-01-16,2026-01-19,2026-01-20,0.15522054718034628,1.0,C38,2026-01-19 09:55:00,2026-01-19 10:00:00,22.76,1,2,0.0037230706323052587,0.011115173348551832,0.78125,32,22.94,23.32,23.33,22.75,23.04,1,0.010279450594609552
SELECTED_SUPPORT,0,SH600316,2026-01-16,2026-01-19,2026-01-20,0.281547033759423,1.0,C37,2026-01-19 13:50:00,2026-01-19 13:55:00,43.0,27,31,0.0029952579940067947,0.039735099337748325,1.0,19,41.6,42.28,41.68,41.3,41.06,2,-0.04702437647912838
SELECTED_SUPPORT,0,SH601216,2026-01-16,2026-01-19,2026-01-20,0.11578947368421044,2.0,C26,2026-01-19 14:20:00,2026-01-19 14:25:00,5.81,37,38,0.0037849033628993833,0.026924444687602356,0.90625,32,5.73,5.73,5.71,5.76,5.82,3,-0.00028051999662404015
SELECTED_SUPPORT,0,SH601212,2026-01-19,2026-01-20,2026-01-21,0.3563218390804599,2.0,C32,2026-01-20 14:00:00,2026-01-20 14:05:00,7.78,33,34,0.0006405042075349199,0.0014792899408284654,0.5652173913043478,23,7.95,8.18,8.18,8.19,8.45,1,0.08394791497773246
SELECTED_SUPPORT,0,SH600489,2026-01-27,2026-01-28,2026-01-29,0.46245733788395893,1.0,B09,2026-01-28 13:50:00,2026-01-28 13:55:00,37.71,24,27,0.0020345879959307034,0.08488068881331823,1.0,10,39.99,41.47,40.56,40.2,40.13,1,0.062047472418060856
SELECTED_SUPPORT,0,SH600392,2026-02-06,2026-02-09,2026-02-10,0.0542735042735043,1.0,C32,2026-02-09 09:50:00,2026-02-09 09:55:00,27.14,1,2,0.006535947712418277,0.00853374709076804,0.8260869565217391,23,27.5,27.78,27.88,27.58,28.07,1,0.03220004026130607
SELECTED_SUPPORT,0,SH601212,2026-02-13,2026-02-24,2026-02-25,0.30082417582417587,8.0,C32,2026-02-24 10:05:00,2026-02-24 10:10:00,10.41,1,5,0.0077605321507761005,0.02810304449648715,0.8695652173913043,23,10.65,10.69,10.94,10.76,10.62,1,0.018134349060747956
SELECTED_SUPPORT,0,SZ002916,2026-02-13,2026-02-24,2026-02-25,0.010057594773489331,1.0,C39,2026-02-24 10:30:00,2026-02-24 10:35:00,258.5,8,9,0.009708737864077666,0.015521099829481466,0.89,100,260.0,267.17,263.12,263.4,260.6,2,0.006109306666395087
SELECTED_SUPPORT,0,SH601872,2026-02-13,2026-02-24,2026-02-25,0.08645276292335113,1.0,G55,2026-02-24 10:50:00,2026-02-24 10:55:00,13.41,0,14,0.010000000000000009,0.020648967551622377,1.0,13,13.99,14.75,14.75,14.75,14.75,3,0.0977275016283854
SELECTED_SUPPORT,0,SH600026,2026-03-23,2026-03-24,2026-03-25,0.38761061946902653,6.0,G55,2026-03-24 11:30:00,2026-03-24 13:05:00,25.87,19,20,0.010146853989767779,0.02784810126582271,1.0,13,26.7,25.66,26.48,26.97,26.69,1,0.02963535675134521
SELECTED_SUPPORT,0,SH601016,2026-03-23,2026-03-24,2026-03-25,0.43870967741935485,4.0,D44,2026-03-24 13:20:00,2026-03-24 13:25:00,4.9,21,24,0.007113221230878208,0.026497299950908215,1.0,32,4.98,5.07,5.23,5.3,5.4,2,0.09983866209502446
SELECTED_SUPPORT,0,SZ000539,2026-03-24,2026-03-25,2026-03-26,0.3921971252566736,4.0,D44,2026-03-25 10:05:00,2026-03-25 10:10:00,7.46,4,5,0.01152767675376476,0.02166111920116509,0.9375,32,7.68,7.16,7.16,7.16,7.12,1,-0.047483585463925615
SELECTED_SUPPORT,0,SZ000967,2026-03-31,2026-04-01,2026-04-02,0.04802955665024644,1.0,C35,2026-04-01 11:20:00,2026-04-01 11:25:00,9.36,0,1,0.011803506335705594,0.018968583283936136,0.8484848484848485,33,9.03,9.42,9.46,9.54,9.64,1,0.02785650211143942
SELECTED_SUPPORT,0,SH600875,2026-04-15,2026-04-16,2026-04-17,0.01648936170212756,2.0,C34,2026-04-16 13:15:00,2026-04-16 13:20:00,42.03,24,25,0.000932482744948615,0.006573008590299745,0.8,10,42.5,41.96,42.09,42.1,41.53,1,-0.013870743911530536
SELECTED_SUPPORT,0,SZ002475,2026-04-17,2026-04-20,2026-04-21,0.2437552039966695,1.0,C39,2026-04-20 14:15:00,2026-04-20 14:20:00,65.73,26,28,0.0006270575325286742,0.009284830666054011,0.68,100,64.86,64.66,63.7,64.13,63.89,1,-0.02993561935716116
SELECTED_SUPPORT,0,SZ002353,2026-04-30,2026-05-06,2026-05-07,0.36440593566377855,3.0,C35,2026-05-06 13:45:00,2026-05-06 13:50:00,150.56,8,9,0.010924981791696986,0.015368852459016313,0.8484848484848485,33,149.96,146.54,145.93,145.8,146.85,1,-0.026590350481158764
SELECTED_SUPPORT,0,SZ000967,2026-04-30,2026-05-06,2026-05-07,0.48793859649122817,4.0,C35,2026-05-06 13:50:00,2026-05-06 13:55:00,14.93,15,16,0.011191573403555033,0.015389197776012775,0.8787878787878788,33,15.23,15.09,15.09,15.36,15.25,2,0.019392275372115853
SELECTED_SUPPORT,0,SZ002080,2026-04-30,2026-05-06,2026-05-07,0.3400534369686665,1.0,C30,2026-05-06 14:15:00,2026-05-06 14:20:00,60.68,2,37,0.008306247742867479,0.03246367184650889,0.75,12,62.95,61.46,61.63,61.03,60.99,3,0.0031003076422773113
SELECTED_SUPPORT,0,SZ001389,2026-05-08,2026-05-11,2026-05-12,0.5148861646234675,4.0,C39,2026-05-11 14:00:00,2026-05-11 14:05:00,190.29,29,33,0.0032767967366217343,0.020917832130404546,0.72,100,194.3,188.88,187.71,188.05,187.36,1,-0.017365033995279222
SELECTED_SUPPORT,0,SZ002008,2026-05-08,2026-05-11,2026-05-12,0.896519577377253,6.0,C35,2026-05-11 14:15:00,2026-05-11 14:20:00,134.26,31,34,0.0063455949137147805,0.010882502975684494,0.7272727272727273,33,134.2,131.45,129.8,129.7,131.76,2,-0.020581629375233557
SELECTED_SUPPORT,0,SZ003031,2026-05-08,2026-05-11,2026-05-12,0.5283142389525366,1.0,C39,2026-05-11 14:15:00,2026-05-11 14:20:00,154.06,12,13,0.0063455949137147805,0.023063116664460592,0.8,100,156.66,153.6,152.5,150.01,150.47,3,-0.0252542959709684
SELECTED_SUPPORT,0,SH600863,2026-05-28,2026-05-29,2026-06-01,0.45614035087719307,4.0,D44,2026-05-29 13:25:00,2026-05-29 13:30:00,7.28,7,27,0.009397515788050592,0.0344029513103401,1.0,32,7.66,7.39,7.07,7.01,7.47,1,0.024048497880143183
SELECTED_SUPPORT,0,SZ000539,2026-05-29,2026-06-01,2026-06-02,0.221458046767538,3.0,D44,2026-06-01 10:05:00,2026-06-01 10:10:00,9.77,0,1,0.00402636438871995,0.0087915909881362,0.71875,32,9.68,8.98,8.99,8.93,9.02,1,-0.07861046310936926
SELECTED_SUPPORT,0,SH603688,2026-06-08,2026-06-09,2026-06-10,0.019969969969970247,1.0,C30,2026-06-09 14:15:00,2026-06-09 14:20:00,74.71,26,30,0.0035550246539000074,0.008874937588499665,0.5833333333333334,12,75.07,74.78,73.45,72.7,74.08,1,-0.010414006674704379
SELECTED_SUPPORT,0,SZ000960,2026-06-11,2026-06-12,2026-06-15,-0.10431654676258995,1.0,C32,2026-06-12 13:45:00,2026-06-12 13:50:00,38.33,13,25,0.016601844221975304,0.04937076476282676,0.9565217391304348,23,38.88,40.02,40.45,40.49,40.1,1,0.04408740235890751
SELECTED_SUPPORT,0,SH600563,2026-06-12,2026-06-15,2026-06-16,0.06740314995894603,3.0,C39,2026-06-15 10:30:00,2026-06-15 10:35:00,157.3,9,10,0.010029649740844193,0.03305793442957772,0.89,100,161.0,168.0,166.58,164.58,165.79,1,0.05186719616302571
SELECTED_SUPPORT,0,SZ002384,2026-06-12,2026-06-15,2026-06-16,0.06983034177526437,2.0,C39,2026-06-15 13:25:00,2026-06-15 13:30:00,239.31,23,26,0.007680132909308024,0.04277689034457777,0.87,100,244.0,241.52,242.8,239.0,239.31,2,-0.001998251061922085
SELECTED_SUPPORT,0,SH600362,2026-06-12,2026-06-15,2026-06-16,-0.07159801595859394,2.0,C32,2026-06-15 13:50:00,2026-06-15 13:55:00,47.34,31,32,0.011305134006759587,0.022556390977443552,0.782608695652174,23,47.32,47.32,47.58,47.4,47.91,3,0.01001824654886585
SELECTED_SUPPORT,0,SZ002126,2026-07-03,2026-07-06,2026-07-07,0.048059877880638036,1.0,C36,2026-07-06 13:05:00,2026-07-06 13:10:00,58.53,4,6,0.0011834319526629056,0.006310444793055869,0.6666666666666666,24,55.21,55.38,56.02,56.08,54.97,1,-0.06270021973131479
SELECTED_SUPPORT,0,SZ000021,2026-07-09,2026-07-10,2026-07-13,0.45850622406638997,4.0,C39,2026-07-10 10:20:00,2026-07-10 10:25:00,61.86,1,6,0.0065924597687175845,0.008474374749114388,0.65,100,56.88,57.3,57.25,57.65,55.82,1,-0.09944297404262037
CONTROL_UNSUPPORTED,0,SH600085,2021-05-17,2021-05-18,2021-05-19,0.14325259515570932,1.0,C27,2021-05-18 14:00:00,2021-05-18 14:05:00,36.32,32,33,0.0010207426136630282,-0.004263997033741029,0.32727272727272727,55,35.8,35.83,35.85,36.17,36.0,1,-0.011286193635629105
CONTROL_UNSUPPORTED,0,SZ000066,2021-05-18,2021-05-19,2021-05-20,0.11032863849765251,1.0,C39,2021-05-19 11:15:00,2021-05-19 11:20:00,15.6,11,12,-0.006071619472748535,0.0,0.48148148148148145,81,15.62,15.52,15.2,15.23,15.27,1,-0.023598638215739154
CONTROL_UNSUPPORTED,0,SH601377,2021-05-25,2021-05-26,2021-05-27,0.017524644030668002,1.0,J67,2021-05-26 10:00:00,2021-05-26 10:05:00,10.22,1,4,0.0,0.005869405722670695,0.7560975609756098,41,10.1,9.93,10.06,10.07,10.16,1,-0.008353804786137786
CONTROL_UNSUPPORTED,0,SZ300223,2021-05-26,2021-05-27,2021-05-28,0.015671641791044744,1.0,C39,2021-05-27 13:35:00,2021-05-27 13:40:00,81.66,24,28,0.0,0.017073170731707332,0.8765432098765432,81,81.3,80.19,78.89,80.75,81.47,1,-0.004818535737736274
CONTROL_UNSUPPORTED,0,SH601901,2021-05-27,2021-05-28,2021-05-31,-0.014721345951629883,1.0,J67,2021-05-28 14:10:00,2021-05-28 14:15:00,10.3,20,36,-0.005993433625012534,0.004004004004003914,0.6585365853658537,41,10.29,10.33,10.42,10.5,10.48,1,0.014934453846206841
CONTROL_UNSUPPORTED,0,SH601377,2021-05-27,2021-05-28,2021-05-31,0.1577752553916003,2.0,J67,2021-05-28 14:40:00,2021-05-28 14:45:00,11.21,18,38,-0.00705886260962002,0.0031595576619272148,0.6097560975609756,41,11.19,11.21,11.21,11.25,11.22,2,-0.0016077938421364957
CONTROL_UNSUPPORTED,0,SH600704,2021-05-28,2021-05-31,2021-06-01,0.46593406593406606,3.0,F51,2021-05-31 11:25:00,2021-05-31 11:30:00,7.33,11,12,-0.0027193906790157762,0.010752688172043001,0.7692307692307693,13,7.09,7.58,7.71,7.55,7.41,1,0.008389166149048277
CONTROL_UNSUPPORTED,0,SH603888,2021-05-31,2021-06-01,2021-06-02,0.26086956521739135,3.0,I64,2021-06-01 14:00:00,2021-06-01 14:05:00,26.47,22,33,-0.0013314995410974029,0.0028877887788778533,0.6,15,25.83,25.26,24.73,24.74,24.33,1,-0.08314194378409978
CONTROL_UNSUPPORTED,0,SH600869,2021-06-01,2021-06-02,2021-06-03,0.05494505494505497,1.0,C38,2021-06-02 14:35:00,2021-06-02 14:40:00,4.22,7,12,-0.008984375000000044,-0.007537688442211032,0.22857142857142856,35,4.08,4.09,4.11,4.13,4.17,1,-0.014316374969510437
CONTROL_UNSUPPORTED,0,SH600827,2021-06-02,2021-06-03,2021-06-04,-0.01653611836379454,2.0,F52,2021-06-03 13:50:00,2021-06-03 13:55:00,24.86,28,31,0.0031347962382446415,-0.0014588595823720185,0.42857142857142855,14,23.28,23.04,22.76,22.8,21.9,1,-0.12126701607594559
CONTROL_UNSUPPORTED,0,SH600171,2021-06-03,2021-06-04,2021-06-07,0.07134502923976593,1.0,C39,2021-06-04 14:25:00,2021-06-04 14:30:00,20.12,25,39,-0.0018115942028985588,0.003355704697986628,0.5925925925925926,81,21.0,22.17,22.17,22.17,22.17,1,0.0991365616901414
CONTROL_UNSUPPORTED,0,SH603650,2021-06-04,2021-06-07,2021-06-08,0.4126984126984128,3.0,C26,2021-06-07 09:45:00,2021-06-07 09:50:00,48.95,0,1,0.0,0.00844076594338683,0.6764705882352942,34,44.8,45.0,44.43,45.5,45.1,1,-0.08095286933001733
CONTROL_UNSUPPORTED,0,SH600460,2021-06-04,2021-06-07,2021-06-08,0.17711171662125347,1.0,C39,2021-06-07 10:40:00,2021-06-07 10:45:00,42.77,5,6,0.0,0.01739130434782621,0.8518518518518519,81,42.76,42.78,43.07,43.06,43.44,2,0.01312843362713223
CONTROL_UNSUPPORTED,0,SH600639,2021-06-07,2021-06-08,2021-06-09,0.11428571428571432,2.0,K70,2021-06-08 14:00:00,2021-06-08 14:05:00,14.58,14,17,-0.003663003663003539,0.0017574692442881013,0.5806451612903226,31,14.01,13.9,13.85,13.95,13.88,1,-0.05038868692558873
CONTROL_UNSUPPORTED,0,SZ000009,2021-06-09,2021-06-10,2021-06-11,0.2865731462925851,2.0,S91,2021-06-10 10:15:00,2021-06-10 10:20:00,14.12,3,6,0.0,0.047651254303984314,0.5,2,14.5,14.12,14.31,14.15,14.2,1,0.003153945053482321
CONTROL_UNSUPPORTED,0,SH601969,2021-06-10,2021-06-11,2021-06-15,0.09495896834701067,2.0,B08,2021-06-11 14:05:00,2021-06-11 14:10:00,10.26,23,33,-0.006906077348066253,0.09850107066381164,1.0,1,10.23,10.6,10.64,10.29,10.15,1,-0.013192096359614824
CONTROL_UNSUPPORTED,0,SH601919,2021-06-16,2021-06-17,2021-06-18,0.1234679981842941,2.0,G55,2021-06-17 10:40:00,2021-06-17 10:45:00,27.22,10,11,0.0,0.008333333333333304,0.8461538461538461,13,26.7,26.92,26.94,27.08,27.3,1,0.00043404839915806015
CONTROL_UNSUPPORTED,0,SH603650,2021-06-16,2021-06-17,2021-06-18,0.26865671641791056,4.0,C26,2021-06-17 13:55:00,2021-06-17 14:00:00,43.95,31,32,0.0,-0.002902602521494546,0.3235294117647059,34,45.35,44.8,44.44,44.94,44.46,2,0.009077486398979095
CONTROL_UNSUPPORTED,0,SZ002174,2021-06-17,2021-06-18,2021-06-21,0.021451104100946417,3.0,I64,2021-06-18 13:20:00,2021-06-18 13:25:00,17.8,24,25,-0.0011918951132300348,0.0028074115665357446,0.5333333333333333,15,18.17,18.06,17.9,17.94,17.89,1,0.0025459248589014827
CONTROL_UNSUPPORTED,0,SH600704,2021-06-18,2021-06-21,2021-06-22,0.7509727626459146,9.0,F51,2021-06-21 09:45:00,2021-06-21 09:50:00,9.87,0,1,-0.0019930244145490716,-0.001335113484646211,0.3076923076923077,13,10.09,10.61,10.28,10.24,10.32,1,0.042981205152056834
CONTROL_UNSUPPORTED,0,SH603650,2021-06-18,2021-06-21,2021-06-22,0.4848289218850872,5.0,C26,2021-06-21 11:00:00,2021-06-21 11:05:00,50.6,15,16,0.0,0.0,0.4411764705882353,34,47.94,47.55,47.25,46.99,45.91,2,-0.0949538741332685
CONTROL_UNSUPPORTED,0,SH600418,2021-06-23,2021-06-24,2021-06-25,0.15128755364806867,3.0,C36,2021-06-24 13:25:00,2021-06-24 13:30:00,11.8,8,27,-0.003533613025671678,-0.004180362790328351,0.375,24,11.4,11.57,11.66,11.89,11.8,1,-0.0024976264679456017
CONTROL_UNSUPPORTED,0,SZ000009,2021-06-25,2021-06-28,2021-06-29,0.6917525773195878,3.0,S91,2021-06-28 13:15:00,2021-06-28 13:20:00,18.04,24,25,-0.0024953212726138707,0.046360873755392495,0.5,2,18.11,18.4,18.01,17.98,18.06,1,-0.0013917480050498199
CONTROL_UNSUPPORTED,0,SZ000718,2021-06-28,2021-06-29,2021-06-30,-0.3040604343720491,1.0,K70,2021-06-29 11:25:00,2021-06-29 11:30:00,8.11,14,21,-0.008130081300813052,-0.003780718336483968,0.25806451612903225,31,8.11,8.4,8.36,8.12,8.02,1,-0.013567319885687157
CONTROL_UNSUPPORTED,0,SH601969,2021-07-02,2021-07-05,2021-07-06,0.26539278131634814,3.0,B08,2021-07-05 11:05:00,2021-07-05 11:10:00,13.11,10,13,0.0,0.09983221476510074,1.0,1,13.29,13.73,13.68,13.41,13.55,1,0.03098071406249714
CONTROL_UNSUPPORTED,0,SH600884,2021-07-06,2021-07-07,2021-07-08,0.14127702362996475,1.0,C38,2021-07-07 13:40:00,2021-07-07 13:45:00,24.97,15,29,-0.002020202020201922,0.019048870204939394,0.6571428571428571,35,25.89,27.38,27.47,27.05,27.39,1,0.09417661237657082
CONTROL_UNSUPPORTED,0,SH600549,2021-07-06,2021-07-07,2021-07-08,0.01540616246498594,1.0,C32,2021-07-07 13:45:00,2021-07-07 13:50:00,23.91,27,28,-0.0012360939431396156,0.011970272541153348,0.6875,16,24.2,24.83,24.85,25.0,25.0,2,0.04297613292770208
CONTROL_UNSUPPORTED,0,SH600111,2021-07-07,2021-07-08,2021-07-09,0.16450417052826705,1.0,C32,2021-07-08 13:10:00,2021-07-08 13:15:00,27.63,1,15,-0.007497716253249964,0.006131093935790699,0.5625,16,27.2,27.16,27.58,27.66,27.95,1,0.009055061173395496
CONTROL_UNSUPPORTED,0,SZ000887,2021-07-12,2021-07-13,2021-07-14,0.08053691275167796,1.0,C29,2021-07-13 09:45:00,2021-07-13 09:50:00,14.16,0,1,-0.0012700578141741081,0.01391035548686248,0.8571428571428571,7,14.13,14.18,14.25,14.17,14.0,1,-0.01376883972819487
CONTROL_UNSUPPORTED,0,SH600338,2021-07-12,2021-07-13,2021-07-14,0.2978873239436619,1.0,B09,2021-07-13 10:05:00,2021-07-13 10:10:00,20.27,0,4,0.0,-0.0071752214783255,0.25,12,20.5,20.79,20.07,20.8,21.0,2,0.03342623799571487
CONTROL_UNSUPPORTED,0,SZ000012,2021-07-12,2021-07-13,2021-07-14,0.07584830339321358,1.0,C30,2021-07-13 11:20:00,2021-07-13 11:25:00,11.86,15,16,0.001750758934590646,0.0,0.47368421052631576,19,12.12,12.33,12.23,12.24,12.14,3,0.021052176617128104
CONTROL_UNSUPPORTED,0,SZ002074,2021-07-13,2021-07-14,2021-07-15,0.494918125352908,3.0,C38,2021-07-14 14:15:00,2021-07-14 14:20:00,58.25,26,37,-0.008032128514056214,-0.00687757909215958,0.2571428571428571,35,54.78,56.37,57.3,57.11,55.51,1,-0.04941876815855206
CONTROL_UNSUPPORTED,0,SZ002506,2021-07-15,2021-07-16,2021-07-19,0.13731343283582098,2.0,C39,2021-07-16 10:35:00,2021-07-16 10:40:00,4.18,6,8,-0.0009122087017012781,0.0026917900403768957,0.5432098765432098,81,4.08,4.15,4.08,4.02,4.01,1,-0.04306590481733541
CONTROL_UNSUPPORTED,0,SH600316,2021-07-15,2021-07-16,2021-07-19,0.018605870020964366,1.0,C37,2021-07-16 11:25:00,2021-07-16 11:30:00,42.68,18,19,0.0,0.04450801408081484,0.9285714285714286,14,42.47,42.38,41.4,40.46,40.83,2,-0.04573519420539418
CONTROL_UNSUPPORTED,0,SH600348,2021-07-15,2021-07-16,2021-07-19,0.08591549295774659,1.0,B06,2021-07-16 14:35:00,2021-07-16 14:40:00,8.46,39,41,-0.002019665052384767,0.010230179028132946,1.0,9,8.72,8.6,8.8,8.77,8.8,3,0.03759112140450105
CONTROL_UNSUPPORTED,0,SH600418,2021-07-20,2021-07-21,2021-07-22,0.7333333333333332,6.0,C36,2021-07-21 10:40:00,2021-07-21 10:45:00,18.58,8,9,0.0,0.010915501286640983,0.7083333333333334,24,19.31,19.92,19.5,19.47,19.69,1,0.0570948188830005
CONTROL_UNSUPPORTED,0,SH600010,2021-07-20,2021-07-21,2021-07-22,0.3694267515923566,5.0,C31,2021-07-21 11:20:00,2021-07-21 11:25:00,2.35,16,20,0.0,0.002958290548139453,0.55,20,2.42,2.45,2.41,2.48,2.51,2,0.06541742875125767
CONTROL_UNSUPPORTED,0,SZ000723,2021-07-20,2021-07-21,2021-07-22,0.26647144948755486,2.0,C25,2021-07-21 14:15:00,2021-07-21 14:20:00,9.51,23,24,0.0015963410283851287,0.09942196531791891,1.0,1,9.33,9.6,9.61,9.34,9.54,3,0.0006490687166980091
CONTROL_UNSUPPORTED,0,SH603893,2021-07-21,2021-07-22,2021-07-23,0.047728700020933656,1.0,C39,2021-07-22 13:15:00,2021-07-22 13:20:00,165.17,7,8,0.0028293128011397384,0.00042016806722688926,0.5061728395061729,81,162.69,171.17,170.38,172.0,179.69,1,0.0851922352725969
CONTROL_UNSUPPORTED,0,SH600348,2021-07-22,2021-07-23,2021-07-26,0.3522561863173215,2.0,B06,2021-07-23 10:15:00,2021-07-23 10:20:00,10.21,0,1,-0.005971797780078114,0.03141361256544495,1.0,9,10.54,10.92,10.92,10.92,10.92,1,0.06686835641234401
CONTROL_UNSUPPORTED,0,SZ000959,2021-07-22,2021-07-23,2021-07-26,0.1871559633027522,2.0,C31,2021-07-23 13:10:00,2021-07-23 13:15:00,7.11,0,24,-0.00998347162351848,0.011448830869245974,0.8,20,7.14,7.08,7.08,7.15,7.05,2,-0.010915368016739535
CONTROL_UNSUPPORTED,0,SH601106,2021-07-22,2021-07-23,2021-07-26,0.2872340425531916,6.0,C35,2021-07-23 13:20:00,2021-07-23 13:25:00,3.98,7,22,-0.009086512944506686,-0.012681729957731258,0.25,28,4.0,3.8,3.77,3.8,3.8,3,-0.04761079914024957
CONTROL_UNSUPPORTED,0,SZ000630,2021-07-26,2021-07-27,2021-07-28,0.30797101449275366,1.0,C32,2021-07-27 10:50:00,2021-07-27 10:55:00,3.96,3,9,-0.001468428781204123,0.003601050532034966,0.625,16,3.49,3.5,3.4,3.41,3.36,1,-0.15363434973037815
CONTROL_UNSUPPORTED,0,SZ000009,2021-07-28,2021-07-29,2021-07-30,0.054734537493158264,2.0,S91,2021-07-29 11:00:00,2021-07-29 11:05:00,21.2,1,10,0.004662004662004504,0.06516838446350137,1.0,2,21.42,22.9,22.42,22.63,21.73,1,0.022439932870355728
CONTROL_UNSUPPORTED,0,SH601877,2021-07-29,2021-07-30,2021-08-02,0.18243243243243246,3.0,C38,2021-07-30 09:45:00,2021-07-30 09:50:00,42.31,0,1,-0.00899742930591263,0.005308560053085554,0.5714285714285714,35,44.98,45.57,45.16,44.51,44.52,1,0.04960542825920711
CONTROL_UNSUPPORTED,0,SZ000959,2021-07-29,2021-07-30,2021-08-02,0.16878402903811263,3.0,C31,2021-07-30 13:20:00,2021-07-30 13:25:00,7.07,25,26,-0.007377049180327888,0.03742107012296447,1.0,20,6.7,6.55,6.53,6.5,6.47,2,-0.08715129324577209
CONTROL_UNSUPPORTED,0,SH603806,2021-07-29,2021-07-30,2021-08-02,0.17229437229437217,3.0,C29,2021-07-30 13:30:00,2021-07-30 13:35:00,134.05,8,26,-0.00870322019147085,0.0052631578947368585,0.5714285714285714,7,134.03,136.88,138.28,134.11,135.82,3,0.010673423149001104
CONTROL_UNSUPPORTED,0,SZ002396,2021-07-30,2021-08-02,2021-08-03,0.2990654205607477,1.0,C39,2021-08-02 10:00:00,2021-08-02 10:05:00,30.58,2,3,-0.006983895345807123,0.005807363463091075,0.6282051282051282,78,31.3,31.45,31.19,31.45,30.89,1,0.007614398901411468
CONTROL_UNSUPPORTED,0,SH601877,2021-08-03,2021-08-04,2021-08-05,0.39646302250803855,4.0,C38,2021-08-04 13:20:00,2021-08-04 13:25:00,47.77,7,8,-0.0032087102384406596,0.021593211752786168,0.6944444444444444,36,48.9,50.2,49.64,49.55,49.17,1,0.026736271856209193
CONTROL_UNSUPPORTED,0,SZ002074,2021-08-03,2021-08-04,2021-08-05,0.20674418604651157,3.0,C38,2021-08-04 13:35:00,2021-08-04 13:40:00,57.08,28,29,-0.0024420060826524925,0.02582333108563728,0.6944444444444444,36,61.0,62.6,62.5,62.79,62.79,2,0.0972875619144653
CONTROL_UNSUPPORTED,0,SH600782,2021-08-03,2021-08-04,2021-08-05,0.1785714285714286,2.0,C31,2021-08-04 13:55:00,2021-08-04 14:00:00,7.25,31,32,-0.00018378974453220343,0.031198166739415112,1.0,20,7.22,7.33,7.23,7.22,7.15,3,-0.016256279895974002
CONTROL_UNSUPPORTED,0,SZ000998,2021-08-04,2021-08-05,2021-08-06,0.2336165048543688,1.0,A01,2021-08-05 13:40:00,2021-08-05 13:45:00,22.35,29,30,-0.0057550444166038495,0.02012987012987022,1.0,3,22.3,22.65,22.4,22.38,22.74,1,0.014908455217848227
CONTROL_UNSUPPORTED,0,SZ000009,2021-08-04,2021-08-05,2021-08-06,0.22881813275769014,5.0,S91,2021-08-05 13:55:00,2021-08-05 14:00:00,25.04,28,33,-0.0067587243883173165,0.05067001220571876,1.0,2,27.0,27.36,26.92,26.63,27.2,2,0.08354890415622518
CONTROL_UNSUPPORTED,0,SZ000629,2021-08-05,2021-08-06,2021-08-09,0.18181818181818188,2.0,C32,2021-08-06 10:20:00,2021-08-06 10:25:00,2.99,7,8,-0.004271428408533728,0.029898625225332265,1.0,16,3.11,3.07,3.08,3.01,3.0,1,0.0008385018716261516
CONTROL_UNSUPPORTED,0,SZ000009,2021-08-05,2021-08-06,2021-08-09,0.22914622178606492,5.0,S91,2021-08-06 10:25:00,2021-08-06 10:30:00,27.56,0,1,-0.003980198019801873,0.06504996651215844,1.0,2,26.9,25.5,25.38,24.96,25.03,2,-0.09406805480742664
CONTROL_UNSUPPORTED,0,SZ000723,2021-08-06,2021-08-09,2021-08-10,0.4672897196261683,4.0,C25,2021-08-09 10:50:00,2021-08-09 10:55:00,12.08,0,7,0.010882708585247869,0.0991810737033667,1.0,1,11.92,12.52,12.66,12.44,12.58,1,0.038789723429904166
CONTROL_UNSUPPORTED,0,SH601139,2021-08-09,2021-08-10,2021-08-11,0.4186746987951808,4.0,D45,2021-08-10 14:00:00,2021-08-10 14:05:00,10.36,20,34,0.0008244023083263663,-0.01856435643564358,0.2,5,10.05,10.5,10.22,10.1,9.89,1,-0.047751112525866835
CONTROL_UNSUPPORTED,0,SH600039,2021-08-10,2021-08-11,2021-08-12,0.08641975308641969,1.0,E48,2021-08-11 13:40:00,2021-08-11 13:45:00,7.73,18,28,-0.0005952380952382041,0.010385756676557722,0.7333333333333333,15,7.81,7.75,7.71,7.74,7.65,1,-0.012821066297514228
CONTROL_UNSUPPORTED,0,SH601699,2021-08-10,2021-08-11,2021-08-12,0.057755775577557955,1.0,B06,2021-08-11 13:45:00,2021-08-11 13:50:00,14.09,29,31,0.0,0.039951365613184575,1.0,8,14.1,14.4,14.7,14.65,14.63,2,0.03573170509396428
CONTROL_UNSUPPORTED,0,SH600522,2021-08-11,2021-08-12,2021-08-13,-0.14384236453201982,1.0,C38,2021-08-12 11:00:00,2021-08-12 11:05:00,9.55,0,15,-0.003695141707774352,-0.011714173542388462,0.3333333333333333,36,9.6,9.51,9.51,9.54,9.45,1,-0.012942677499695021
CONTROL_UNSUPPORTED,0,SZ002601,2021-08-12,2021-08-13,2021-08-16,0.04072259644825493,1.0,C26,2021-08-13 10:25:00,2021-08-13 10:30:00,37.37,5,8,0.0,0.0028768699654775354,0.5757575757575758,33,36.05,36.79,36.02,35.79,35.0,1,-0.06575908285732146
CONTROL_UNSUPPORTED,0,SH603260,2021-08-12,2021-08-13,2021-08-16,0.3255627928236773,1.0,C26,2021-08-13 10:45:00,2021-08-13 10:50:00,127.6,10,13,-0.0015451608371962466,0.000779423226812126,0.5151515151515151,33,131.16,129.12,128.0,130.63,129.28,2,0.010635633622445129
CONTROL_UNSUPPORTED,0,SH601117,2021-08-12,2021-08-13,2021-08-16,0.153933865450399,1.0,E48,2021-08-13 11:30:00,2021-08-13 13:05:00,11.11,12,22,-0.0037617554858933033,-0.005649717514124131,0.2,15,11.1,10.96,11.0,11.04,10.89,3,-0.02225014871610509
CONTROL_UNSUPPORTED,0,SZ000723,2021-08-13,2021-08-16,2021-08-17,0.720569210866753,7.0,C25,2021-08-16 13:45:00,2021-08-16 13:50:00,14.63,29,30,0.003730569948186435,0.10000000000000009,1.0,1,14.63,14.2,14.03,14.3,13.88,1,-0.053634111782302374
CONTROL_UNSUPPORTED,0,SH601555,2021-08-16,2021-08-17,2021-08-18,0.0884520884520883,1.0,J67,2021-08-17 13:40:00,2021-08-17 13:45:00,9.74,2,29,-0.010619469026548756,0.006195786864931607,0.8536585365853658,41,9.03,9.29,9.33,9.49,9.61,1,-0.01581131317833251
CONTROL_UNSUPPORTED,0,SH603260,2021-08-17,2021-08-18,2021-08-19,0.3951219512195121,2.0,C26,2021-08-18 11:30:00,2021-08-18 13:05:00,135.27,10,18,0.0,0.0009094216078575634,0.5151515151515151,33,133.8,134.2,135.15,135.01,133.23,1,-0.017540909102716107
CONTROL_UNSUPPORTED,0,SH600875,2021-08-17,2021-08-18,2021-08-19,0.2722371967654986,1.0,C34,2021-08-18 14:35:00,2021-08-18 14:40:00,15.56,3,23,0.004662525879917112,0.0005561735261401246,0.5555555555555556,9,16.0,15.45,15.1,15.0,15.11,2,-0.031345702823307175
CONTROL_UNSUPPORTED,0,SH600958,2021-08-18,2021-08-19,2021-08-20,0.41514598540145964,5.0,J67,2021-08-19 11:05:00,2021-08-19 11:10:00,17.05,0,12,-0.008294273580319311,-0.015544041450777257,0.17073170731707318,41,16.13,16.37,16.05,15.84,16.39,1,-0.04111062157241252
CONTROL_UNSUPPORTED,0,SH600038,2021-08-18,2021-08-19,2021-08-20,0.16768642447418736,1.0,C37,2021-08-19 11:10:00,2021-08-19 11:15:00,67.17,17,18,-0.007635067387958772,0.019396378269617598,0.8,15,66.87,67.07,67.41,66.46,66.99,2,-0.00517070116253826
CONTROL_UNSUPPORTED,0,SZ000739,2021-08-18,2021-08-19,2021-08-20,0.025261030650050476,1.0,C27,2021-08-19 13:05:00,2021-08-19 13:10:00,33.46,1,2,-0.007024737675323689,-0.0007329884579130863,0.44642857142857145,56,33.55,33.36,33.57,33.03,33.44,3,-0.003093862196297259
CONTROL_UNSUPPORTED,0,SZ002155,2021-08-19,2021-08-20,2021-08-23,0.531400966183575,4.0,B09,2021-08-20 10:30:00,2021-08-20 10:35:00,13.95,8,10,-0.00471049818510727,-0.007407407407407307,0.36363636363636365,11,14.19,14.61,14.53,14.93,14.6,1,0.04398097875039375
CONTROL_UNSUPPORTED,0,SZ002939,2021-08-19,2021-08-20,2021-08-23,0.20410256410256422,2.0,J67,2021-08-20 11:10:00,2021-08-20 11:15:00,12.91,5,7,-0.009017139883565894,0.00340136054421758,0.6341463414634146,41,13.41,13.54,13.35,13.08,12.79,2,-0.011769530792023697
CONTROL_UNSUPPORTED,0,SZ002268,2021-08-23,2021-08-24,2021-08-25,0.24462460345435333,1.0,I65,2021-08-24 13:05:00,2021-08-24 13:10:00,38.83,16,17,0.0020185108237806837,-0.004007947344030205,0.375,32,39.0,40.1,40.55,40.77,39.74,1,0.02087932846159779
CONTROL_UNSUPPORTED,0,SH600259,2021-08-24,2021-08-25,2021-08-26,0.12854082361342534,2.0,B09,2021-08-25 10:00:00,2021-08-25 10:05:00,52.15,2,3,-0.0023998130252665395,-0.005733944954128489,0.45454545454545453,11,53.49,52.52,53.0,52.87,52.24,1,-0.0007761458616583061
CONTROL_UNSUPPORTED,0,SH600808,2021-08-25,2021-08-26,2021-08-27,0.14130434782608714,1.0,C31,2021-08-26 10:00:00,2021-08-26 10:05:00,5.76,3,4,-0.0035338986326426958,0.02209037187888907,1.0,20,5.78,5.89,5.75,5.76,5.58,1,-0.0336695756408224
CONTROL_UNSUPPORTED,0,SH603260,2021-08-25,2021-08-26,2021-08-27,0.9616908850726553,5.0,C26,2021-08-26 14:00:00,2021-08-26 14:05:00,212.36,4,5,-0.004212940983330138,0.006284916201117374,0.5454545454545454,33,212.36,202.73,211.8,204.98,205.7,2,-0.03378113469794908
CONTROL_UNSUPPORTED,0,SH600010,2021-08-25,2021-08-26,2021-08-27,0.2592592592592593,4.0,C31,2021-08-26 14:10:00,2021-08-26 14:15:00,3.35,26,27,-0.0029052103903994264,0.03513501831581001,0.95,20,3.35,3.43,3.34,3.29,3.28,3,-0.0233409596462274
CONTROL_UNSUPPORTED,0,SH601238,2021-08-26,2021-08-27,2021-08-30,0.18007380073800738,1.0,C36,2021-08-27 13:30:00,2021-08-27 13:35:00,17.58,10,11,-0.0014705882352941124,0.027299502989586166,0.8333333333333334,24,17.22,17.14,17.1,17.36,17.43,1,-0.011008738870096124
CONTROL_UNSUPPORTED,0,SH601117,2021-08-26,2021-08-27,2021-08-30,0.29028571428571426,2.0,E48,2021-08-27 14:05:00,2021-08-27 14:10:00,12.41,34,35,-0.0014104372355430161,0.004444444444444251,0.5333333333333333,15,12.6,12.86,12.83,12.91,13.02,2,0.046533513568682405
CONTROL_UNSUPPORTED,0,SZ000519,2021-08-26,2021-08-27,2021-08-30,0.5028432168968318,4.0,C35,2021-08-27 14:10:00,2021-08-27 14:15:00,20.34,34,35,-0.0008291873963515162,0.0,0.48148148148148145,27,19.73,19.45,20.05,19.54,19.73,3,-0.032412889390981636
CONTROL_UNSUPPORTED,0,SH600312,2021-08-27,2021-08-30,2021-08-31,0.09355828220858897,1.0,C38,2021-08-30 11:05:00,2021-08-30 11:10:00,7.83,6,7,0.0,0.013203786746387669,0.6216216216216216,37,7.56,7.42,7.47,7.56,7.58,1,-0.03434636125504831
CONTROL_UNSUPPORTED,0,SH603806,2021-08-27,2021-08-30,2021-08-31,0.13308466989929113,1.0,C29,2021-08-30 11:05:00,2021-08-30 11:10:00,167.07,6,7,0.0,0.0034285714285713365,0.5714285714285714,7,160.0,155.55,152.7,153.8,148.19,2,-0.11522190259343301
CONTROL_UNSUPPORTED,0,SH601117,2021-08-27,2021-08-30,2021-08-31,0.42268041237113385,3.0,E48,2021-08-30 13:30:00,2021-08-30 13:35:00,13.65,26,27,0.0,-0.0019011406844106071,0.4,15,13.11,13.17,13.12,13.2,13.45,3,-0.01711304586035689
CONTROL_UNSUPPORTED,0,SH600765,2021-08-30,2021-08-31,2021-09-01,0.09024064171122981,0.0,C37,2021-08-31 10:15:00,2021-08-31 10:20:00,35.88,5,6,-0.0017849394736737523,0.010372771474878473,0.6666666666666666,15,35.88,36.54,35.34,35.93,37.2,1,0.03419978526734746
CONTROL_UNSUPPORTED,0,SH600673,2021-08-30,2021-08-31,2021-09-01,0.23407917383820998,1.0,S91,2021-08-31 10:55:00,2021-08-31 11:00:00,7.89,5,6,-0.003913723237931099,0.04428985614929637,0.5,2,8.22,8.45,8.45,8.45,8.45,2,0.06830102108312519
CONTROL_UNSUPPORTED,0,SH601717,2021-08-30,2021-08-31,2021-09-01,0.22199383350462498,1.0,C36,2021-08-31 11:00:00,2021-08-31 11:05:00,13.08,12,15,-0.0051291691540004125,-0.008100034551983382,0.4166666666666667,24,13.5,13.6,13.4,13.48,13.2,3,0.00665377145436663
CONTROL_UNSUPPORTED,0,SZ002797,2021-09-01,2021-09-02,2021-09-03,0.04068857589984365,1.0,J67,2021-09-02 09:45:00,2021-09-02 09:50:00,7.32,0,1,0.0,0.009478672985782088,0.9302325581395349,43,8.05,8.05,8.05,8.04,8.05,1,0.09698006925314706
CONTROL_UNSUPPORTED,0,SH600256,2021-09-01,2021-09-02,2021-09-03,0.39497716894977186,3.0,B07,2021-09-02 09:55:00,2021-09-02 10:00:00,6.7,2,3,0.0,0.0023419203747074846,0.6666666666666666,3,6.87,6.91,6.82,6.87,6.8,2,0.012390468659398524
CONTROL_UNSUPPORTED,0,SH601615,2021-09-01,2021-09-02,2021-09-03,0.0043062200956938135,1.0,C34,2021-09-02 10:20:00,2021-09-02 10:25:00,23.09,7,8,0.0,0.026966241484529085,0.8,10,24.45,25.36,25.27,25.4,25.4,3,0.09729581150776001
CONTROL_UNSUPPORTED,0,SH600673,2021-09-02,2021-09-03,2021-09-06,0.45514950166112955,3.0,S91,2021-09-03 10:05:00,2021-09-03 10:10:00,9.64,2,5,0.0043516133919103694,0.022855329013508063,0.5,2,9.9,9.29,9.1,9.45,9.06,1,-0.06251332943979127
CONTROL_UNSUPPORTED,0,SH600546,2021-09-08,2021-09-09,2021-09-10,0.6949806949806951,4.0,F51,2021-09-09 13:25:00,2021-09-09 13:30:00,14.48,16,17,0.0,0.015117157974300799,0.6923076923076923,13,14.02,14.06,14.19,14.14,14.2,1,-0.0217863463981236
CONTROL_UNSUPPORTED,0,SH600150,2021-09-08,2021-09-09,2021-09-10,0.5315052508751459,3.0,C37,2021-09-09 14:25:00,2021-09-09 14:30:00,28.88,23,24,0.0,0.017274472168905985,0.8666666666666667,15,28.7,28.0,28.06,28.11,28.25,2,-0.024257546666186514
CONTROL_UNSUPPORTED,0,SH601005,2021-09-08,2021-09-09,2021-09-10,0.23505976095617553,1.0,C31,2021-09-09 14:30:00,2021-09-09 14:35:00,3.4,27,28,0.0,0.08386075949367089,1.0,19,3.32,3.27,3.27,3.26,3.28,3,-0.03770359259260636
CONTROL_UNSUPPORTED,0,SH603260,2021-09-09,2021-09-10,2021-09-13,0.8189655172413792,6.0,C26,2021-09-10 14:20:00,2021-09-10 14:25:00,232.09,33,35,-0.0006377322785119377,-0.0024999999999999467,0.4864864864864865,37,225.1,216.99,216.94,216.98,209.98,1,-0.09752445863992099
CONTROL_UNSUPPORTED,0,SH600259,2021-09-10,2021-09-13,2021-09-14,0.24647302904564294,3.0,B09,2021-09-13 10:15:00,2021-09-13 10:20:00,66.08,3,4,0.0,0.021555081836286294,0.75,12,65.13,68.74,68.4,69.67,68.62,1,0.035844625783437944
CONTROL_UNSUPPORTED,0,SH601611,2021-09-10,2021-09-13,2021-09-14,0.36363636363636354,2.0,E48,2021-09-13 11:15:00,2021-09-13 11:20:00,10.73,13,15,0.0,0.01271186440677985,0.8,15,10.75,10.46,10.38,10.12,10.2,2,-0.05176847996020939
CONTROL_UNSUPPORTED,0,SH601600,2021-09-10,2021-09-13,2021-09-14,0.4761904761904763,3.0,C32,2021-09-13 11:30:00,2021-09-13 13:05:00,10.22,3,4,0.0,0.03061177494051126,0.625,16,9.85,9.94,9.92,9.84,9.99,3,-0.02494631002101544
CONTROL_UNSUPPORTED,0,SZ000009,2021-09-13,2021-09-14,2021-09-15,-0.13522679101314117,1.0,S91,2021-09-14 13:25:00,2021-09-14 13:30:00,22.44,16,27,-0.006354708261120723,0.05459652706843732,1.0,2,22.16,22.6,22.52,23.27,22.68,1,0.008170848115284901
CONTROL_UNSUPPORTED,0,SZ000739,2021-09-14,2021-09-15,2021-09-16,0.11344537815126055,1.0,C27,2021-09-15 11:10:00,2021-09-15 11:15:00,37.9,17,18,0.0,-0.006744266348775507,0.3392857142857143,56,36.27,36.83,37.25,37.6,38.0,1,0.00013430591604413067
CONTROL_UNSUPPORTED,0,SH601615,2021-09-14,2021-09-15,2021-09-16,0.24026696329254738,3.0,C34,2021-09-15 13:50:00,2021-09-15 13:55:00,24.52,28,29,-0.002123142250530785,0.008287585319367241,0.8,10,24.19,24.5,25.18,25.06,25.17,2,0.02394513628881767
CONTROL_UNSUPPORTED,0,SH600884,2021-09-14,2021-09-15,2021-09-16,0.25823223570190623,1.0,C38,2021-09-15 14:05:00,2021-09-15 14:10:00,39.92,31,35,-0.002175095160413254,0.017730496453900457,0.5675675675675675,37,39.29,38.65,39.09,38.69,38.7,3,-0.03298241844462668
CONTROL_UNSUPPORTED,0,SH600188,2021-09-15,2021-09-16,2021-09-17,0.9914057704112953,4.0,B06,2021-09-16 10:55:00,2021-09-16 11:00:00,35.68,6,12,0.0,0.03305785123966931,0.8888888888888888,9,33.48,34.98,35.39,35.86,36.48,1,0.019867897602279694
CONTROL_UNSUPPORTED,0,SH600875,2021-09-17,2021-09-22,2021-09-23,0.021608643457383003,2.0,C34,2021-09-22 10:30:00,2021-09-22 10:35:00,18.71,8,9,-0.010403760815702712,-0.0012881622179052865,0.4,10,19.5,19.06,19.45,19.72,19.44,1,0.03642149339728151
CONTROL_UNSUPPORTED,0,SH600025,2021-09-17,2021-09-22,2021-09-23,0.33149171270718236,1.0,D44,2021-09-22 13:15:00,2021-09-22 13:20:00,7.95,12,13,-0.0049677285626588685,0.09911225901148835,1.0,18,8.08,8.1,8.05,8.23,8.3,2,0.04141757236679888
CONTROL_UNSUPPORTED,0,SH600150,2021-09-17,2021-09-22,2021-09-23,0.42131147540983616,4.0,C37,2021-09-22 13:40:00,2021-09-22 13:45:00,28.58,22,27,-0.0028573527851025737,0.022012578616352085,0.9333333333333333,15,28.38,28.34,27.67,28.02,28.71,3,0.0020396481492399587
CONTROL_UNSUPPORTED,0,SH600956,2021-09-23,2021-09-24,2021-09-27,0.3737446197991392,3.0,D45,2021-09-24 14:05:00,2021-09-24 14:10:00,21.06,29,30,-0.009880906096959352,-0.004665629860031051,0.2,5,21.0,19.89,18.8,19.11,19.07,1,-0.09675354875326314
CONTROL_UNSUPPORTED,0,SH600956,2021-09-29,2021-09-30,2021-10-08,0.2914675767918089,5.0,D45,2021-09-30 14:30:00,2021-09-30 14:35:00,20.81,33,34,0.006255067763234257,0.0039024390243902474,0.6,5,21.4,22.08,21.6,21.24,21.41,1,0.026262653403233305
CONTROL_UNSUPPORTED,0,SZ002368,2021-10-08,2021-10-11,2021-10-12,0.1450844521437853,2.0,I65,2021-10-11 13:50:00,2021-10-11 13:55:00,29.07,27,31,0.001349107041292208,0.0013422818791946067,0.5454545454545454,33,29.31,28.86,28.87,28.89,28.35,1,-0.02720356760805842
CONTROL_UNSUPPORTED,0,SH600881,2021-10-13,2021-10-14,2021-10-15,0.19303797468354422,1.0,C30,2021-10-14 14:00:00,2021-10-14 14:05:00,4.14,6,10,-0.0007230218802886657,0.0029043354101765395,0.6111111111111112,18,4.08,3.99,4.04,4.01,4.12,1,-0.007316478513994085
CONTROL_UNSUPPORTED,0,SH600435,2021-10-14,2021-10-15,2021-10-18,-0.0625,1.0,C39,2021-10-15 10:50:00,2021-10-15 10:55:00,9.9,4,11,-0.0027823620422897655,0.005339361248472119,0.6410256410256411,78,10.12,10.7,10.89,10.89,10.89,1,0.0972526108852596
CONTROL_UNSUPPORTED,0,SH600256,2021-10-15,2021-10-18,2021-10-19,-0.054166666666666696,4.0,B07,2021-10-18 13:35:00,2021-10-18 13:40:00,7.47,18,19,-0.0013608928789498598,0.018099547511312153,1.0,3,7.55,7.46,7.41,7.49,7.53,1,0.005514440789339936
CONTROL_UNSUPPORTED,0,SH600795,2021-10-19,2021-10-20,2021-10-21,-0.027972027972028024,2.0,D44,2021-10-20 10:40:00,2021-10-20 10:45:00,3.05,11,12,-0.004507888805409421,0.0346954819663714,0.9444444444444444,18,3.06,2.98,2.98,3.0,2.99,1,-0.022120623980051657
CONTROL_UNSUPPORTED,0,SH601991,2021-10-19,2021-10-20,2021-10-21,-0.04081632653061229,3.0,D44,2021-10-20 11:20:00,2021-10-20 11:25:00,3.1,6,19,-0.0018248175182482562,0.03016496345938069,0.8888888888888888,18,3.1,2.97,2.96,2.96,2.97,2,-0.0443283711644511
CONTROL_UNSUPPORTED,0,SH601225,2021-10-20,2021-10-21,2021-10-22,-0.14823965410747386,0.0,B06,2021-10-21 14:25:00,2021-10-21 14:30:00,15.17,23,24,-0.0036557661137359143,0.05846363018354861,1.0,9,14.96,14.9,14.77,14.7,14.5,1,-0.0465534333411477
CONTROL_UNSUPPORTED,0,SH601669,2021-10-22,2021-10-25,2021-10-26,-0.15628815628815618,2.0,E48,2021-10-25 10:05:00,2021-10-25 10:10:00,7.6,3,4,-0.0023072284883308702,0.0062717719913595316,0.6875,16,7.78,8.04,8.05,8.01,8.13,1,0.06706503905468475
CONTROL_UNSUPPORTED,0,SZ000009,2021-10-22,2021-10-25,2021-10-26,-0.18298850574712644,1.0,S91,2021-10-25 10:35:00,2021-10-25 10:40:00,19.55,2,5,-0.0021966277361344932,0.07905248695310818,1.0,2,20.79,21.46,21.51,21.51,21.51,2,0.09750772658181539
CONTROL_UNSUPPORTED,0,SH600027,2021-10-26,2021-10-27,2021-10-28,-0.05908096280087538,3.0,D44,2021-10-27 11:25:00,2021-10-27 11:30:00,4.72,19,20,-0.016393442622950838,0.03798978798978814,0.9444444444444444,18,4.73,4.61,4.63,4.7,4.8,1,0.01440919342242819
CONTROL_UNSUPPORTED,0,SZ002705,2021-10-27,2021-10-28,2021-10-29,0.12180532898314289,1.0,C38,2021-10-28 14:00:00,2021-10-28 14:05:00,22.69,13,14,-0.009190526687875455,-0.0009012562240567346,0.4166666666666667,36,22.1,21.94,21.93,22.03,22.28,1,-0.020522129471389428
CONTROL_UNSUPPORTED,0,SH600039,2021-10-28,2021-10-29,2021-11-01,0.3199052132701423,4.0,E48,2021-10-29 11:00:00,2021-10-29 11:05:00,12.24,14,16,0.006598680263947276,0.003948229137463843,0.625,16,11.83,12.14,12.19,12.03,11.9,1,-0.030206025732724906
CONTROL_UNSUPPORTED,0,SH600764,2021-11-01,2021-11-02,2021-11-03,0.07126865671641802,1.0,C39,2021-11-02 10:50:00,2021-11-02 10:55:00,31.58,0,1,-0.004474272930648726,0.010676844783715,0.7692307692307693,78,30.0,30.67,30.86,30.91,30.91,1,-0.023660596394053157
CONTROL_UNSUPPORTED,0,SZ000998,2021-11-08,2021-11-09,2021-11-10,-0.06739748274462043,1.0,A01,2021-11-09 13:40:00,2021-11-09 13:45:00,25.25,19,28,0.0,0.03101820633850294,1.0,3,25.7,26.08,25.98,25.95,26.05,1,0.029106409129109334
CONTROL_UNSUPPORTED,0,SZ002268,2021-11-11,2021-11-12,2021-11-15,0.49066526426505375,2.0,I65,2021-11-12 13:10:00,2021-11-12 13:15:00,62.34,21,23,-0.003684807256235878,0.011235955056179803,0.8181818181818182,33,63.11,62.0,62.55,62.52,61.62,1,-0.014018346855226516
CONTROL_UNSUPPORTED,0,SZ300474,2021-11-17,2021-11-18,2021-11-19,0.3320978502594514,1.0,C39,2021-11-18 14:25:00,2021-11-18 14:30:00,194.08,18,35,-0.006175380815150233,-0.012071348482998179,0.20512820512820512,78,193.03,198.37,195.43,195.61,194.89,1,0.0016654862822651495
CONTROL_UNSUPPORTED,0,SH601717,2021-11-19,2021-11-22,2021-11-23,0.1276978417266188,1.0,C36,2021-11-22 10:40:00,2021-11-22 10:45:00,13.78,7,9,0.0,0.014692398140257357,0.9166666666666666,24,13.77,14.2,14.23,14.03,13.81,1,-0.00032599575633740496
CONTROL_UNSUPPORTED,0,SZ000537,2021-11-19,2021-11-22,2021-11-23,0.13544152744630078,2.0,K70,2021-11-22 11:30:00,2021-11-22 13:05:00,20.93,16,20,0.0003656529953075527,-0.009001437799963596,0.10714285714285714,28,20.59,21.16,20.71,20.92,21.48,2,0.023714810485834903
CONTROL_UNSUPPORTED,0,SH600673,2021-11-19,2021-11-22,2021-11-23,0.14459161147902866,1.0,S91,2021-11-22 13:50:00,2021-11-22 13:55:00,11.4,17,29,0.00023551577955727154,0.07582695028067321,1.0,2,11.69,11.62,11.31,11.43,11.28,3,-0.012997651452493764
CONTROL_UNSUPPORTED,0,SH600516,2021-11-23,2021-11-24,2021-11-25,0.02758007117437722,0.0,C30,2021-11-24 14:25:00,2021-11-24 14:30:00,12.71,38,39,0.0,-0.0010852846943868455,0.3888888888888889,18,12.53,12.7,12.79,12.6,12.65,1,-0.007206528309953719
CONTROL_UNSUPPORTED,0,SH603659,2021-11-25,2021-11-26,2021-11-29,-0.09678998911860726,1.0,C38,2021-11-26 14:15:00,2021-11-26 14:20:00,182.6,4,24,-0.0068728522336769515,0.00611942321150738,0.5555555555555556,36,178.85,184.7,192.87,196.55,199.0,1,0.08709185286352028
CONTROL_UNSUPPORTED,0,SZ000887,2021-11-26,2021-11-29,2021-11-30,0.21989528795811508,1.0,C29,2021-11-29 10:40:00,2021-11-29 10:45:00,23.07,11,12,-0.0078057818159754655,0.02228915662650577,0.7142857142857143,7,24.05,24.47,24.28,24.5,24.08,1,0.041172828550146034
CONTROL_UNSUPPORTED,0,SH601778,2021-11-29,2021-11-30,2021-12-01,-0.090032154340836,1.0,D44,2021-11-30 11:10:00,2021-11-30 11:15:00,9.33,3,18,0.00328493032433097,0.002004008016031955,0.6470588235294118,17,9.6,9.99,9.85,9.82,9.7,1,0.03706034547276804
CONTROL_UNSUPPORTED,0,SZ000537,2021-12-07,2021-12-08,2021-12-09,0.3779527559055118,3.0,K70,2021-12-08 11:30:00,2021-12-08 13:05:00,23.1,2,3,0.0043591979075849885,-0.0034169315907217612,0.32142857142857145,28,23.14,23.0,23.23,23.29,23.25,1,0.003979661671872803
CONTROL_UNSUPPORTED,0,SZ002191,2021-12-13,2021-12-14,2021-12-15,0.0,1.0,C23,2021-12-14 13:10:00,2021-12-14 13:15:00,15.47,8,21,-0.005102040816326481,0.09943181818181812,1.0,1,15.8,15.72,16.05,15.79,15.44,1,-0.004432020211058929
CONTROL_UNSUPPORTED,0,SH600011,2021-12-14,2021-12-15,2021-12-16,0.5051903114186849,4.0,D44,2021-12-15 13:40:00,2021-12-15 13:45:00,9.57,23,24,0.0,0.03173327449991592,0.9444444444444444,18,9.2,9.26,9.19,9.14,9.21,1,-0.040021226726204784
CONTROL_UNSUPPORTED,0,SZ000400,2021-12-14,2021-12-15,2021-12-16,0.5082559339525285,3.0,C38,2021-12-15 14:20:00,2021-12-15 14:25:00,32.1,19,36,-0.0007135874877809978,0.0,0.4722222222222222,36,31.88,31.12,30.91,31.48,30.79,2,-0.04320566725694863
CONTROL_UNSUPPORTED,0,SH603888,2021-12-16,2021-12-17,2021-12-20,0.20146904512067154,2.0,I64,2021-12-17 10:25:00,2021-12-17 10:30:00,25.18,8,9,-0.004033036848792915,0.0,0.4666666666666667,15,23.4,24.73,24.15,24.47,24.24,1,-0.03973560228685491
CONTROL_UNSUPPORTED,0,SH600839,2021-12-17,2021-12-20,2021-12-21,0.07070707070707072,1.0,C39,2021-12-20 09:55:00,2021-12-20 10:00:00,3.5,1,2,-0.0018416206261510082,-0.0018636313008109084,0.3717948717948718,78,3.58,3.48,3.43,3.49,3.5,1,-0.0024976264679457127
CONTROL_UNSUPPORTED,0,SH600566,2021-12-17,2021-12-20,2021-12-21,0.1878035617916891,1.0,C27,2021-12-20 10:00:00,2021-12-20 10:05:00,24.2,2,3,-0.004026845637583931,0.007833538535368834,0.7857142857142857,56,23.56,23.85,23.71,23.72,23.12,2,-0.047014261319789474
CONTROL_UNSUPPORTED,0,SH600011,2021-12-22,2021-12-23,2021-12-24,0.5176470588235293,5.0,D44,2021-12-23 13:30:00,2021-12-23 13:35:00,9.93,26,27,-0.0034295515804949606,0.0464957524271844,1.0,18,9.93,10.31,10.17,10.25,10.14,1,0.01859758989073823
CONTROL_UNSUPPORTED,0,SH600566,2021-12-23,2021-12-24,2021-12-27,0.3421194190424959,2.0,C27,2021-12-24 13:25:00,2021-12-24 13:30:00,27.44,24,26,-0.005744376615519853,0.013713477245527406,0.8392857142857143,56,27.33,28.09,27.4,27.79,26.75,1,-0.0275805943155083
CONTROL_UNSUPPORTED,0,SZ000629,2021-12-31,2022-01-04,2022-01-05,0.03457446808510656,1.0,C32,2022-01-04 10:50:00,2022-01-04 10:55:00,4.26,13,14,0.0016694490818029983,-0.01074306177260509,0.17647058823529413,17,4.3,4.34,4.39,4.33,4.3,1,0.006868593001839063
CONTROL_UNSUPPORTED,0,SH600718,2022-01-13,2022-01-14,2022-01-17,0.1382893685051958,1.0,I65,2022-01-14 11:10:00,2022-01-14 11:15:00,15.65,13,17,-0.007038320190470904,0.0,0.48484848484848486,33,16.05,15.57,15.95,15.95,15.97,1,0.017898588198524523
CONTROL_UNSUPPORTED,0,SH603077,2022-01-13,2022-01-14,2022-01-17,-0.0055248618784530246,1.0,C26,2022-01-14 13:20:00,2022-01-14 13:25:00,3.94,5,8,-0.006929990362404492,-0.00535695889564225,0.32432432432432434,37,3.99,3.93,3.88,3.83,3.81,2,-0.035410141330678324
CONTROL_UNSUPPORTED,0,SZ002317,2022-01-13,2022-01-14,2022-01-17,0.24503968253968256,3.0,C27,2022-01-14 13:50:00,2022-01-14 13:55:00,13.81,9,22,-0.008972779750259618,0.011043851731972198,0.7321428571428571,56,14.05,13.7,14.08,13.59,14.07,3,0.016282287878059742
CONTROL_UNSUPPORTED,0,SZ002317,2022-01-14,2022-01-17,2022-01-18,0.37209302325581395,4.0,C27,2022-01-17 11:00:00,2022-01-17 11:05:00,14.91,9,14,0.002574002574002643,0.0,0.4642857142857143,56,15.11,15.12,14.67,14.92,14.97,1,0.0015164675905334768
CONTROL_UNSUPPORTED,0,SZ002191,2022-01-14,2022-01-17,2022-01-18,0.11776718856364887,2.0,C23,2022-01-17 11:15:00,2022-01-17 11:20:00,18.06,16,18,0.0049261083743843415,0.09987819732034087,1.0,1,18.3,18.18,18.25,18.25,18.83,2,0.04003154449659907
CONTROL_UNSUPPORTED,0,SZ002603,2022-01-14,2022-01-17,2022-01-18,0.5307599517490953,4.0,C27,2022-01-17 13:50:00,2022-01-17 13:55:00,27.91,11,12,0.004379562043795637,0.0007585400653223884,0.5357142857142857,56,26.39,26.23,26.25,27.09,26.64,3,-0.04788737976016022
CONTROL_UNSUPPORTED,0,SZ000656,2022-02-10,2022-02-11,2022-02-14,-0.03749999999999998,1.0,K70,2022-02-11 10:25:00,2022-02-11 10:30:00,5.07,6,8,-0.0074624372181747445,0.003831417624520883,0.64,25,4.99,4.95,4.88,4.83,4.79,1,-0.057586514947033596
CONTROL_UNSUPPORTED,0,SH600522,2022-02-14,2022-02-15,2022-02-16,0.06001348617666902,1.0,C38,2022-02-15 13:05:00,2022-02-15 13:10:00,17.29,21,22,0.0,0.01678600429326027,0.78125,32,17.4,17.43,17.4,17.28,17.28,1,-0.0030745509176460795
CONTROL_UNSUPPORTED,0,SZ002155,2022-02-23,2022-02-24,2022-02-25,0.14547206165703264,2.0,B09,2022-02-24 13:40:00,2022-02-24 13:45:00,13.07,24,26,-0.021052631578947434,0.012486387486387529,0.5833333333333334,12,12.26,12.42,12.49,12.57,12.65,1,-0.03455202561740722
CONTROL_UNSUPPORTED,0,SH601168,2022-02-25,2022-02-28,2022-03-01,0.06805157593123212,1.0,B09,2022-02-28 14:55:00,2022-02-28 15:00:00,16.39,34,35,0.0,0.010475784663922627,0.9166666666666666,12,17.13,17.39,17.22,17.36,17.34,1,0.05531977773311891
CONTROL_UNSUPPORTED,0,SH600521,2022-03-11,2022-03-14,2022-03-15,0.29125711329539583,2.0,C27,2022-03-14 11:00:00,2022-03-14 11:05:00,27.45,4,5,-0.010015446958754615,0.003674337652291637,0.6,55,25.88,26.14,26.2,25.71,25.4,1,-0.07699233924538507
CONTROL_UNSUPPORTED,0,SH600657,2022-03-24,2022-03-25,2022-03-28,0.4222222222222223,5.0,K70,2022-03-25 14:35:00,2022-03-25 14:40:00,6.34,0,1,-0.0074906367041198685,0.0072289156626503814,0.68,25,6.08,6.69,6.69,6.69,6.69,1,0.0525695392633192
CONTROL_UNSUPPORTED,0,SH600056,2022-03-28,2022-03-29,2022-03-30,2.0199818346957312,13.0,F51,2022-03-29 13:20:00,2022-03-29 13:25:00,36.58,6,8,-0.005293985763129894,0.001691474966170503,0.5384615384615384,13,35.98,36.23,36.97,38.3,39.14,1,0.06731117824069477
CONTROL_UNSUPPORTED,0,SZ002424,2022-03-29,2022-03-30,2022-03-31,0.4140625,3.0,C27,2022-03-30 10:10:00,2022-03-30 10:15:00,9.96,0,1,0.006764376444793996,-0.0064118243963134924,0.25925925925925924,54,10.0,10.5,10.48,10.84,10.96,1,0.0976532142481239
CONTROL_UNSUPPORTED,0,SZ002424,2022-03-30,2022-03-31,2022-04-01,0.5252679938744258,4.0,C27,2022-03-31 13:45:00,2022-03-31 13:50:00,10.96,3,28,-0.0047716428084526585,0.0012805784288038025,0.5185185185185185,54,9.46,9.5,9.0,9.18,9.01,1,-0.17997295752519993
CONTROL_UNSUPPORTED,0,SZ002603,2022-04-06,2022-04-07,2022-04-08,0.2944029850746268,4.0,C27,2022-04-07 14:55:00,2022-04-07 15:00:00,38.16,38,43,-0.02036487059821812,-0.025256793830788937,0.14814814814814814,54,38.22,38.0,37.6,37.81,36.3,1,-0.051118025177841475
CONTROL_UNSUPPORTED,0,SH601665,2022-04-07,2022-04-08,2022-04-11,0.17432950191570895,3.0,J66,2022-04-08 14:55:00,2022-04-08 15:00:00,6.73,27,42,-0.00058785914633247,0.006183576726049411,0.8611111111111112,36,6.27,6.07,6.07,6.07,6.07,1,-0.10032103902829581
CONTROL_UNSUPPORTED,0,SH600062,2022-04-11,2022-04-12,2022-04-13,0.34916666666666685,5.0,C27,2022-04-12 13:50:00,2022-04-12 13:55:00,17.81,3,31,0.012733614951356942,0.009354579385149053,0.7222222222222222,54,17.36,16.66,17.07,17.13,16.8,1,-0.05906570043017889
CONTROL_UNSUPPORTED,0,SH601898,2022-04-12,2022-04-13,2022-04-14,0.1785234899328858,1.0,B06,2022-04-13 11:30:00,2022-04-13 13:05:00,9.65,18,20,-0.010443872140584731,0.027930035650623797,1.0,10,9.65,9.8,9.88,9.84,9.93,1,0.026445447582725157
CONTROL_UNSUPPORTED,0,SH600062,2022-04-15,2022-04-18,2022-04-19,0.7781541066892463,8.0,C27,2022-04-18 10:15:00,2022-04-18 10:20:00,23.09,0,1,-0.0092592592592593,-0.013529139182817784,0.2222222222222222,54,22.87,22.56,23.51,24.3,24.9,1,0.0756955002576074
CONTROL_UNSUPPORTED,0,SH601990,2022-04-20,2022-04-21,2022-04-22,0.046539379474940246,1.0,J67,2022-04-21 13:20:00,2022-04-21 13:25:00,9.65,25,26,-0.008565321268482862,0.01248453839186281,0.9523809523809523,42,9.07,9.29,9.27,9.32,9.16,1,-0.05314800605662007
CONTROL_UNSUPPORTED,0,SH600026,2022-04-21,2022-04-22,2022-04-25,0.407871198568873,2.0,G55,2022-04-22 10:50:00,2022-04-22 10:55:00,8.66,9,10,-0.00915336600896488,0.014150943396226356,0.9090909090909091,11,8.0,7.88,7.67,7.65,7.6,1,-0.12459375994877442
CONTROL_UNSUPPORTED,0,SH600062,2022-04-26,2022-04-27,2022-04-28,0.6364846870838881,9.0,C27,2022-04-27 14:30:00,2022-04-27 14:35:00,27.04,33,37,0.02552715624448021,0.021295712484237117,0.8148148148148148,54,29.72,29.3,29.14,29.68,28.96,1,0.06833094443373855
CONTROL_UNSUPPORTED,0,SH603882,2022-04-27,2022-04-28,2022-04-29,0.06858188987466529,1.0,Q84,2022-04-28 10:15:00,2022-04-28 10:20:00,83.46,4,5,-0.006176937398895022,-0.012552301255230214,0.4,5,83.65,82.28,83.04,83.14,81.0,1,-0.03189920613352015
CONTROL_UNSUPPORTED,0,SZ000402,2022-04-27,2022-04-28,2022-04-29,-0.07394957983193284,2.0,K70,2022-04-28 11:30:00,2022-04-28 13:05:00,6.06,13,19,-0.007964204573255917,0.014457831325301207,0.64,25,6.1,6.29,6.23,6.22,6.17,2,0.0156088522595339
CONTROL_UNSUPPORTED,0,SH600392,2022-04-28,2022-04-29,2022-05-05,-0.11000621504039776,1.0,C32,2022-04-29 13:55:00,2022-04-29 14:00:00,15.74,31,32,0.03454545454545466,0.02865803052510385,1.0,16,15.52,16.0,15.8,16.08,16.43,1,0.041230241240892695
CONTROL_UNSUPPORTED,0,SH600649,2022-04-29,2022-05-05,2022-05-06,-0.0936819172113289,2.0,K70,2022-05-05 13:10:00,2022-05-05 13:15:00,4.58,6,7,0.008571428571428452,-0.01393188854489158,0.28,25,4.48,4.42,4.47,4.47,4.52,1,-0.015565343151771827
CONTROL_UNSUPPORTED,0,SH600657,2022-05-10,2022-05-11,2022-05-12,-0.03750000000000009,7.0,K70,2022-05-11 13:05:00,2022-05-11 13:10:00,7.62,17,19,0.020264116575591906,0.005714285714285783,0.8,25,7.34,7.04,7.17,7.23,7.0,1,-0.08365923691281096
CONTROL_UNSUPPORTED,0,SH600325,2022-05-12,2022-05-13,2022-05-16,-0.0711513583441139,1.0,K70,2022-05-13 11:15:00,2022-05-13 11:20:00,7.9,17,18,0.0,0.0146520146520146,0.92,25,8.0,8.07,8.08,8.13,8.19,1,0.03411954926930694
CONTROL_UNSUPPORTED,0,SZ002183,2022-05-20,2022-05-23,2022-05-24,0.5106382978723405,5.0,L72,2022-05-23 10:00:00,2022-05-23 10:05:00,9.35,3,4,0.0,0.002795582517542472,0.5,8,9.19,8.43,8.46,8.44,8.43,1,-0.10064759263366663
CONTROL_UNSUPPORTED,0,SH601799,2022-05-23,2022-05-24,2022-05-25,0.12174199934015184,2.0,C36,2022-05-24 11:05:00,2022-05-24 11:10:00,149.59,0,15,-0.013712047012732653,0.004285242555235436,0.5909090909090909,22,145.0,145.98,142.25,143.0,144.64,1,-0.03550542611353491
CONTROL_UNSUPPORTED,0,SH600639,2022-05-27,2022-05-30,2022-05-31,0.106317411402157,1.0,K70,2022-05-30 10:35:00,2022-05-30 10:40:00,15.79,9,10,0.0013586956521740579,-0.002762430939226568,0.36,25,15.1,15.06,14.99,14.86,14.72,1,-0.07009278414237863
CONTROL_UNSUPPORTED,0,SH600733,2022-06-01,2022-06-02,2022-06-06,0.21608832807570977,1.0,C36,2022-06-02 11:20:00,2022-06-02 11:25:00,8.46,9,10,-0.001908396946564861,0.025208760722829515,0.9545454545454546,22,8.82,8.57,8.62,8.73,8.47,1,-0.0013185456481678015
CONTROL_UNSUPPORTED,0,SH601975,2022-06-06,2022-06-07,2022-06-08,0.6376146788990824,6.0,G55,2022-06-07 10:40:00,2022-06-07 10:45:00,3.92,11,12,-0.0023720772619451047,0.02539682539682553,1.0,11,3.9,3.92,3.99,3.97,3.92,1,-0.0024976264679458238
CONTROL_UNSUPPORTED,0,SH601788,2022-06-08,2022-06-09,2022-06-10,0.15097690941385444,1.0,J67,2022-06-09 13:55:00,2022-06-09 14:00:00,14.26,0,33,-0.017510648367250248,-0.00428400678123203,0.21428571428571427,42,14.5,14.56,14.61,15.02,14.48,1,0.012891610711370571
CONTROL_UNSUPPORTED,0,SH600418,2022-06-14,2022-06-15,2022-06-16,0.5542590431738623,3.0,C36,2022-06-15 13:30:00,2022-06-15 13:35:00,14.65,10,17,0.017094017094017033,0.010076206635257212,0.8181818181818182,22,13.73,13.8,13.89,13.84,13.75,1,-0.06377763576343021
CONTROL_UNSUPPORTED,0,SH603218,2022-06-16,2022-06-17,2022-06-20,0.23646112600536195,2.0,C34,2022-06-17 10:20:00,2022-06-17 10:25:00,25.37,7,8,-0.0025706940874036244,0.021937842778793515,0.8888888888888888,9,27.01,27.88,27.87,27.69,27.18,1,0.06866828981479056
CONTROL_UNSUPPORTED,0,SH600657,2022-06-20,2022-06-21,2022-06-22,-0.15146831530139093,1.0,K70,2022-06-21 10:55:00,2022-06-21 11:00:00,6.03,6,14,-0.004303285434464066,0.009852216748768461,1.0,25,6.02,5.88,5.85,5.82,5.81,1,-0.038890747890342525
CONTROL_UNSUPPORTED,0,SH600010,2022-06-20,2022-06-21,2022-06-22,0.10526315789473695,1.0,C31,2022-06-21 13:30:00,2022-06-21 13:35:00,2.29,26,28,-0.0021762811404754667,0.009671179883945724,0.8571428571428571,21,2.27,2.35,2.33,2.34,2.29,2,-0.0024976264679457127
CONTROL_UNSUPPORTED,0,SH601975,2022-06-21,2022-06-22,2022-06-23,0.1437699680511182,5.0,G55,2022-06-22 10:10:00,2022-06-22 10:15:00,3.94,2,3,-0.00642777609069739,0.005751258087706601,0.7272727272727273,11,3.68,3.61,3.59,3.61,3.7,1,-0.0632591923683753
CONTROL_UNSUPPORTED,0,SH600010,2022-06-21,2022-06-22,2022-06-23,0.06698564593301448,1.0,C31,2022-06-22 10:55:00,2022-06-22 11:00:00,2.44,13,14,-0.007300082066804547,-0.003577817531305816,0.14285714285714285,21,2.47,2.51,2.44,2.4,2.47,2,0.009766746977120544
CONTROL_UNSUPPORTED,0,SH601966,2022-06-22,2022-06-23,2022-06-24,0.16176470588235303,1.0,C29,2022-06-23 11:15:00,2022-06-23 11:20:00,26.05,13,14,0.002220270556706594,0.0011235955056179137,0.5714285714285714,7,26.3,26.07,26.0,25.94,26.15,1,0.0013315573076091436
CONTROL_UNSUPPORTED,0,SH600399,2022-06-23,2022-06-24,2022-06-27,0.11002604166666674,2.0,C31,2022-06-24 14:15:00,2022-06-24 14:20:00,18.76,36,37,0.003624575428324728,0.0019047619047618536,0.5238095238095238,21,18.8,18.3,18.35,18.39,18.38,1,-0.02270289842648432
CONTROL_UNSUPPORTED,0,SH600348,2022-06-27,2022-06-28,2022-06-29,0.11405622489959844,1.0,B06,2022-06-28 10:45:00,2022-06-28 10:50:00,15.25,1,2,-0.0003103660827399879,0.01212753324799809,0.8,10,15.27,14.99,15.02,14.91,14.67,1,-0.04043542165801728
CONTROL_UNSUPPORTED,0,SH600418,2022-06-29,2022-06-30,2022-07-01,0.3437764606265876,3.0,C36,2022-06-30 11:15:00,2022-06-30 11:20:00,17.46,2,3,0.008766274474909297,-0.003026100791193642,0.2727272727272727,22,16.65,16.68,16.5,16.36,16.65,1,-0.04877350977613393
CONTROL_UNSUPPORTED,0,SH600863,2022-07-04,2022-07-05,2022-07-06,0.06349206349206349,1.0,D44,2022-07-05 10:50:00,2022-07-05 10:55:00,4.41,12,14,-0.007692307692307665,0.01851022540677716,0.9,20,4.38,4.53,4.5,4.51,4.37,1,-0.011545267044200225
CONTROL_UNSUPPORTED,0,SZ000629,2022-07-05,2022-07-06,2022-07-07,0.46666666666666656,4.0,C32,2022-07-06 13:45:00,2022-07-06 13:50:00,5.57,0,3,-0.013175953884161373,-0.030211480362537846,0.15789473684210525,19,5.4,5.81,6.1,6.13,6.13,1,0.09778986530547451
CONTROL_UNSUPPORTED,0,SH600062,2022-07-05,2022-07-06,2022-07-07,0.12817311693716182,1.0,C27,2022-07-06 14:15:00,2022-07-06 14:20:00,29.82,32,33,-0.019487179487179485,-0.02131907247805015,0.1346153846153846,52,29.7,29.64,29.34,29.3,28.98,2,-0.030596284877299262
CONTROL_UNSUPPORTED,0,SH600418,2022-07-06,2022-07-07,2022-07-08,0.3065967016491753,3.0,C36,2022-07-07 14:05:00,2022-07-07 14:10:00,19.17,34,35,0.0,0.044986611127640685,1.0,19,18.67,18.8,18.69,18.8,18.55,1,-0.0347590490860924
CONTROL_UNSUPPORTED,0,SH600699,2022-07-13,2022-07-14,2022-07-15,0.20854826823876182,2.0,C36,2022-07-14 14:45:00,2022-07-14 14:50:00,18.03,27,28,-0.0027614690557885013,-0.002955082742316817,0.47368421052631576,19,18.22,17.71,17.84,17.57,18.12,1,0.002481586711083006
CONTROL_UNSUPPORTED,0,SZ002028,2022-07-15,2022-07-18,2022-07-19,0.1589673913043479,2.0,C38,2022-07-18 13:45:00,2022-07-18 13:50:00,46.9,21,31,0.014797825348284,0.0089452968002528,0.6842105263157895,38,46.68,46.33,45.7,45.71,45.42,1,-0.03397531330861592
CONTROL_UNSUPPORTED,0,SZ000537,2022-07-18,2022-07-19,2022-07-20,-0.03870458135860977,1.0,K70,2022-07-19 10:15:00,2022-07-19 10:20:00,13.39,3,4,0.0017657451673249724,-0.00591715976331364,0.3333333333333333,21,13.86,13.22,13.22,13.26,13.79,1,0.027300801419494203
CONTROL_UNSUPPORTED,0,SZ000537,2022-07-19,2022-07-20,2022-07-21,0.0315870570107859,2.0,K70,2022-07-20 13:55:00,2022-07-20 14:00:00,14.73,17,18,0.00328682622763099,-0.002396644697423733,0.3333333333333333,21,15.21,15.12,15.32,15.26,14.99,1,0.015109340070977195
CONTROL_UNSUPPORTED,0,SZ000629,2022-07-20,2022-07-21,2022-07-22,1.0428571428571431,9.0,C32,2022-07-21 13:45:00,2022-07-21 13:50:00,7.86,19,20,-0.003215733311274782,-0.0028818443804035088,0.3684210526315789,19,7.26,7.3,7.27,7.18,7.25,1,-0.07991193281076414
CONTROL_UNSUPPORTED,0,SH600418,2022-07-21,2022-07-22,2022-07-25,0.153225806451613,3.0,C36,2022-07-22 10:55:00,2022-07-22 11:00:00,17.29,14,15,-0.002311472409928683,0.010452961672473782,0.8421052631578947,19,17.26,17.4,17.29,17.11,16.77,1,-0.032497697852368335
CONTROL_UNSUPPORTED,0,SH600418,2022-07-29,2022-08-01,2022-08-02,0.10656682027649778,4.0,C36,2022-08-01 14:10:00,2022-08-01 14:15:00,21.12,28,29,0.0,0.011695906432748426,0.7368421052631579,19,20.78,21.28,20.74,21.1,21.57,1,0.018755975240833944
CONTROL_UNSUPPORTED,0,SZ000547,2022-08-01,2022-08-02,2022-08-03,0.0007968127490038945,1.0,C39,2022-08-02 13:35:00,2022-08-02 13:40:00,13.82,27,28,-0.0301659125188537,-0.023573849161177995,0.15789473684210525,76,13.9,14.36,14.73,14.65,14.8,1,0.0682369846797688
CONTROL_UNSUPPORTED,0,SH600259,2022-08-02,2022-08-03,2022-08-04,-0.10017747978702418,1.0,B09,2022-08-03 14:05:00,2022-08-03 14:10:00,50.18,33,34,0.0020618556701033075,0.0009319664492077884,0.5454545454545454,11,48.91,48.52,49.31,49.0,48.13,1,-0.04324852056401418
CONTROL_UNSUPPORTED,0,SH600732,2022-08-05,2022-08-08,2022-08-09,0.1474888747616021,1.0,C38,2022-08-08 13:35:00,2022-08-08 13:40:00,39.65,26,27,0.0,0.0,0.4634146341463415,41,40.0,41.31,41.11,40.21,40.22,1,0.011842256329362755
CONTROL_UNSUPPORTED,0,SZ000009,2022-08-10,2022-08-11,2022-08-12,0.25119236883942775,1.0,S91,2022-08-11 14:50:00,2022-08-11 14:55:00,17.31,43,44,0.01707779886148031,0.04159326638370292,0.5,2,16.86,16.93,17.14,17.19,17.35,1,-0.0001925949866469212
CONTROL_UNSUPPORTED,0,SZ000629,2022-08-15,2022-08-16,2022-08-17,-0.008038585209003135,2.0,C32,2022-08-16 13:50:00,2022-08-16 13:55:00,6.78,25,26,-0.002602870100355259,-0.013096351730589206,0.15789473684210525,19,6.99,6.92,6.75,6.77,6.77,1,-0.003968868906783718
CONTROL_UNSUPPORTED,0,SH603712,2022-08-17,2022-08-18,2022-08-19,-0.007857874957294175,1.0,C39,2022-08-18 10:10:00,2022-08-18 10:15:00,31.94,5,6,-0.0072430097405346006,-0.005128324709285148,0.23684210526315788,76,31.94,33.1,33.31,32.99,32.92,1,0.028108269776932593
CONTROL_UNSUPPORTED,0,SZ000728,2022-08-22,2022-08-23,2022-08-24,0.16377952755905523,3.0,J67,2022-08-23 13:40:00,2022-08-23 13:45:00,8.13,22,24,-0.006808500690426433,0.009205983889528202,1.0,43,7.93,8.45,8.8,8.8,8.8,1,0.0797073661847576
CONTROL_UNSUPPORTED,0,SH601928,2022-08-23,2022-08-24,2022-08-25,0.09985096870342769,1.0,R86,2022-08-24 10:55:00,2022-08-24 11:00:00,8.11,11,13,-0.011840094670205248,0.031556039173014305,0.6666666666666666,3,8.28,8.1,8.05,8.18,8.16,1,0.003652203208577509
CONTROL_UNSUPPORTED,0,SH600299,2022-09-05,2022-09-06,2022-09-07,0.1533477321814254,1.0,C27,2022-09-06 13:25:00,2022-09-06 13:30:00,11.73,26,27,0.006131171835465854,0.002208724461623346,0.6226415094339622,53,11.35,11.31,11.17,11.3,11.35,1,-0.034812281364977604
CONTROL_UNSUPPORTED,0,SZ002791,2022-09-23,2022-09-26,2022-09-27,-0.08925438596491231,1.0,C33,2022-09-26 14:50:00,2022-09-26 14:55:00,91.37,8,43,-0.017933250172169568,-0.002344699232385339,0.5,6,91.38,90.78,90.26,89.67,89.47,1,-0.023240260918103273
CONTROL_UNSUPPORTED,0,SH603983,2022-09-27,2022-09-28,2022-09-29,-0.07771822358346103,1.0,C26,2022-09-28 10:00:00,2022-09-28 10:05:00,26.5,3,4,-0.009193054136874323,-0.018867924528301883,0.09302325581395349,43,25.66,26.02,26.38,26.39,26.85,1,0.010676933182477866
CONTROL_UNSUPPORTED,0,SH600707,2022-10-11,2022-10-12,2022-10-13,-0.17713004484304928,1.0,C39,2022-10-12 13:15:00,2022-10-12 13:20:00,4.03,12,14,-0.011137627905438263,-0.001718461548406991,0.4342105263157895,76,4.15,4.18,4.21,4.22,4.28,1,0.059382173378955905
CONTROL_UNSUPPORTED,0,SH603786,2022-10-12,2022-10-13,2022-10-14,0.016192261803306573,1.0,C36,2022-10-13 14:10:00,2022-10-13 14:15:00,65.57,0,1,0.0,-0.0068728522336769515,0.21052631578947367,19,66.0,67.82,69.17,68.76,68.87,1,0.04770456710618576
CONTROL_UNSUPPORTED,0,SZ000999,2022-10-17,2022-10-18,2022-10-19,0.1523809523809525,1.0,C27,2022-10-18 14:15:00,2022-10-18 14:20:00,47.92,34,35,-0.003215434083601254,0.020171457387796465,0.9245283018867925,53,47.88,46.83,46.39,46.69,46.83,1,-0.025187058587101574
CONTROL_UNSUPPORTED,0,SZ002607,2022-11-01,2022-11-02,2022-11-03,0.0023148148148146586,3.0,P83,2022-11-02 10:00:00,2022-11-02 10:05:00,4.76,3,4,0.0,0.09930715935334877,1.0,1,4.75,4.66,4.65,4.67,4.59,1,-0.03812271123694777
CONTROL_UNSUPPORTED,0,SH603833,2022-11-11,2022-11-14,2022-11-15,-0.13167701863354042,1.0,C21,2022-11-14 11:20:00,2022-11-14 11:25:00,107.65,0,2,0.00778946303974104,0.08285606746867735,1.0,2,104.44,101.82,102.7,102.59,103.49,1,-0.041044861710800906
CONTROL_UNSUPPORTED,0,SH600556,2022-11-11,2022-11-14,2022-11-15,0.32569558101472973,3.0,I64,2022-11-14 14:55:00,2022-11-14 15:00:00,8.9,38,39,0.0,0.012168933428776008,0.8888888888888888,9,8.51,8.73,8.82,8.62,8.54,2,-0.04284603708272572
CONTROL_UNSUPPORTED,0,SH600050,2022-11-24,2022-11-25,2022-11-28,0.12426035502958577,2.0,I63,2022-11-25 14:05:00,2022-11-25 14:10:00,4.17,29,32,0.0,0.01379310344827589,1.0,7,4.06,4.04,4.05,4.1,4.07,1,-0.026418546696531986
CONTROL_UNSUPPORTED,0,SH603858,2022-12-01,2022-12-02,2022-12-05,0.12646013204672424,1.0,C27,2022-12-02 14:25:00,2022-12-02 14:30:00,24.39,24,25,-0.0029806259314455463,-0.001058761249338236,0.37735849056603776,53,25.35,24.22,24.4,24.76,24.7,1,0.010180755483466308
CONTROL_UNSUPPORTED,0,SH603000,2022-12-06,2022-12-07,2022-12-08,0.45052833813640714,4.0,I64,2022-12-07 13:30:00,2022-12-07 13:35:00,16.59,27,28,0.0,0.011126564673157091,1.0,9,15.48,14.95,14.95,14.95,14.95,1,-0.10110545603952925
CONTROL_UNSUPPORTED,0,SZ002532,2022-12-08,2022-12-09,2022-12-12,0.11031518624641823,1.0,C32,2022-12-09 14:10:00,2022-12-09 14:15:00,8.51,35,36,-0.0005640157924422518,0.01060606060606073,0.7894736842105263,19,8.38,8.34,8.28,8.35,8.42,1,-0.01304700527145708
CONTROL_UNSUPPORTED,0,SZ002368,2022-12-09,2022-12-12,2022-12-13,0.07392120075046904,3.0,I65,2022-12-12 13:15:00,2022-12-12 13:20:00,31.48,22,23,-0.00864055299539157,0.008683324472798182,0.8387096774193549,31,31.17,31.03,31.23,31.1,30.86,1,-0.022143480076264432
CONTROL_UNSUPPORTED,0,SH603806,2023-01-05,2023-01-06,2023-01-09,0.12340987939864534,1.0,C29,2023-01-06 10:45:00,2023-01-06 10:50:00,74.79,6,13,0.0,0.007915992777318803,0.875,8,73.0,74.38,74.33,75.06,75.89,1,0.012173487462864285
CONTROL_UNSUPPORTED,0,SZ002607,2023-01-13,2023-01-16,2023-01-17,-0.08333333333333337,3.0,P83,2023-01-16 11:05:00,2023-01-16 11:10:00,5.29,12,16,0.012935134106905055,0.09710743801652888,1.0,1,5.34,5.58,5.6,5.55,5.49,1,0.035215128675043283
CONTROL_UNSUPPORTED,0,SH600095,2023-01-16,2023-01-17,2023-01-18,0.23105590062111792,3.0,J67,2023-01-17 13:55:00,2023-01-17 14:00:00,10.9,2,4,-0.0029069767441859407,0.00573070607553372,0.7727272727272727,44,10.8,10.91,10.68,10.58,10.57,1,-0.03269723961157667
CONTROL_UNSUPPORTED,0,SH601958,2023-01-30,2023-01-31,2023-02-01,0.2488083889418493,1.0,B09,2023-01-31 10:30:00,2023-01-31 10:35:00,14.38,8,9,0.0,0.00953206239168125,0.8181818181818182,11,14.54,14.42,14.53,14.68,14.55,1,0.009294821619707072
CONTROL_UNSUPPORTED,0,SZ002241,2023-02-02,2023-02-03,2023-02-06,0.17464953271028016,1.0,C39,2023-02-03 14:45:00,2023-02-03 14:50:00,22.11,40,41,-0.006284916201117263,0.005704773883655867,0.7236842105263158,76,21.7,21.7,21.73,21.7,21.9,1,-0.011971868821710085
CONTROL_UNSUPPORTED,0,SZ003035,2023-02-09,2023-02-10,2023-02-13,0.2179930795847751,1.0,M75,2023-02-10 09:45:00,2023-02-10 09:50:00,7.73,0,1,-0.0008310029892689696,0.09801136363636376,1.0,1,7.84,8.21,8.51,8.51,8.51,1,0.09815591187034722
CONTROL_UNSUPPORTED,0,SH601728,2023-02-15,2023-02-16,2023-02-17,0.21149425287356327,1.0,I63,2023-02-16 14:20:00,2023-02-16 14:25:00,5.78,14,38,-0.005685103873663944,0.0064102564102563875,0.8571428571428571,7,5.71,5.64,5.66,5.55,5.63,1,-0.028384366265490568
CONTROL_UNSUPPORTED,0,SH601698,2023-03-03,2023-03-06,2023-03-07,0.3475851148060174,2.0,I63,2023-03-06 10:15:00,2023-03-06 10:20:00,18.7,5,6,-0.0031779661016948513,0.020376175548589393,1.0,7,18.56,18.76,18.72,18.57,18.35,1,-0.0211674569885989
CONTROL_UNSUPPORTED,0,SZ002131,2023-03-17,2023-03-20,2023-03-21,0.10096153846153855,2.0,I64,2023-03-20 11:00:00,2023-03-20 11:05:00,2.5,10,11,0.0,0.05474773446914005,1.0,10,2.44,2.42,2.46,2.41,2.41,1,-0.03840771191509951
CONTROL_UNSUPPORTED,0,SH600839,2023-03-23,2023-03-24,2023-03-27,0.06430868167202575,1.0,C39,2023-03-24 13:30:00,2023-03-24 13:35:00,3.63,25,26,-0.001457725947521915,-0.0014768061300810542,0.4605263157894737,76,3.95,4.0,4.0,4.0,4.0,1,0.0991761691813271
CONTROL_UNSUPPORTED,0,SH600339,2023-03-27,2023-03-28,2023-03-29,0.15312499999999996,2.0,B11,2023-03-28 10:10:00,2023-03-28 10:15:00,4.04,4,5,-0.0027906976744185297,0.014423076923076872,0.8,5,3.9,3.84,3.84,3.87,3.79,1,-0.06422425849344404
CONTROL_UNSUPPORTED,0,SH600415,2023-04-12,2023-04-13,2023-04-14,0.36986301369863006,1.0,L72,2023-04-13 14:25:00,2023-04-13 14:30:00,7.7,34,38,-0.0037761350303109342,0.01590106007067127,0.6666666666666666,9,7.7,7.73,7.62,7.66,7.41,1,-0.040065897678893125
CONTROL_UNSUPPORTED,0,SH600060,2023-04-14,2023-04-17,2023-04-18,0.16557474687313878,1.0,C39,2023-04-17 14:30:00,2023-04-17 14:35:00,21.52,39,40,0.005161290322580614,-0.011024643320363126,0.2857142857142857,77,21.73,21.24,21.19,21.31,20.94,1,-0.02938198411890236
CONTROL_UNSUPPORTED,0,SH600718,2023-04-18,2023-04-19,2023-04-20,0.008968609865470878,1.0,I65,2023-04-19 10:20:00,2023-04-19 10:25:00,12.38,6,7,-0.005076142131979711,0.020587468214122717,0.8928571428571429,28,11.59,11.7,11.78,11.59,11.89,1,-0.04197873818286546
CONTROL_UNSUPPORTED,0,SH601138,2023-04-19,2023-04-20,2023-04-21,0.18287671232876712,1.0,C39,2023-04-20 13:35:00,2023-04-20 13:40:00,18.99,25,26,-0.008696917164101647,0.0010282776349614942,0.5454545454545454,77,19.5,19.23,19.31,19.27,19.34,1,0.01588709342337724
CONTROL_UNSUPPORTED,0,SZ000656,2023-05-29,2023-05-30,2023-05-31,-0.37226277372262784,1.0,K70,2023-05-30 14:35:00,2023-05-30 14:40:00,0.94,39,40,0.0,0.009978617248752819,0.6842105263157895,19,0.89,0.9,0.92,0.93,0.9,1,-0.044944535979947964
CONTROL_UNSUPPORTED,0,SZ000656,2023-06-02,2023-06-05,2023-06-06,-0.36805555555555547,3.0,K70,2023-06-05 10:40:00,2023-06-05 10:45:00,0.99,2,3,-0.0019455252918287869,-0.009779951100244544,0.15789473684210525,19,0.98,1.02,1.03,1.03,1.07,1,0.07810862593868517
CONTROL_UNSUPPORTED,0,SH603000,2023-06-08,2023-06-09,2023-06-12,0.07164436771687521,2.0,I64,2023-06-09 11:25:00,2023-06-09 11:30:00,27.31,3,9,-0.0006868131868131844,0.012658227848101111,0.7777777777777778,9,27.32,26.3,26.07,26.24,26.09,1,-0.04705833301166973
CONTROL_UNSUPPORTED,0,SH600556,2023-06-12,2023-06-13,2023-06-14,0.07019867549668879,1.0,I64,2023-06-13 10:10:00,2023-06-13 10:15:00,8.89,5,6,-0.0016849199663016012,0.03557386257255213,1.0,9,8.7,8.5,8.67,8.82,8.79,1,-0.013718125607788845
CONTROL_UNSUPPORTED,0,SH603000,2023-06-13,2023-06-14,2023-06-15,0.5365333333333333,4.0,I64,2023-06-14 10:50:00,2023-06-14 10:55:00,31.69,2,13,0.0,0.0011428571428571122,0.5555555555555556,9,32.66,34.46,34.86,34.86,34.2,1,0.07650934600177517
CONTROL_UNSUPPORTED,0,SH603000,2023-06-14,2023-06-15,2023-06-16,0.687433439829606,5.0,I64,2023-06-15 10:10:00,2023-06-15 10:15:00,34.86,1,3,0.0009920634920634885,0.0,0.4444444444444444,9,33.47,35.78,34.16,34.04,33.89,1,-0.030253716609256465
CONTROL_UNSUPPORTED,0,SH600482,2023-06-27,2023-06-28,2023-06-29,0.23014145810663766,1.0,C37,2023-06-28 13:55:00,2023-06-28 14:00:00,24.87,32,33,0.0,0.012709030100334529,1.0,15,24.1,24.09,23.97,23.62,23.71,1,-0.04902367203679103
CONTROL_UNSUPPORTED,0,SH600497,2023-07-04,2023-07-05,2023-07-06,0.020793950850661602,1.0,B09,2023-07-05 14:20:00,2023-07-05 14:25:00,5.92,11,12,-0.0034129692832765013,0.012658227848101111,0.9090909090909091,11,6.0,5.98,5.95,5.99,5.95,1,0.0025572842087371317
CONTROL_UNSUPPORTED,0,SH601005,2023-07-31,2023-08-01,2023-08-02,0.22535211267605648,2.0,C31,2023-08-01 14:50:00,2023-08-01 14:55:00,1.9,5,21,-0.00156749439215359,0.01855670103092799,0.9411764705882353,17,1.83,1.8,1.8,1.8,1.8,1,-0.0549977513906853
CONTROL_UNSUPPORTED,0,SH601236,2023-08-09,2023-08-10,2023-08-11,0.2144772117962468,1.0,J67,2023-08-10 10:00:00,2023-08-10 10:05:00,9.97,0,3,0.0,0.00537923052811784,0.8863636363636364,44,9.35,9.22,9.2,9.22,9.08,1,-0.09154247224964362
CONTROL_UNSUPPORTED,0,SZ002945,2023-08-15,2023-08-16,2023-08-17,0.33131159969673996,3.0,J67,2023-08-16 10:05:00,2023-08-16 10:10:00,19.32,4,5,-0.0036732463537381133,0.0019251344817500238,0.5681818181818182,44,19.2,18.92,18.79,18.88,18.8,1,-0.02934551643878791
CONTROL_UNSUPPORTED,0,SH601136,2023-08-15,2023-08-16,2023-08-17,,8.0,J67,2023-08-16 14:30:00,2023-08-16 14:35:00,29.04,19,22,-0.003913347386015287,0.01424153988790089,0.9545454545454546,44,28.0,29.04,28.31,28.47,28.82,2,-0.01005446263106724
CONTROL_UNSUPPORTED,0,SZ002670,2023-08-24,2023-08-25,2023-08-28,0.22222222222222232,4.0,J67,2023-08-25 13:55:00,2023-08-25 14:00:00,11.98,10,12,-0.0023159712750600026,0.00829447852760734,0.9090909090909091,44,12.52,12.52,12.52,12.52,12.52,1,0.042986802729944484
CONTROL_UNSUPPORTED,0,SZ002500,2023-08-28,2023-08-29,2023-08-30,-0.007680491551459223,1.0,J67,2023-08-29 11:30:00,2023-08-29 13:05:00,7.11,21,22,0.01622091523499969,-0.002558336166243902,0.25,44,6.72,6.56,6.49,6.46,6.41,1,-0.10025440074640235
CONTROL_UNSUPPORTED,0,SH603000,2023-09-25,2023-09-26,2023-09-27,-0.011937812326485275,1.0,I64,2023-09-26 14:40:00,2023-09-26 14:45:00,39.15,41,42,-0.005165734921969145,0.011806404340726773,0.7,10,37.8,38.01,37.66,37.85,38.15,1,-0.027489994329816914
CONTROL_UNSUPPORTED,0,SH600418,2023-09-28,2023-10-09,2023-10-10,0.021823850350740415,1.0,C36,2023-10-09 10:20:00,2023-10-09 10:25:00,14.42,5,7,-0.003958706739787987,0.015117157974300799,1.0,17,14.38,14.53,14.59,14.66,14.46,1,0.0007701310433152475
CONTROL_UNSUPPORTED,0,SZ002192,2023-10-09,2023-10-10,2023-10-11,0.033204633204633405,2.0,B09,2023-10-10 10:10:00,2023-10-10 10:15:00,58.87,3,5,0.0,0.008140987455829363,0.8333333333333334,12,58.88,59.01,58.42,58.7,58.65,1,-0.005727831234614178
CONTROL_UNSUPPORTED,0,SH600839,2023-10-11,2023-10-12,2023-10-13,0.12918660287081352,1.0,C39,2023-10-12 10:20:00,2023-10-12 10:25:00,5.18,3,4,0.004229909050246006,0.0011777175833236342,0.5172413793103449,87,5.18,5.05,5.08,5.06,5.14,1,-0.009704828273798927
CONTROL_UNSUPPORTED,0,SZ002281,2023-10-25,2023-10-26,2023-10-27,-0.05072720822986876,1.0,C39,2023-10-26 13:55:00,2023-10-26 14:00:00,29.44,7,18,0.0,-0.001105583195135429,0.47126436781609193,87,29.44,28.93,28.97,29.02,28.75,1,-0.02538891705265811
CONTROL_UNSUPPORTED,0,SH603650,2023-11-02,2023-11-03,2023-11-06,0.15304054054054061,2.0,C26,2023-11-03 14:15:00,2023-11-03 14:20:00,37.54,35,36,0.008668007616382312,0.00844978875528124,0.7441860465116279,43,37.54,36.88,36.98,37.03,36.6,1,-0.02698817231929518
CONTROL_UNSUPPORTED,0,SH600839,2023-11-07,2023-11-08,2023-11-09,0.2616033755274263,4.0,C39,2023-11-08 13:35:00,2023-11-08 13:40:00,6.57,10,28,-0.00507726269315667,-0.0056285178236398226,0.2413793103448276,87,6.51,6.57,6.46,6.45,6.41,1,-0.02630270765706555
CONTROL_UNSUPPORTED,0,SH600667,2023-11-21,2023-11-22,2023-11-23,0.23878205128205132,1.0,E48,2023-11-22 13:45:00,2023-11-22 13:50:00,8.5,28,31,-0.005253656470726231,-0.004322766570605263,0.17647058823529413,17,8.4,8.13,8.06,8.05,8.03,1,-0.05718187717967449
CONTROL_UNSUPPORTED,0,SH600732,2024-01-31,2024-02-01,2024-02-02,-0.18680023571007653,2.0,C38,2024-02-01 10:00:00,2024-02-01 10:05:00,15.17,1,4,-0.012843298969072159,-0.0033042529865972003,0.42105263157894735,38,14.85,14.75,14.48,14.44,14.34,1,-0.05660217008753865
CONTROL_UNSUPPORTED,0,SZ002192,2024-02-05,2024-02-06,2024-02-07,-0.3476814713363333,1.0,B09,2024-02-06 14:20:00,2024-02-06 14:25:00,36.66,31,34,0.06302346537702186,0.045197347231575646,0.9166666666666666,12,36.33,38.04,37.65,37.93,38.28,1,0.04210329921848399
CONTROL_UNSUPPORTED,0,SH600848,2024-02-05,2024-02-06,2024-02-07,-0.029501525940997086,1.0,K70,2024-02-06 14:45:00,2024-02-06 14:50:00,10.48,32,33,0.0611932129173508,0.04676258992805771,1.0,15,10.37,10.46,10.39,10.44,10.54,2,0.0037154994090975446
CONTROL_UNSUPPORTED,0,SH600885,2024-02-06,2024-02-07,2024-02-08,-0.042016806722688926,1.0,C38,2024-02-07 10:50:00,2024-02-07 10:55:00,26.33,10,14,0.03384595103235721,0.03133720930232564,0.9210526315789473,38,27.45,28.48,28.35,28.11,27.97,1,0.0601636505050529
CONTROL_UNSUPPORTED,0,SZ002518,2024-02-06,2024-02-07,2024-02-08,-0.2413656212782851,1.0,C38,2024-02-07 11:10:00,2024-02-07 11:15:00,21.01,11,18,0.03319211111926246,0.025516795865633046,0.9473684210526315,38,20.77,21.36,21.1,21.06,21.12,2,0.00322688898487411
CONTROL_UNSUPPORTED,0,SZ000723,2024-02-06,2024-02-07,2024-02-08,-0.19122257053291536,1.0,C25,2024-02-07 11:30:00,2024-02-07 13:05:00,5.68,9,15,0.03640674643506536,0.10077519379844957,1.0,1,5.8,5.88,5.91,5.98,6.02,3,0.05774129024775165
CONTROL_UNSUPPORTED,0,SH600392,2024-02-07,2024-02-08,2024-02-19,-0.0637619553666312,2.0,C32,2024-02-08 10:10:00,2024-02-08 10:15:00,9.69,0,1,0.02719952196676534,0.024778761061946986,0.9047619047619048,21,9.01,9.26,9.27,9.24,9.21,1,-0.051434870204365546
CONTROL_UNSUPPORTED,0,SH601179,2024-04-11,2024-04-12,2024-04-15,0.09636363636363643,1.0,C38,2024-04-12 13:30:00,2024-04-12 13:35:00,6.62,27,28,-0.001986598842169951,-0.005712344588626961,0.39473684210526316,38,6.98,6.72,6.55,6.52,6.59,1,-0.006520917597895304
CONTROL_UNSUPPORTED,0,SH600968,2024-04-18,2024-04-19,2024-04-22,0.26126126126126126,1.0,B11,2024-04-19 13:30:00,2024-04-19 13:35:00,4.61,21,22,-0.004073319755600879,0.027968337730870818,1.0,5,4.58,4.53,4.62,4.53,4.45,1,-0.036636055797300116
CONTROL_UNSUPPORTED,0,SH600606,2024-05-21,2024-05-22,2024-05-23,0.20809248554913284,2.0,E48,2024-05-22 13:10:00,2024-05-22 13:15:00,2.3,20,22,0.0,0.011779581033669162,0.75,16,2.16,2.14,2.14,2.15,2.14,1,-0.07142445968370137
CONTROL_UNSUPPORTED,0,SH603826,2024-06-19,2024-06-20,2024-06-21,0.03906611188164599,1.0,C30,2024-06-20 14:00:00,2024-06-20 14:05:00,49.44,28,29,-0.011278195488721887,-0.018922852983988325,0.15789473684210525,19,48.8,48.08,48.73,48.34,48.3,1,-0.025010427311707772
CONTROL_UNSUPPORTED,0,SH603826,2024-07-02,2024-07-03,2024-07-04,-0.2993092862624712,2.0,C30,2024-07-03 13:20:00,2024-07-03 13:25:00,30.13,6,7,-0.0014715387621895837,0.0006067689053410041,0.5,18,30.0,29.63,29.24,29.57,29.2,1,-0.032802818818723045
CONTROL_UNSUPPORTED,0,SZ002373,2024-07-03,2024-07-04,2024-07-05,-0.10816326530612252,2.0,I65,2024-07-04 09:45:00,2024-07-04 09:50:00,9.61,0,1,0.0,-0.0007142857142856673,0.4444444444444444,27,9.33,9.1,9.18,9.1,8.95,1,-0.07053947419398576
CONTROL_UNSUPPORTED,0,SZ002373,2024-07-09,2024-07-10,2024-07-11,-0.08562019758507133,3.0,I65,2024-07-10 13:15:00,2024-07-10 13:20:00,9.15,2,24,0.0,0.0038461538461538325,0.5925925925925926,27,8.94,8.88,8.89,9.0,9.07,1,-0.010723949413293132
CONTROL_UNSUPPORTED,0,SZ002607,2024-08-01,2024-08-02,2024-08-05,0.1806451612903226,4.0,P83,2024-08-02 10:05:00,2024-08-02 10:10:00,2.01,2,5,0.0,0.0983606557377048,1.0,1,2.19,2.21,2.21,2.21,2.21,1,0.09730540554883227
CONTROL_UNSUPPORTED,0,SH600157,2024-08-20,2024-08-21,2024-08-22,-0.09482758620689646,1.0,D44,2024-08-21 10:15:00,2024-08-21 10:20:00,1.15,2,3,-0.0013443286206907823,-0.005989492571221999,0.125,32,1.11,1.1,1.1,1.1,1.09,1,-0.05406790752825652
CONTROL_UNSUPPORTED,0,SZ002607,2024-09-20,2024-09-23,2024-09-24,0.11475409836065564,4.0,P83,2024-09-23 13:25:00,2024-09-23 13:30:00,2.23,4,21,0.002263581488933797,0.09313725490196068,1.0,1,2.1,2.12,2.14,2.14,2.2,1,-0.015424283558846952
CONTROL_UNSUPPORTED,0,SZ002372,2024-09-26,2024-09-27,2024-09-30,0.06695278969957075,2.0,C29,2024-09-27 11:30:00,2024-09-27 13:05:00,13.67,13,19,0.047207446808510634,0.04183427192276756,1.0,9,14.91,14.88,14.6,14.33,14.3,1,0.04399597730903548
CONTROL_UNSUPPORTED,0,SZ002460,2024-09-26,2024-09-27,2024-09-30,0.09562211981566837,1.0,C32,2024-09-27 14:30:00,2024-09-27 14:35:00,31.37,8,30,0.045333333333333226,0.04062273100170677,1.0,24,33.42,33.67,33.22,33.08,32.94,2,0.04794955722092076
CONTROL_UNSUPPORTED,0,SH603345,2024-09-27,2024-09-30,2024-10-08,0.2557007786429366,2.0,C13,2024-09-30 09:55:00,2024-09-30 10:00:00,99.23,0,2,0.04210526315789476,0.038853503184713256,1.0,9,109.27,109.27,109.27,108.22,107.27,1,0.07886372678209819
CONTROL_UNSUPPORTED,0,SZ000568,2024-09-27,2024-09-30,2024-10-08,0.20497609350097412,2.0,C15,2024-09-30 10:00:00,2024-09-30 10:05:00,149.69,0,2,0.046827193408013335,0.04579439252336459,1.0,13,164.67,164.67,164.67,164.67,164.67,2,0.09787526219275344
CONTROL_UNSUPPORTED,0,SH600157,2024-09-27,2024-09-30,2024-10-08,0.1090909090909089,1.0,D44,2024-09-30 10:55:00,2024-09-30 11:00:00,1.33,0,1,0.07079249848759828,0.04454342984409809,1.0,31,1.47,1.47,1.45,1.43,1.45,3,0.08804701951895733
CONTROL_UNSUPPORTED,0,SH600157,2024-09-30,2024-10-08,2024-10-09,0.21818181818181825,2.0,D44,2024-10-08 09:50:00,2024-10-08 09:55:00,1.47,0,1,0.0779448430302434,0.045075125208680955,0.967741935483871,31,1.4,1.4,1.38,1.39,1.39,1,-0.05631127141229364
CONTROL_UNSUPPORTED,0,SH603799,2024-09-30,2024-10-08,2024-10-09,0.301146384479718,2.0,C32,2024-10-08 09:50:00,2024-10-08 09:55:00,32.45,0,2,0.0779448430302434,0.06543884254816568,1.0,26,31.65,31.51,32.07,32.01,32.11,2,-0.012454972006111675
CONTROL_UNSUPPORTED,0,SZ002409,2024-09-30,2024-10-08,2024-10-09,0.1492229919490733,1.0,C26,2024-10-08 09:50:00,2024-10-08 09:55:00,67.52,0,2,0.0779448430302434,0.07230695944945975,1.0,38,66.0,66.21,66.56,67.46,67.1,3,-0.008206200329605506
CONTROL_UNSUPPORTED,0,SH603019,2024-10-08,2024-10-09,2024-10-10,0.42326464208242953,2.0,C39,2024-10-09 14:05:00,2024-10-09 14:10:00,57.73,29,35,-0.05343530649925893,-0.033066272245693695,0.25,84,56.0,53.15,53.66,54.78,52.7,1,-0.08895388586459863
CONTROL_UNSUPPORTED,0,SZ000032,2024-10-09,2024-10-10,2024-10-11,0.5361494719740048,3.0,E49,2024-10-10 10:40:00,2024-10-10 10:45:00,20.8,6,8,0.009026900162484308,0.09994711792702282,1.0,1,17.76,17.76,17.76,17.76,17.76,1,-0.1478600451374873
CONTROL_UNSUPPORTED,0,SH601995,2024-10-10,2024-10-11,2024-10-14,0.3136971449222985,2.0,J67,2024-10-11 14:25:00,2024-10-11 14:30:00,39.99,28,35,-0.03498542274052485,-0.026060250632755078,0.20454545454545456,44,38.66,36.99,36.78,36.74,36.2,1,-0.09658256285175226
CONTROL_UNSUPPORTED,0,SZ000563,2024-10-11,2024-10-14,2024-10-15,0.2246376811594204,2.0,J69,2024-10-14 10:00:00,2024-10-14 10:05:00,3.72,1,4,-0.0036842105263158453,0.009956127522667502,0.625,8,3.7,3.79,3.82,3.84,3.73,1,0.0006845493384490808
CONTROL_UNSUPPORTED,0,SH603893,2024-10-11,2024-10-14,2024-10-15,0.3170637226418749,3.0,C39,2024-10-14 11:25:00,2024-10-14 11:30:00,74.8,16,17,0.008385744234800763,0.005155501732984291,0.6547619047619048,84,76.0,77.88,79.2,79.78,81.99,2,0.09393266571434511
CONTROL_UNSUPPORTED,0,SZ002607,2024-10-11,2024-10-14,2024-10-15,0.32000000000000006,6.0,P83,2024-10-14 13:45:00,2024-10-14 13:50:00,2.89,27,28,0.014184397163120366,0.09469696969696972,1.0,1,2.93,2.97,2.95,2.98,2.95,3,0.01872150843160214
CONTROL_UNSUPPORTED,0,SH603893,2024-10-14,2024-10-15,2024-10-16,0.45922746781115875,4.0,C39,2024-10-15 10:20:00,2024-10-15 10:25:00,82.27,6,7,-0.0033126293995858758,0.010059171597633032,0.7142857142857143,84,75.38,76.38,75.41,76.59,76.12,1,-0.07660273332725798
CONTROL_UNSUPPORTED,0,SH600039,2024-10-15,2024-10-16,2024-10-17,0.37090909090909085,1.0,E48,2024-10-16 10:10:00,2024-10-16 10:15:00,8.29,0,1,-0.003231017770597866,0.004510921177588001,0.7857142857142857,14,8.55,8.99,8.97,8.87,8.95,1,0.07745665295486104
CONTROL_UNSUPPORTED,0,SH600399,2024-10-16,2024-10-17,2024-10-18,0.2384615384615385,2.0,C31,2024-10-17 10:10:00,2024-10-17 10:15:00,7.08,4,5,0.008547008547008517,0.0024752475247524774,0.5384615384615384,13,6.96,6.95,7.04,7.17,7.39,1,0.04169956562886945
CONTROL_UNSUPPORTED,0,SH600039,2024-10-16,2024-10-17,2024-10-18,0.5612052730696797,2.0,E48,2024-10-17 14:20:00,2024-10-17 14:25:00,9.12,30,38,-0.009057005860415468,-0.017974335197870284,0.14285714285714285,14,8.2,8.25,8.27,8.37,8.32,2,-0.08954226412666555
CONTROL_UNSUPPORTED,0,SH600399,2024-10-17,2024-10-18,2024-10-21,0.36750483558994196,3.0,C31,2024-10-18 13:35:00,2024-10-18 13:40:00,7.78,26,29,0.01821060965954069,0.004366812227074135,0.6923076923076923,13,7.6,7.26,7.16,7.19,7.02,1,-0.09948942448003772
CONTROL_UNSUPPORTED,0,SZ002531,2024-10-22,2024-10-23,2024-10-24,0.272594752186589,4.0,C38,2024-10-23 10:05:00,2024-10-23 10:10:00,9.6,0,4,0.0005823019969805054,-0.0027339553897992586,0.34210526315789475,38,9.3,9.27,9.16,9.08,9.1,1,-0.053977508819113784
CONTROL_UNSUPPORTED,0,SH601933,2024-10-22,2024-10-23,2024-10-24,0.5155555555555555,7.0,F52,2024-10-23 10:15:00,2024-10-23 10:20:00,3.74,2,3,0.0024445680611207,0.0006688963210703669,0.5555555555555556,9,3.7,3.75,3.71,3.69,3.7,2,-0.012672066558585882
CONTROL_UNSUPPORTED,0,SZ000723,2024-10-22,2024-10-23,2024-10-24,0.18367346938775508,2.0,C25,2024-10-23 14:55:00,2024-10-23 15:00:00,5.09,23,24,0.0021551724137931494,0.09698275862068972,1.0,1,5.08,5.0,4.99,4.98,4.94,3,-0.03140891163966486
CONTROL_UNSUPPORTED,0,SH600764,2024-10-24,2024-10-25,2024-10-28,0.39252336448598135,2.0,C39,2024-10-25 10:20:00,2024-10-25 10:25:00,32.78,7,8,0.005025125628140614,0.002218632635978768,0.5487804878048781,82,32.8,32.12,32.05,32.74,34.04,1,0.03636301201501446
CONTROL_UNSUPPORTED,0,SZ002865,2024-10-25,2024-10-28,2024-10-29,0.6865629420084864,6.0,C38,2024-10-28 10:40:00,2024-10-28 10:45:00,65.57,0,1,0.003671970624234966,-0.003715952269608025,0.39473684210526316,38,69.65,72.14,72.14,71.37,70.11,1,0.06710237331170754
CONTROL_UNSUPPORTED,0,SH600732,2024-10-25,2024-10-28,2024-10-29,0.4708222811671088,4.0,C38,2024-10-28 14:50:00,2024-10-28 14:55:00,12.18,0,1,0.007888631090487097,-0.0030099837053513823,0.4473684210526316,38,12.6,12.71,12.54,12.4,12.28,2,0.006195523559901384
CONTROL_UNSUPPORTED,0,SZ002423,2024-10-28,2024-10-29,2024-10-30,1.3035230352303522,11.0,J68,2024-10-29 09:50:00,2024-10-29 09:55:00,18.69,1,2,-0.005190931706254842,0.012192054769104455,1.0,6,19.01,19.38,18.48,18.95,18.36,1,-0.019619469743011986
CONTROL_UNSUPPORTED,0,SH600745,2024-10-28,2024-10-29,2024-10-30,0.6012072434607645,3.0,C39,2024-10-29 10:25:00,2024-10-29 10:30:00,43.76,6,8,-0.0034506480921054905,0.008016545307842016,0.6951219512195121,82,41.02,40.41,40.16,40.11,40.19,2,-0.08341658387062723
CONTROL_UNSUPPORTED,0,SH601933,2024-10-28,2024-10-29,2024-10-30,0.8577777777777778,9.0,F52,2024-10-29 11:00:00,2024-10-29 11:05:00,4.6,4,5,-0.005535074192461353,-0.014731879787860946,0.1111111111111111,9,4.7,4.84,4.92,5.0,4.73,3,0.02620614619067574
CONTROL_UNSUPPORTED,0,SH600060,2024-10-29,2024-10-30,2024-10-31,0.13638968481375358,2.0,C39,2024-10-30 10:50:00,2024-10-30 10:55:00,21.8,1,3,-0.001481481481481417,0.00537012123367131,0.573170731707317,82,21.81,20.89,20.72,21.13,20.72,1,-0.05144053954142325
CONTROL_UNSUPPORTED,0,SZ000100,2024-10-29,2024-10-30,2024-10-31,0.140625,1.0,C39,2024-10-30 13:55:00,2024-10-30 14:00:00,4.82,14,27,-0.007893139040680008,-0.009543754022010575,0.35365853658536583,82,5.01,5.0,5.02,5.16,5.16,2,0.0684002125561165
CONTROL_UNSUPPORTED,0,SH600418,2024-10-30,2024-10-31,2024-11-01,0.7015539305301646,4.0,C36,2024-10-31 13:30:00,2024-10-31 13:35:00,40.95,21,22,0.0011820330969267712,-0.015725047446431106,0.3333333333333333,18,40.95,39.6,38.51,37.5,38.79,1,-0.054640101555359255
CONTROL_UNSUPPORTED,0,SZ002156,2024-10-31,2024-11-01,2024-11-04,0.36052366565961735,3.0,C39,2024-11-01 09:50:00,2024-11-01 09:55:00,29.72,0,2,-0.0003658834051548654,-0.01074787281683831,0.2891566265060241,83,29.72,28.44,28.41,28.62,28.95,1,-0.02785495855459763
CONTROL_UNSUPPORTED,0,SH600895,2024-10-31,2024-11-01,2024-11-04,0.36571428571428566,4.0,K70,2024-11-01 10:20:00,2024-11-01 10:25:00,31.55,0,7,-0.0074349442379182396,-0.0060982227469333905,0.4166666666666667,12,30.8,28.52,28.92,29.05,30.21,2,-0.044385647054854704
CONTROL_UNSUPPORTED,0,SZ002568,2024-11-01,2024-11-04,2024-11-05,0.09999999999999987,2.0,C15,2024-11-04 11:00:00,2024-11-04 11:05:00,25.53,6,7,0.007315798863317791,-0.0015278838808251427,0.38461538461538464,13,25.13,25.3,25.2,25.09,25.45,1,-0.0051255577565969546
CONTROL_UNSUPPORTED,0,SH603185,2024-11-01,2024-11-04,2024-11-05,0.45914396887159525,7.0,C38,2024-11-04 14:20:00,2024-11-04 14:25:00,24.75,17,18,0.008394552789669274,0.0072029772619974786,0.6842105263157895,38,24.52,24.69,25.14,25.23,24.77,2,-0.001191785002174206
CONTROL_UNSUPPORTED,0,SH603799,2024-11-05,2024-11-06,2024-11-07,0.04621072088724576,0.0,C32,2024-11-06 11:20:00,2024-11-06 11:25:00,37.35,1,19,-0.00433526011560692,0.02224969097651419,0.84,25,35.29,34.75,35.22,35.54,35.2,1,-0.05944681224577386
CONTROL_UNSUPPORTED,0,SH600010,2024-11-05,2024-11-06,2024-11-07,0.0983606557377048,2.0,C31,2024-11-06 11:25:00,2024-11-06 11:30:00,2.2,18,19,-0.0013531799729363803,-0.004424778761061954,0.38461538461538464,13,2.1,2.1,2.12,2.17,2.09,2,-0.05189833850882619
CONTROL_UNSUPPORTED,0,SH603179,2024-11-05,2024-11-06,2024-11-07,-0.05186042028147286,1.0,C36,2024-11-06 13:10:00,2024-11-06 13:15:00,54.1,23,24,-0.002123142250530785,0.010368663594469973,0.6842105263157895,19,52.7,51.16,50.68,50.56,51.31,3,-0.05346636343784128
CONTROL_UNSUPPORTED,0,SH600732,2024-11-07,2024-11-08,2024-11-11,0.3406478578892371,4.0,C38,2024-11-08 10:50:00,2024-11-08 10:55:00,14.1,0,1,-0.006099251455503163,0.004449685748415422,0.5526315789473685,38,13.99,15.34,15.52,15.52,15.52,1,0.0985097264907071
CONTROL_UNSUPPORTED,0,SH600760,2024-11-07,2024-11-08,2024-11-11,0.15402203284140525,2.0,C37,2024-11-08 13:45:00,2024-11-08 13:50:00,61.07,5,6,-0.004830917874396046,0.019736842105263275,0.7692307692307693,13,60.96,59.74,59.27,58.88,59.9,2,-0.02111831076812065
CONTROL_UNSUPPORTED,0,SZ301269,2024-11-08,2024-11-11,2024-11-12,0.4138869979577944,1.0,I65,2024-11-11 10:50:00,2024-11-11 10:55:00,149.54,6,11,-0.009814612868047967,0.025437221442569324,0.9642857142857143,28,147.0,141.64,140.11,142.96,140.0,1,-0.06566641131917272
CONTROL_UNSUPPORTED,0,SH600745,2024-11-08,2024-11-11,2024-11-12,0.46580645161290324,2.0,C39,2024-11-11 14:40:00,2024-11-11 14:45:00,49.98,25,26,-0.0007283321194464509,0.034562211981566726,0.9397590361445783,83,50.96,49.25,48.98,49.16,49.58,2,-0.009985459936976637
CONTROL_UNSUPPORTED,0,SH603305,2024-11-18,2024-11-19,2024-11-20,0.3211822660098522,3.0,C36,2024-11-19 14:10:00,2024-11-19 14:15:00,14.75,2,12,0.0010131712259373593,0.0008756567425569628,0.5263157894736842,19,15.04,14.97,14.82,14.87,14.79,1,0.0007081943589268835
CONTROL_UNSUPPORTED,0,SH600839,2024-11-20,2024-11-21,2024-11-22,0.1297497683039852,4.0,C39,2024-11-21 10:30:00,2024-11-21 10:35:00,13.4,5,9,-0.0041471330688785946,-0.004812319538017418,0.3855421686746988,83,13.27,13.07,13.08,13.03,13.14,1,-0.021362464101019052
CONTROL_UNSUPPORTED,0,SZ002607,2024-11-29,2024-12-02,2024-12-03,-0.039393939393939315,2.0,P83,2024-12-02 14:25:00,2024-12-02 14:30:00,3.48,36,39,0.009148573367139257,0.09779179810725558,1.0,1,3.37,3.39,3.37,3.4,3.41,1,-0.02207299888538916
CONTROL_UNSUPPORTED,0,SZ002607,2024-12-04,2024-12-05,2024-12-06,0.04361370716510904,3.0,P83,2024-12-05 11:00:00,2024-12-05 11:05:00,3.69,13,14,0.0,0.10149253731343277,1.0,1,3.88,4.06,4.06,4.06,4.06,1,0.0980723850104599
CONTROL_UNSUPPORTED,0,SZ002670,2024-12-12,2024-12-13,2024-12-16,0.47833474936278675,5.0,J67,2024-12-13 14:45:00,2024-12-13 14:50:00,19.14,30,43,-0.021630615640598982,-0.02306805074971152,0.06976744186046512,43,17.95,17.23,17.24,17.23,17.23,1,-0.1015898571471745
CONTROL_UNSUPPORTED,0,SZ000785,2025-01-02,2025-01-03,2025-01-06,0.25913621262458486,7.0,L72,2025-01-03 13:25:00,2025-01-03 13:30:00,4.16,17,23,-0.007249960578563253,-0.013081395348837233,0.14285714285714285,7,4.12,4.13,4.04,4.04,4.31,1,0.0339873889238258
CONTROL_UNSUPPORTED,0,SZ300251,2025-02-11,2025-02-12,2025-02-13,1.3563892145369287,4.0,R87,2025-02-12 10:40:00,2025-02-12 10:45:00,24.12,4,5,-0.001011654754009772,0.07508532423208192,1.0,3,25.56,25.92,27.25,27.47,27.47,1,0.13661310295725526
CONTROL_UNSUPPORTED,0,SZ000887,2025-02-11,2025-02-12,2025-02-13,0.2700080840743737,1.0,C29,2025-02-12 13:20:00,2025-02-12 13:25:00,17.28,4,23,-0.004606316596604598,-0.004500196795754585,0.25,8,17.28,17.12,17.31,17.37,17.86,2,0.031499492826045694
CONTROL_UNSUPPORTED,0,SZ000032,2025-02-14,2025-02-17,2025-02-18,0.5113493064312735,2.0,E49,2025-02-17 09:50:00,2025-02-17 09:55:00,26.36,0,1,-0.0017466118471143321,0.09970796829370054,1.0,1,26.17,26.58,27.84,27.09,27.16,1,0.028290117646365687
CONTROL_UNSUPPORTED,0,SH600126,2025-02-14,2025-02-17,2025-02-18,1.2369477911646585,9.0,C31,2025-02-17 10:15:00,2025-02-17 10:20:00,12.25,2,5,-0.004004167111870904,-0.0007352941176470562,0.25,12,11.03,11.03,11.03,11.03,11.03,2,-0.10139107830310212
CONTROL_UNSUPPORTED,0,SZ000034,2025-02-14,2025-02-17,2025-02-18,,,F51,2025-02-17 10:20:00,2025-02-17 10:25:00,58.23,0,5,-0.004081242544227037,0.001800728474695923,0.625,8,52.8,54.0,53.38,52.4,57.88,3,-0.007996887711901879
CONTROL_UNSUPPORTED,0,SZ000967,2025-02-17,2025-02-18,2025-02-19,0.12050739957716683,1.0,C35,2025-02-18 10:05:00,2025-02-18 10:10:00,5.82,0,5,-0.0034109522745885412,0.0002880184331797153,0.5,30,5.7,5.69,5.74,5.83,5.82,1,-0.001998251061922196
CONTROL_UNSUPPORTED,0,SZ000818,2025-02-19,2025-02-20,2025-02-21,1.4637223974763405,9.0,C26,2025-02-20 10:25:00,2025-02-20 10:30:00,42.96,2,9,-0.004034276368460321,-0.006237006237006071,0.2972972972972973,37,44.99,47.21,46.11,43.8,40.3,1,-0.06379258654086284
CONTROL_UNSUPPORTED,0,SZ002065,2025-02-19,2025-02-20,2025-02-21,0.7738264580369845,6.0,I65,2025-02-20 14:40:00,2025-02-20 14:45:00,13.71,3,9,-0.0016460251415590932,-0.007195295794725554,0.2692307692307692,26,13.59,13.38,13.55,13.16,13.09,2,-0.04713035057626269
CONTROL_UNSUPPORTED,0,SZ000967,2025-02-20,2025-02-21,2025-02-24,0.2755102040816326,3.0,C35,2025-02-21 10:20:00,2025-02-21 10:25:00,6.88,7,8,-0.0011428571428571122,-0.0012138167410008505,0.43333333333333335,30,6.74,6.5,6.68,6.73,6.5,1,-0.05712044068350186
CONTROL_UNSUPPORTED,0,SZ000032,2025-02-21,2025-02-24,2025-02-25,0.7606679035250461,5.0,E49,2025-02-24 13:25:00,2025-02-24 13:30:00,31.32,14,16,-0.0017436791630340842,0.10010537407797693,1.0,1,30.0,30.62,31.45,31.0,32.4,1,0.03241560234973573
CONTROL_UNSUPPORTED,0,SH600126,2025-02-24,2025-02-25,2025-02-26,1.391774891774892,12.0,C31,2025-02-25 11:05:00,2025-02-25 11:10:00,12.16,9,13,-0.0047562425683711496,-0.0018626158517097702,0.25,12,12.98,12.9,12.69,12.98,12.83,1,0.0529903321443701
CONTROL_UNSUPPORTED,0,SZ000032,2025-02-25,2025-02-26,2025-02-27,0.8766114180478823,6.0,E49,2025-02-26 14:40:00,2025-02-26 14:45:00,33.63,28,29,0.0073330760324199495,0.10009813542688928,1.0,1,32.5,32.84,33.37,32.82,32.1,1,-0.04740243410906031
CONTROL_UNSUPPORTED,0,SZ002195,2025-03-10,2025-03-11,2025-03-12,0.2705410821643286,4.0,I64,2025-03-11 13:10:00,2025-03-11 13:15:00,6.97,0,14,-0.005380794701986713,-0.01499913659970159,0.2,10,7.1,7.16,7.21,7.1,7.12,1,0.019479548413072534
CONTROL_UNSUPPORTED,0,SZ000032,2025-03-11,2025-03-12,2025-03-13,0.216362740266141,6.0,E49,2025-03-12 14:15:00,2025-03-12 14:20:00,27.15,30,37,0.0009400705052879932,0.10008103727714746,1.0,1,25.93,25.89,25.75,25.68,25.61,1,-0.05860682171991993
CONTROL_UNSUPPORTED,0,SH600598,2025-04-07,2025-04-08,2025-04-09,0.1280575539568345,1.0,A01,2025-04-08 10:55:00,2025-04-08 11:00:00,17.25,10,11,0.008510638297872353,0.055582539307113654,1.0,2,18.43,18.94,18.98,18.98,18.25,1,0.05585692278956067
CONTROL_UNSUPPORTED,0,SZ000617,2025-04-09,2025-04-10,2025-04-11,0.05312499999999987,1.0,J66,2025-04-10 11:20:00,2025-04-10 11:25:00,7.41,17,18,0.016329428470003515,0.007148402480614435,0.7333333333333333,30,7.1,7.03,6.97,6.95,6.98,1,-0.05991198278167531
CONTROL_UNSUPPORTED,0,SH600927,2025-06-09,2025-06-10,2025-06-11,0.2199341021416803,1.0,J67,2025-06-10 10:45:00,2025-06-10 10:50:00,16.27,0,1,-0.001607717041800738,-0.003751790997562343,0.10869565217391304,46,15.35,14.64,14.57,14.63,15.43,1,-0.05352384842565816
CONTROL_UNSUPPORTED,0,SZ002074,2025-06-24,2025-06-25,2025-06-26,0.22364729458917854,1.0,C38,2025-06-25 13:40:00,2025-06-25 13:45:00,33.58,27,29,0.002846975088967918,0.0016528925619834212,0.6285714285714286,35,33.06,34.18,33.95,33.5,33.13,1,-0.015372306661151969
CONTROL_UNSUPPORTED,0,SH603486,2025-07-14,2025-07-15,2025-07-16,0.19236499068901303,1.0,C39,2025-07-15 14:40:00,2025-07-15 14:45:00,70.42,39,41,-0.00671447096327954,0.00016542266105440406,0.5,86,70.61,68.88,68.5,68.96,69.53,1,-0.014611451240207907
CONTROL_UNSUPPORTED,0,SH601991,2025-07-21,2025-07-22,2025-07-23,0.10280373831775713,1.0,D44,2025-07-22 09:55:00,2025-07-22 10:00:00,3.89,0,1,-0.0014290837562623837,-0.001884549181055073,0.21875,32,4.08,4.05,4.07,4.01,3.95,1,0.013395092109359297
CONTROL_UNSUPPORTED,0,SZ002938,2025-07-25,2025-07-28,2025-07-29,0.3903726708074533,3.0,C39,2025-07-28 13:35:00,2025-07-28 13:40:00,49.24,15,16,-0.00363196125907983,0.002382641011638431,0.5714285714285714,98,49.64,51.75,52.47,51.83,51.37,1,0.04117282378044407
CONTROL_UNSUPPORTED,0,SH600392,2025-07-25,2025-07-28,2025-07-29,0.7312161115414408,2.0,C32,2025-07-28 14:50:00,2025-07-28 14:55:00,24.59,26,27,-0.003809523809523707,-0.010191367190339251,0.20833333333333334,24,23.94,24.27,24.29,24.1,24.4,2,-0.009709529317238785
CONTROL_UNSUPPORTED,0,SH601138,2025-07-30,2025-07-31,2025-08-01,0.5727788279773158,2.0,C39,2025-07-31 13:05:00,2025-07-31 13:10:00,35.9,10,11,-0.011849701371020482,0.004630799886137238,0.5714285714285714,98,34.0,33.8,33.71,33.98,33.67,1,-0.06399111736086105
CONTROL_UNSUPPORTED,0,SZ002837,2025-08-07,2025-08-08,2025-08-11,,,C35,2025-08-08 10:30:00,2025-08-08 10:35:00,46.39,2,3,0.0,0.005799116197230392,0.7647058823529411,34,47.99,48.93,49.06,49.86,50.25,1,0.0810430671295197
CONTROL_UNSUPPORTED,0,SH600737,2025-08-14,2025-08-15,2025-08-18,0.2747474747474745,2.0,C13,2025-08-15 10:35:00,2025-08-15 10:40:00,13.88,8,11,0.004491858506457058,-0.0006305170239596647,0.3333333333333333,9,14.65,15.27,15.27,15.27,15.27,1,0.09794572811847613
CONTROL_UNSUPPORTED,0,SZ002837,2025-08-14,2025-08-15,2025-08-18,,5.0,C35,2025-08-15 14:50:00,2025-08-15 14:55:00,64.05,13,19,0.009937888198757738,0.008482655404297046,0.8529411764705882,34,64.16,66.1,64.07,66.29,66.98,2,0.043655849240787914
CONTROL_UNSUPPORTED,0,SH600673,2025-08-15,2025-08-18,2025-08-19,0.18593314763231206,1.0,S91,2025-08-18 11:25:00,2025-08-18 11:30:00,18.72,20,21,0.00863311139819134,0.09982384028185542,1.0,1,17.82,17.42,17.41,17.55,17.3,1,-0.07770137518008813
CONTROL_UNSUPPORTED,0,SZ002600,2025-08-18,2025-08-19,2025-08-20,0.2110990206746466,1.0,C39,2025-08-19 13:35:00,2025-08-19 13:40:00,12.24,26,28,-0.0027443529660121646,-0.004863424383744208,0.37755102040816324,98,12.66,12.05,12.45,12.69,12.38,1,0.009416801622009974
CONTROL_UNSUPPORTED,0,SZ300757,2025-08-22,2025-08-25,2025-08-26,,1.0,C35,2025-08-25 13:40:00,2025-08-25 13:45:00,270.36,13,24,0.002680965147453085,0.0002750275027503246,0.5,34,273.0,274.9,271.2,270.86,271.67,1,0.0028374579597856275
CONTROL_UNSUPPORTED,0,SZ002600,2025-08-22,2025-08-25,2025-08-26,0.3446019629225736,2.0,C39,2025-08-25 13:45:00,2025-08-25 13:50:00,13.56,12,13,0.0033846153846153193,-0.0015698158663540185,0.4897959183673469,98,14.01,14.06,14.18,14.23,14.25,2,0.04878502377342264
CONTROL_UNSUPPORTED,0,SH603893,2025-08-27,2025-08-28,2025-08-29,0.2991865019584212,1.0,C39,2025-08-28 14:20:00,2025-08-28 14:25:00,237.16,16,23,-0.00011627906976741098,0.015999936134694637,0.826530612244898,98,236.8,232.08,237.0,239.9,237.9,1,0.0011157702494888344
CONTROL_UNSUPPORTED,0,SH601138,2025-09-10,2025-09-11,2025-09-12,0.22870879120879128,3.0,C39,2025-09-11 10:30:00,2025-09-11 10:35:00,59.04,8,9,-0.0013898756184201333,0.014757982354716148,0.8571428571428571,98,58.88,60.4,60.07,61.42,61.37,1,0.03738765806791733
CONTROL_UNSUPPORTED,0,SZ002436,2025-09-11,2025-09-12,2025-09-15,0.3094645080946452,3.0,C39,2025-09-12 10:05:00,2025-09-12 10:10:00,23.08,2,3,-0.0018624766859508535,0.007089709349381246,0.6836734693877551,98,22.32,22.28,22.19,22.16,22.48,1,-0.027942837256152764
CONTROL_UNSUPPORTED,0,SH603228,2025-09-11,2025-09-12,2025-09-15,0.14457831325301207,3.0,C39,2025-09-12 11:05:00,2025-09-12 11:10:00,68.97,0,17,-0.004719265762562264,-0.0021903007024464682,0.4387755102040816,98,68.97,68.83,69.5,68.94,69.98,2,0.01261653459020895
CONTROL_UNSUPPORTED,0,SZ002423,2025-09-16,2025-09-17,2025-09-18,-0.013382899628252787,1.0,J68,2025-09-17 14:20:00,2025-09-17 14:25:00,14.6,22,29,0.0020330663911134472,0.0016765540366261433,0.5,6,14.79,14.32,14.19,14.17,14.24,1,-0.026606513364504703
CONTROL_UNSUPPORTED,0,SH600498,2025-09-17,2025-09-18,2025-09-19,0.01744186046511631,1.0,C39,2025-09-18 13:35:00,2025-09-18 13:40:00,28.88,24,28,-0.007030072401097154,0.01529205436741854,0.7959183673469388,98,30.47,30.23,30.12,29.8,29.64,1,0.024264952857501187
CONTROL_UNSUPPORTED,0,SZ002600,2025-09-19,2025-09-22,2025-09-23,0.13787510137875092,3.0,C39,2025-09-22 14:55:00,2025-09-22 15:00:00,15.42,3,4,-0.0054977271628221525,0.014257895058334746,0.7448979591836735,98,15.16,15.07,15.06,15.11,15.14,1,-0.02012020240450718
CONTROL_UNSUPPORTED,0,SH600170,2025-09-22,2025-09-23,2025-09-24,0.30522088353413634,5.0,E48,2025-09-23 11:30:00,2025-09-23 13:05:00,3.58,20,21,-0.01975422955481021,-0.007018669516909548,0.21428571428571427,14,3.35,3.27,3.26,3.24,3.24,1,-0.09678054006721437
CONTROL_UNSUPPORTED,0,SZ002837,2025-09-24,2025-09-25,2025-09-26,0.0996520528879612,3.0,C35,2025-09-25 10:40:00,2025-09-25 10:45:00,86.91,11,12,-0.0016064257028112205,-0.006648199445983383,0.36363636363636365,33,86.05,84.0,83.38,83.28,82.46,1,-0.05309832910558154
CONTROL_UNSUPPORTED,0,SZ002130,2025-09-24,2025-09-25,2025-09-26,0.261007536691789,2.0,C39,2025-09-25 13:05:00,2025-09-25 13:10:00,34.96,5,6,-0.003759398496240629,0.007426541814659293,0.6701030927835051,97,34.2,33.49,33.2,33.39,33.47,2,-0.04453322262707482
CONTROL_UNSUPPORTED,0,SZ002600,2025-09-26,2025-09-29,2025-09-30,-0.05341055341055334,1.0,C39,2025-09-29 10:50:00,2025-09-29 10:55:00,16.14,10,13,-0.0009606147934677622,0.006508422664624813,0.5670103092783505,97,16.58,16.52,16.61,16.64,16.63,1,0.028300438961600616
CONTROL_UNSUPPORTED,0,SZ000630,2025-09-30,2025-10-09,2025-10-10,0.18847006651884723,1.0,C32,2025-10-09 09:50:00,2025-10-09 09:55:00,5.88,0,2,-0.0018187331164892795,0.03896290098946442,1.0,24,5.91,6.05,6.14,6.04,6.08,1,0.03194738665706032
CONTROL_UNSUPPORTED,0,SH600010,2025-10-13,2025-10-14,2025-10-15,0.125,2.0,C31,2025-10-14 10:10:00,2025-10-14 10:15:00,3.06,1,6,0.004283377641764008,0.0023980815347721673,0.5454545454545454,11,2.92,2.93,2.88,2.91,2.86,1,-0.06722712354153515
CONTROL_UNSUPPORTED,0,SH601212,2025-10-15,2025-10-16,2025-10-17,0.23853211009174302,4.0,C32,2025-10-16 10:15:00,2025-10-16 10:20:00,5.93,2,3,-0.0018608662714224011,0.0,0.4583333333333333,24,6.03,6.37,6.24,6.1,6.25,1,0.051856818020739714
CONTROL_UNSUPPORTED,0,SH601212,2025-10-16,2025-10-17,2025-10-20,0.40094339622641506,5.0,C32,2025-10-17 13:55:00,2025-10-17 14:00:00,6.51,25,26,-0.011793916821849715,-0.007229965156794416,0.20833333333333334,24,6.0,5.88,5.88,5.88,5.88,1,-0.09857906547528439
CONTROL_UNSUPPORTED,0,SH603179,2025-10-23,2025-10-24,2025-10-27,-0.15954773869346717,1.0,C36,2025-10-24 13:30:00,2025-10-24 13:35:00,73.59,27,28,-0.0003186743148501092,0.008889567125010545,0.75,20,76.0,77.49,77.24,77.04,76.32,1,0.035025050672021774
CONTROL_UNSUPPORTED,0,SH601611,2025-10-23,2025-10-24,2025-10-27,0.3939393939393938,6.0,E48,2025-10-24 14:40:00,2025-10-24 14:45:00,13.64,37,38,0.0,-0.006948606321026729,0.14285714285714285,14,13.22,14.16,13.83,13.65,14.02,2,0.025805316723742866
CONTROL_UNSUPPORTED,0,SH600885,2025-11-04,2025-11-05,2025-11-06,0.15530303030303028,1.0,C38,2025-11-05 11:30:00,2025-11-05 13:05:00,33.55,21,22,0.0,0.01322957198443575,0.8709677419354839,31,34.0,34.55,34.22,33.56,33.88,1,0.007818159583370843
CONTROL_UNSUPPORTED,0,SH601877,2025-11-06,2025-11-07,2025-11-10,0.012126865671641784,1.0,C38,2025-11-07 13:55:00,2025-11-07 14:00:00,35.8,32,33,0.0,0.005125576627370565,0.6129032258064516,31,35.17,34.46,34.18,33.97,33.89,1,-0.05524359576783622
CONTROL_UNSUPPORTED,0,SH601061,2025-11-10,2025-11-11,2025-11-12,0.49043977055449317,3.0,F51,2025-11-11 14:00:00,2025-11-11 14:05:00,17.15,33,34,-0.005827505827505908,-0.00016507098052159774,0.375,8,17.16,17.3,17.46,17.1,17.55,1,0.021278757659665803
CONTROL_UNSUPPORTED,0,SZ002466,2025-11-14,2025-11-17,2025-11-18,0.2161117078410313,2.0,C32,2025-11-17 14:20:00,2025-11-17 14:25:00,62.27,33,34,-0.0071634561110028305,-0.010810523198785948,0.4166666666666667,24,62.0,62.53,62.7,61.68,60.36,1,-0.032609835138872945
CONTROL_UNSUPPORTED,0,SZ002463,2025-11-25,2025-11-26,2025-11-27,-0.16312499999999996,1.0,C39,2025-11-26 14:25:00,2025-11-26 14:30:00,73.65,20,21,-0.0013404825737265424,0.0025211951862317283,0.5816326530612245,98,71.36,72.97,73.02,72.76,73.32,1,-0.006469949326003199
CONTROL_UNSUPPORTED,0,SH601399,2025-12-04,2025-12-05,2025-12-08,0.11671087533156488,2.0,C35,2025-12-05 09:45:00,2025-12-05 09:50:00,4.63,0,1,-0.002781641168289384,-0.002742921621531058,0.375,32,4.79,4.75,4.64,4.64,4.65,1,0.002312771611676645
CONTROL_UNSUPPORTED,0,SH600362,2025-12-25,2025-12-26,2025-12-29,0.17811158798283255,1.0,C32,2025-12-26 11:30:00,2025-12-26 13:05:00,48.3,17,21,-0.002106741573033699,0.024595577775068156,0.9166666666666666,24,50.41,50.97,49.97,50.19,50.67,1,0.04697202109094012
CONTROL_UNSUPPORTED,0,SH601212,2025-12-26,2025-12-29,2025-12-30,0.19308943089430897,2.0,C32,2025-12-29 10:25:00,2025-12-29 10:30:00,6.46,8,9,-0.0008032128514056103,-0.0005073566717402334,0.4583333333333333,24,5.62,5.69,5.81,5.79,5.86,1,-0.09469191195400362
CONTROL_UNSUPPORTED,0,SH603156,2026-01-06,2026-01-07,2026-01-08,0.031024531024530955,1.0,C15,2026-01-07 10:55:00,2026-01-07 11:00:00,31.44,3,4,-0.0024449877750610804,-0.0046965200359743164,0.21428571428571427,14,30.92,30.35,30.66,30.28,30.48,1,-0.03247158690735963
CONTROL_UNSUPPORTED,0,SZ002945,2026-01-06,2026-01-07,2026-01-08,0.20134680134680139,2.0,J67,2026-01-07 11:20:00,2026-01-07 11:25:00,19.62,2,20,-0.0020822488287350893,-0.007216494845360688,0.044444444444444446,45,17.86,17.43,17.21,17.33,17.07,2,-0.131707958492712
CONTROL_UNSUPPORTED,0,SH600879,2026-01-09,2026-01-12,2026-01-13,1.1173431734317343,7.0,C37,2026-01-12 10:50:00,2026-01-12 10:55:00,31.56,9,10,0.0,0.013123359580052396,0.7368421052631579,19,32.23,30.07,28.91,28.4,28.4,1,-0.10192491540426452
CONTROL_UNSUPPORTED,0,SH601611,2026-01-09,2026-01-12,2026-01-13,0.54035683942226,4.0,E48,2026-01-12 14:05:00,2026-01-12 14:10:00,19.93,30,34,0.00543207254759559,0.0014110635981404718,0.5714285714285714,14,20.09,18.86,18.7,18.35,18.44,2,-0.07661052431419169
CONTROL_UNSUPPORTED,0,SH600498,2026-01-12,2026-01-13,2026-01-14,0.6858267716535433,3.0,C39,2026-01-13 10:50:00,2026-01-13 10:55:00,47.1,0,1,0.0010119409026514425,-0.021654135338345815,0.17894736842105263,95,45.88,44.23,44.63,43.43,42.73,1,-0.09459416704619816
CONTROL_UNSUPPORTED,0,SH601179,2026-01-12,2026-01-13,2026-01-14,0.3806060606060606,2.0,C38,2026-01-13 14:30:00,2026-01-13 14:35:00,12.52,33,40,-0.004103967168262557,-0.007593560516067743,0.34375,32,12.58,12.7,12.9,13.09,13.22,2,0.05380056876688433
CONTROL_UNSUPPORTED,0,SH601216,2026-01-13,2026-01-14,2026-01-15,0.08649789029535859,1.0,C26,2026-01-14 10:10:00,2026-01-14 10:15:00,5.65,3,4,0.007633587786259444,0.005548970623096672,0.875,32,5.5,5.49,5.44,5.46,5.62,1,-0.007297375392566585
CONTROL_UNSUPPORTED,0,SZ002429,2026-01-13,2026-01-14,2026-01-15,0.2268907563025211,1.0,C39,2026-01-14 13:15:00,2026-01-14 13:20:00,9.64,0,25,-0.0025445292620864812,0.0038075458636206427,0.5894736842105263,95,9.14,8.95,8.72,8.68,8.76,2,-0.09310214515585458
CONTROL_UNSUPPORTED,0,SZ002281,2026-01-13,2026-01-14,2026-01-15,0.04268292682926833,1.0,C39,2026-01-14 13:40:00,2026-01-14 13:45:00,77.12,29,30,-0.0020174848688634395,0.012734082397003688,0.7789473684210526,95,78.01,78.5,79.39,79.5,78.93,3,0.021424767163932712
CONTROL_UNSUPPORTED,0,SH603000,2026-01-14,2026-01-15,2026-01-16,0.4925452609158678,3.0,I64,2026-01-15 13:20:00,2026-01-15 13:25:00,30.83,0,8,-0.002103049421661396,-0.0032589059027238743,0.5,10,27.75,27.75,27.75,27.75,27.75,1,-0.1017013125841173
CONTROL_UNSUPPORTED,0,SZ000559,2026-01-15,2026-01-16,2026-01-19,0.6149012567324952,6.0,C36,2026-01-16 13:50:00,2026-01-16 13:55:00,19.79,29,30,-0.004136086162313979,0.003971987038779101,0.5789473684210527,19,19.43,19.26,19.21,19.04,19.19,1,-0.03225600999890266
CONTROL_UNSUPPORTED,0,SH601212,2026-01-20,2026-01-21,2026-01-22,0.5038610038610039,3.0,C32,2026-01-21 10:15:00,2026-01-21 10:20:00,8.56,6,7,0.0,0.014044943820224587,0.6956521739130435,23,8.25,8.98,9.1,9.25,9.22,1,0.07495048191694842
CONTROL_UNSUPPORTED,0,SH601212,2026-01-23,2026-01-26,2026-01-27,0.7606112054329373,5.0,C32,2026-01-26 10:00:00,2026-01-26 10:05:00,11.39,1,2,-0.0066225165562914245,0.041297935103244754,0.9565217391304348,23,11.41,11.36,11.93,12.18,12.24,1,0.07247949139614329
CONTROL_UNSUPPORTED,0,SZ000426,2026-01-23,2026-01-26,2026-01-27,0.6033240997229916,1.0,B09,2026-01-26 10:00:00,2026-01-26 10:05:00,63.66,0,1,-0.0066225165562914245,0.05072021379373404,1.0,10,63.5,64.88,65.08,65.92,65.45,2,0.026063689412459956
CONTROL_UNSUPPORTED,0,SZ000630,2026-01-23,2026-01-26,2026-01-27,0.23381294964028787,1.0,C32,2026-01-26 13:40:00,2026-01-26 13:45:00,7.55,9,17,-0.004411764705882337,0.03308823529411753,0.8695652173913043,23,7.52,7.49,7.55,7.83,7.82,3,0.033691877708049045
CONTROL_UNSUPPORTED,0,SH601212,2026-01-26,2026-01-27,2026-01-28,1.033868092691622,6.0,C32,2026-01-27 13:15:00,2026-01-27 13:20:00,12.54,12,19,-0.009037745879851067,-0.02679031427099432,0.08695652173913043,23,12.57,13.2,13.47,13.75,13.8,1,0.09827943663042094
CONTROL_UNSUPPORTED,0,SZ000738,2026-01-26,2026-01-27,2026-01-28,0.12764955252001897,1.0,C37,2026-01-27 13:45:00,2026-01-27 13:50:00,26.31,27,28,-0.006833712984054552,0.021445591739475578,0.7368421052631579,19,26.31,26.45,26.06,26.1,25.82,2,-0.020585132741118395
CONTROL_UNSUPPORTED,0,SZ300017,2026-01-27,2026-01-28,2026-01-29,0.32615083251713983,1.0,I65,2026-01-28 10:30:00,2026-01-28 10:35:00,16.25,0,2,0.0008957133717208965,-0.0004943676650029927,0.5,22,15.32,15.09,16.02,16.24,16.37,1,0.005371608007159301
CONTROL_UNSUPPORTED,0,SH601212,2026-01-28,2026-01-29,2026-01-30,1.2131410256410255,7.0,C32,2026-01-29 11:15:00,2026-01-29 11:20:00,15.19,0,2,-0.0022226318700129255,0.012936966694192087,0.6956521739130435,23,13.67,13.67,13.67,13.67,13.67,1,-0.10186412719002458
CONTROL_UNSUPPORTED,0,SZ000878,2026-01-28,2026-01-29,2026-01-30,0.38808290155440406,1.0,C32,2026-01-29 14:00:00,2026-01-29 14:05:00,29.47,24,27,-0.0029521414947113467,-0.004034427111350158,0.43478260869565216,23,27.65,28.48,27.18,27.6,26.52,2,-0.1019000209759815
CONTROL_UNSUPPORTED,0,SZ002155,2026-02-02,2026-02-03,2026-02-04,0.5789473684210524,5.0,B09,2026-02-03 13:50:00,2026-02-03 13:55:00,36.63,30,31,0.012461180124223592,-0.002330274338199656,0.5,10,39.5,38.53,37.53,37.8,36.92,1,0.005902936685608484
CONTROL_UNSUPPORTED,0,SZ000415,2026-02-05,2026-02-06,2026-02-09,0.15496368038740904,1.0,L71,2026-02-06 14:05:00,2026-02-06 14:10:00,5.23,34,35,0.001179245283018826,0.0985324947589099,1.0,1,5.25,5.41,5.48,5.39,5.4,1,0.030441576341418974
CONTROL_UNSUPPORTED,0,SZ002080,2026-02-11,2026-02-12,2026-02-13,0.24594668865072822,2.0,C30,2026-02-12 13:45:00,2026-02-12 13:50:00,49.86,30,31,-0.0017857142857142794,-0.0024325636756630797,0.4166666666666667,12,49.87,49.24,49.23,49.15,49.18,1,-0.015609185463805186
CONTROL_UNSUPPORTED,0,SZ002916,2026-02-25,2026-02-26,2026-02-27,0.1424116424116424,2.0,C39,2026-02-26 14:25:00,2026-02-26 14:30:00,290.13,13,39,-0.004896555030805716,0.007484119410691381,0.65,100,284.0,285.92,281.86,277.96,278.8,1,-0.04097167613160935
CONTROL_UNSUPPORTED,0,SH600339,2026-02-27,2026-03-02,2026-03-03,0.14285714285714302,2.0,B11,2026-03-02 09:55:00,2026-03-02 10:00:00,4.66,0,1,-0.004132231404958553,0.0807860262008735,0.8571428571428571,7,5.07,5.13,5.13,5.13,5.13,1,0.09865857769363506
CONTROL_UNSUPPORTED,0,SH601808,2026-02-27,2026-03-02,2026-03-03,0.0779552715654952,1.0,B11,2026-03-02 09:55:00,2026-03-02 10:00:00,18.55,0,1,-0.004132231404958553,0.0807860262008735,0.8571428571428571,7,19.46,20.05,19.67,20.13,20.42,2,0.09860893333237497
CONTROL_UNSUPPORTED,0,SH600026,2026-02-27,2026-03-02,2026-03-03,0.4271844660194173,3.0,G55,2026-03-02 13:30:00,2026-03-02 13:35:00,22.62,0,1,-0.0028725314183124517,0.009667024704618665,0.6923076923076923,13,24.45,24.27,23.84,24.36,24.9,3,0.09859608967984701
CONTROL_UNSUPPORTED,0,SH600583,2026-03-02,2026-03-03,2026-03-04,0.2143950995405819,2.0,B11,2026-03-03 10:20:00,2026-03-03 10:25:00,8.7,5,6,-0.016516516516516644,0.09915014164305958,0.7142857142857143,7,8.35,7.85,8.12,8.05,7.98,1,-0.08459149924990073
CONTROL_UNSUPPORTED,0,SH601857,2026-03-02,2026-03-03,2026-03-04,0.21566632756866722,1.0,B07,2026-03-03 10:50:00,2026-03-03 10:55:00,13.14,13,14,-0.00835654596100277,0.08971109984794734,1.0,3,13.69,12.75,12.86,12.77,12.68,2,-0.036935907417441016
CONTROL_UNSUPPORTED,0,SH600688,2026-03-02,2026-03-03,2026-03-04,0.1368078175895766,1.0,C25,2026-03-03 11:05:00,2026-03-03 11:10:00,3.82,5,8,-0.00432432432432428,0.055326858808044665,1.0,2,3.89,3.48,3.61,3.55,3.51,3,-0.08298792178726344
CONTROL_UNSUPPORTED,0,SH600938,2026-03-06,2026-03-09,2026-03-10,0.11175178473366287,2.0,B07,2026-03-09 10:05:00,2026-03-09 10:10:00,44.54,0,1,-0.01956228588089509,0.08130081300813008,1.0,3,39.03,39.69,39.95,40.22,40.11,1,-0.10126066120551636
CONTROL_UNSUPPORTED,0,SH600188,2026-03-06,2026-03-09,2026-03-10,0.31335149863760225,2.0,B06,2026-03-09 10:45:00,2026-03-09 10:50:00,21.21,0,1,-0.01588740843372749,0.05919226512726938,1.0,14,19.18,19.31,19.53,19.4,19.55,2,-0.08010682735787733
CONTROL_UNSUPPORTED,0,SZ002429,2026-03-10,2026-03-11,2026-03-12,0.07849462365591386,4.0,C39,2026-03-11 11:30:00,2026-03-11 13:05:00,11.03,17,18,0.0,0.002157907001165693,0.52,100,10.61,10.96,10.96,11.0,10.89,1,-0.014665544339467873
CONTROL_UNSUPPORTED,0,SH601868,2026-03-11,2026-03-12,2026-03-13,0.4375000000000002,3.0,E48,2026-03-12 14:05:00,2026-03-12 14:10:00,3.79,30,34,-0.003072559678563014,0.008867550360087684,0.7857142857142857,14,3.8,3.86,3.83,3.69,3.76,1,-0.009898001053516348
CONTROL_UNSUPPORTED,0,SH600602,2026-03-17,2026-03-18,2026-03-19,-0.01815575728619201,3.0,I65,2026-03-18 13:40:00,2026-03-18 13:45:00,22.6,29,30,-0.006691449814126393,0.008956560680698722,0.8695652173913043,23,22.31,22.95,22.98,23.0,23.09,1,0.019639839954876948
CONTROL_UNSUPPORTED,0,SZ002432,2026-03-18,2026-03-19,2026-03-20,0.41859914813062016,4.0,C35,2026-03-19 10:05:00,2026-03-19 10:10:00,65.95,4,5,-0.010425716768027726,-0.017123287671232945,0.12121212121212122,33,66.33,66.99,66.0,65.8,64.63,1,-0.021973418743472584
CONTROL_UNSUPPORTED,0,SH601872,2026-04-01,2026-04-02,2026-04-03,0.01637492941840768,3.0,G55,2026-04-02 11:10:00,2026-04-02 11:15:00,19.8,1,18,-0.010245901639344246,0.0049261083743843415,0.6923076923076923,13,20.05,21.0,20.8,20.61,20.36,1,0.02622806102925579
CONTROL_UNSUPPORTED,0,SZ000617,2026-04-02,2026-04-03,2026-04-07,0.08296943231441056,2.0,J66,2026-04-03 10:15:00,2026-04-03 10:20:00,10.91,0,1,-0.009990917347865502,-0.005855772461412889,0.09375,32,10.72,11.22,11.39,11.16,11.24,1,0.0281887862570116
CONTROL_UNSUPPORTED,0,SH600487,2026-04-02,2026-04-03,2026-04-07,0.04891944990176822,1.0,C38,2026-04-03 10:35:00,2026-04-03 10:40:00,58.73,6,7,-0.006224066390041583,-0.005325339279887931,0.20588235294117646,34,58.35,60.6,60.46,61.1,60.29,2,0.024510904877860007
CONTROL_UNSUPPORTED,0,SZ002281,2026-04-08,2026-04-09,2026-04-10,0.14043639740018588,2.0,C39,2026-04-09 11:25:00,2026-04-09 11:30:00,108.09,8,20,-0.012396694214875992,-0.0002595504526726189,0.47,100,111.72,110.41,109.36,109.1,108.18,1,-0.0011672754175104938
CONTROL_UNSUPPORTED,0,SH603688,2026-04-10,2026-04-13,2026-04-14,-0.07107698365820048,1.0,C30,2026-04-13 10:35:00,2026-04-13 10:40:00,51.9,0,3,-0.0018417205672363046,0.012838240114260158,0.75,12,51.01,49.83,49.99,50.03,49.94,1,-0.03968771980794583
CONTROL_UNSUPPORTED,0,SZ002463,2026-04-13,2026-04-14,2026-04-15,0.09226410445922628,1.0,C39,2026-04-14 13:30:00,2026-04-14 13:35:00,97.54,3,28,-0.00033556867297501736,0.007749655127950783,0.7,100,98.6,97.35,96.9,96.2,95.47,1,-0.023177906795998515
CONTROL_UNSUPPORTED,0,SZ000657,2026-04-16,2026-04-17,2026-04-20,-0.046656869948567214,1.0,C33,2026-04-17 13:55:00,2026-04-17 14:00:00,57.08,28,29,-0.0019980623036237044,-0.00319995132356532,0.5,6,57.16,58.93,58.3,58.8,60.52,1,0.058147614676462345
CONTROL_UNSUPPORTED,0,SH600208,2026-04-21,2026-04-22,2026-04-23,0.2621359223300972,1.0,K70,2026-04-22 10:00:00,2026-04-22 10:05:00,4.29,3,4,-0.001413603858307022,0.0010881392818281599,0.5,10,4.1,4.16,4.15,4.17,4.16,1,-0.03224072830246971
CONTROL_UNSUPPORTED,0,SH600487,2026-04-21,2026-04-22,2026-04-23,0.4458413926499032,2.0,C38,2026-04-22 11:05:00,2026-04-22 11:10:00,65.78,10,11,0.0,-0.00034304042371724464,0.47058823529411764,34,66.77,67.82,69.99,69.21,68.35,2,0.036993304042530095
CONTROL_UNSUPPORTED,0,SZ002475,2026-04-24,2026-04-27,2026-04-28,0.315002988643156,1.0,C39,2026-04-27 13:30:00,2026-04-27 13:35:00,72.58,25,26,-0.0006680026720107257,0.02119167183835957,0.85,100,71.02,72.0,71.05,71.25,71.61,1,-0.015336108549796723
CONTROL_UNSUPPORTED,0,SH600606,2026-04-29,2026-04-30,2026-05-06,-0.03289473684210531,1.0,E48,2026-04-30 13:10:00,2026-04-30 13:15:00,1.61,21,22,-0.005930318754633124,-0.008632380174689036,0.2857142857142857,14,1.54,1.57,1.55,1.56,1.56,1,-0.03299209419664506
CONTROL_UNSUPPORTED,0,SH601991,2026-05-07,2026-05-08,2026-05-11,0.35849056603773577,2.0,D44,2026-05-08 11:05:00,2026-05-08 11:10:00,5.53,0,10,-0.0033333333333332993,-0.00289265067427813,0.28125,32,6.0,6.09,6.09,6.09,6.09,1,0.09906521718497174
CONTROL_UNSUPPORTED,0,SH600578,2026-05-14,2026-05-15,2026-05-18,0.23929961089494167,2.0,D44,2026-05-15 11:30:00,2026-05-15 13:05:00,6.99,21,22,-0.0019695538587158334,0.004284784660929186,0.65625,32,7.23,7.71,7.71,7.71,7.71,1,0.10080021234800851
CONTROL_UNSUPPORTED,0,SH600032,2026-05-15,2026-05-18,2026-05-19,0.03979591836734686,1.0,D44,2026-05-18 14:55:00,2026-05-18 15:00:00,11.2,24,36,-0.008614376556874415,0.006217305055796873,0.65625,32,11.03,10.93,10.97,10.91,11.03,1,-0.017146491894017735
CONTROL_UNSUPPORTED,0,SH600584,2026-05-19,2026-05-20,2026-05-21,0.3905785501943748,2.0,C39,2026-05-20 10:25:00,2026-05-20 10:30:00,66.89,7,8,-0.0117079096954536,-0.0007901501327786664,0.48,100,66.88,66.79,67.73,68.45,70.13,1,0.04634269177795458
CONTROL_UNSUPPORTED,0,SZ002156,2026-05-22,2026-05-25,2026-05-26,0.3432140588608936,1.0,C39,2026-05-25 13:55:00,2026-05-25 14:00:00,69.78,26,30,-0.002034921613619345,0.011368139915568065,0.66,100,73.02,74.33,73.4,72.35,73.0,1,0.044054566816848606
CONTROL_UNSUPPORTED,0,SZ002409,2026-05-22,2026-05-25,2026-05-26,0.33006050919054686,2.0,C26,2026-05-25 14:40:00,2026-05-25 14:45:00,128.15,23,31,0.0,-0.014875973539418996,0.25,32,125.54,123.48,122.58,121.28,121.21,2,-0.05604532197593137
CONTROL_UNSUPPORTED,0,SZ002463,2026-05-25,2026-05-26,2026-05-27,0.186598237629515,1.0,C39,2026-05-26 13:35:00,2026-05-26 13:40:00,134.79,27,28,-0.004601486788921305,-0.018804208225636276,0.33,100,130.21,129.59,129.08,130.58,131.54,1,-0.026061651047445844
CONTROL_UNSUPPORTED,0,SZ002185,2026-05-26,2026-05-27,2026-05-28,0.49719326383319973,2.0,C39,2026-05-27 10:25:00,2026-05-27 10:30:00,20.54,2,6,-0.009882128741809104,0.014405523578962964,0.71,100,20.15,20.45,20.36,21.16,20.84,1,0.012578210704456971
CONTROL_UNSUPPORTED,0,SZ002384,2026-06-01,2026-06-02,2026-06-03,0.04070556309362283,1.0,C39,2026-06-02 13:25:00,2026-06-02 13:30:00,210.93,26,27,-0.0037930681689203327,0.011799722152009084,0.67,100,219.6,220.99,225.01,226.88,229.29,1,0.08487090984692491
CONTROL_UNSUPPORTED,0,SZ002436,2026-06-01,2026-06-02,2026-06-03,0.4064093226511287,3.0,C39,2026-06-02 13:35:00,2026-06-02 13:40:00,42.47,26,27,-0.002304587935429203,0.016221680061903054,0.76,100,42.33,41.89,41.77,41.81,41.95,2,-0.014217721498649194
CONTROL_UNSUPPORTED,0,SH600522,2026-06-01,2026-06-02,2026-06-03,0.14906651108518076,2.0,C38,2026-06-02 14:55:00,2026-06-02 15:00:00,43.32,29,31,-0.005964068229306396,-0.003932678590036431,0.4411764705882353,34,43.89,44.7,44.9,45.77,45.76,3,0.0542142204849132
CONTROL_UNSUPPORTED,0,SZ000100,2026-06-02,2026-06-03,2026-06-04,0.0374707259953162,1.0,C39,2026-06-03 09:50:00,2026-06-03 09:55:00,4.85,0,1,-0.004325459897507544,0.022598414617761686,0.78,100,4.72,4.78,4.75,4.76,4.85,1,-0.001998251061922085
CONTROL_UNSUPPORTED,0,SZ002463,2026-06-03,2026-06-04,2026-06-05,0.23866781181410435,2.0,C39,2026-06-04 14:35:00,2026-06-04 14:40:00,142.78,36,40,-0.014658995004729836,0.001719211405347587,0.54,100,137.1,135.62,135.93,137.04,138.04,1,-0.03512984014979492
CONTROL_UNSUPPORTED,0,SH600176,2026-06-08,2026-06-09,2026-06-10,-0.0644567219152854,1.0,C30,2026-06-09 11:00:00,2026-06-09 11:05:00,39.12,7,10,-0.0016604225778904524,3.289705038234114e-05,0.5,12,40.0,39.43,40.26,40.13,40.66,1,0.03728913885026164
CONTROL_UNSUPPORTED,0,SH600378,2026-06-09,2026-06-10,2026-06-11,0.5855855855855856,4.0,C26,2026-06-10 09:50:00,2026-06-10 09:55:00,58.08,1,2,-0.0053764994941465916,-0.006802968443895441,0.375,32,63.89,63.89,63.89,63.89,63.8,1,0.09628979996985843
CONTROL_UNSUPPORTED,0,SZ001696,2026-06-09,2026-06-10,2026-06-11,0.021536670547147807,2.0,C34,2026-06-10 13:30:00,2026-06-10 13:35:00,19.3,0,28,-0.01064588187376836,-0.04004734010987965,0.1,10,19.0,19.54,19.63,20.3,20.6,2,0.06522466466965837
CONTROL_UNSUPPORTED,0,SZ000032,2026-06-11,2026-06-12,2026-06-15,-0.06267029972752058,1.0,E49,2026-06-12 13:50:00,2026-06-12 13:55:00,18.92,27,32,0.01700108696221314,0.09941860465116292,1.0,1,19.2,19.66,19.8,19.91,20.24,1,0.06762977793375735
CONTROL_UNSUPPORTED,0,SZ000733,2026-06-15,2026-06-16,2026-06-17,0.15442812639074344,2.0,C39,2026-06-16 13:15:00,2026-06-16 13:20:00,57.07,24,25,-0.0061286096407967006,0.019667484945262714,0.74,100,56.1,57.42,57.53,57.3,58.06,1,0.015314202616870443
CONTROL_UNSUPPORTED,0,SH600378,2026-06-16,2026-06-17,2026-06-18,0.6661878770468255,6.0,C26,2026-06-17 11:25:00,2026-06-17 11:30:00,63.8,15,21,-0.007541546756452466,-0.0016291328230236268,0.46875,32,64.65,62.57,62.6,63.16,64.2,1,0.004258813194743194
CONTROL_UNSUPPORTED,0,SZ000100,2026-06-16,2026-06-17,2026-06-18,0.08139534883720945,2.0,C39,2026-06-17 13:05:00,2026-06-17 13:10:00,5.1,17,19,-0.007956834532374168,0.009145274374951273,0.61,100,5.21,5.09,5.12,5.12,5.12,2,0.0019154812868549254
CONTROL_UNSUPPORTED,0,SZ002080,2026-06-16,2026-06-17,2026-06-18,0.1655258245177349,4.0,C30,2026-06-17 13:15:00,2026-06-17 13:20:00,82.41,2,21,-0.008879928315412289,0.00028174586407836433,0.5,12,82.25,80.41,79.95,78.92,79.3,3,-0.03966097936185431
CONTROL_UNSUPPORTED,0,SH600392,2026-06-17,2026-06-18,2026-06-22,0.21076987799747582,1.0,C32,2026-06-18 13:30:00,2026-06-18 13:35:00,31.66,5,10,-0.010397631581040845,0.0,0.4782608695652174,23,32.78,33.09,32.97,33.58,33.86,1,0.06735120717129872
CONTROL_UNSUPPORTED,0,SZ002436,2026-06-17,2026-06-18,2026-06-22,0.4251639833035181,4.0,C39,2026-06-18 14:20:00,2026-06-18 14:25:00,52.58,29,30,-0.013070202484553706,0.010851111106947364,0.65,100,53.5,53.88,53.48,54.21,54.5,2,0.03444456670074647
CONTROL_UNSUPPORTED,0,SZ000657,2026-06-18,2026-06-22,2026-06-23,0.7365543995767942,4.0,C33,2026-06-22 10:00:00,2026-06-22 10:05:00,108.33,2,3,-0.011202879522182185,-0.02638327021288811,0.16666666666666666,6,113.99,109.99,105.01,106.0,108.9,1,0.003252935099757215
CONTROL_UNSUPPORTED,0,SH600909,2026-06-23,2026-06-24,2026-06-25,0.42506811989100823,2.0,J67,2026-06-24 10:15:00,2026-06-24 10:20:00,11.51,1,7,-0.010270108376695952,-0.014992503748125885,0.06666666666666667,45,11.99,12.31,11.46,11.47,11.42,1,-0.009801913738240464
CONTROL_UNSUPPORTED,0,SZ000032,2026-06-23,2026-06-24,2026-06-25,0.21904761904761916,5.0,E49,2026-06-24 10:20:00,2026-06-24 10:25:00,25.34,4,5,-0.011546409423774662,0.09982638888888884,1.0,1,26.48,26.69,26.61,26.29,25.58,2,0.007454014910656337
CONTROL_UNSUPPORTED,0,SH600563,2026-06-23,2026-06-24,2026-06-25,-0.05753059212434042,1.0,C39,2026-06-24 11:15:00,2026-06-24 11:20:00,178.75,11,15,-0.015357985239290883,-0.005414199074493642,0.39,100,183.0,181.99,185.14,186.0,186.09,3,0.03898263194342344
CONTROL_UNSUPPORTED,0,SZ000100,2026-06-24,2026-06-25,2026-06-26,0.04301075268817178,2.0,C39,2026-06-25 10:05:00,2026-06-25 10:10:00,5.33,3,4,-0.007144758383559879,0.006887467622027077,0.59,100,5.36,5.39,5.49,5.49,5.47,1,0.024215678553712428
CONTROL_UNSUPPORTED,0,SH600176,2026-06-24,2026-06-25,2026-06-26,0.5702519379844959,5.0,C30,2026-06-25 13:30:00,2026-06-25 13:35:00,71.29,25,26,-0.005994530559905897,0.01353929433499057,0.5833333333333334,12,71.0,72.92,76.4,75.55,73.28,2,0.025860122908996308
CONTROL_UNSUPPORTED,0,SZ002025,2026-06-24,2026-06-25,2026-06-26,-0.0937414965986395,2.0,C39,2026-06-25 13:40:00,2026-06-25 13:45:00,73.27,1,2,-0.006949213199789361,0.009019507973223484,0.59,100,73.73,71.6,73.1,72.35,71.92,3,-0.02038643669132567
CONTROL_UNSUPPORTED,0,SZ002138,2026-06-26,2026-06-29,2026-06-30,0.4044897959183673,4.0,C39,2026-06-29 10:30:00,2026-06-29 10:35:00,75.7,0,8,0.007598788582184879,-0.014025021812448635,0.37,100,75.07,72.4,72.17,71.79,70.91,1,-0.06514789937649812
CONTROL_UNSUPPORTED,0,SH603650,2026-06-26,2026-06-29,2026-06-30,0.4997378997029531,3.0,C26,2026-06-29 14:05:00,2026-06-29 14:10:00,94.4,0,7,0.007444214570710872,-0.001281944732204221,0.46875,32,93.99,93.01,90.68,90.7,92.92,2,-0.017644888651205504
CONTROL_UNSUPPORTED,0,SZ002402,2026-06-29,2026-06-30,2026-07-01,-0.13644722324383962,1.0,C39,2026-06-30 11:15:00,2026-06-30 11:20:00,25.83,18,19,-0.012239335730132417,0.039746409282622075,0.92,100,26.62,27.16,27.18,27.05,27.55,1,0.06445792424483332
CONTROL_UNSUPPORTED,0,SH603019,2026-06-29,2026-06-30,2026-07-01,0.1049648605758331,1.0,C39,2026-06-30 14:45:00,2026-06-30 14:50:00,107.22,30,31,-0.006861245145345418,0.04588248801630346,0.95,100,107.59,109.57,106.84,107.7,106.42,2,-0.009444636056796685
CONTROL_UNSUPPORTED,0,SZ000021,2026-06-29,2026-06-30,2026-07-01,0.4792661472731843,2.0,C39,2026-06-30 14:45:00,2026-06-30 14:50:00,64.75,42,43,-0.006861245145345418,0.04588248801630346,0.95,100,63.53,65.86,65.06,65.85,64.68,3,-0.0030771718715848495
CONTROL_UNSUPPORTED,0,SH603379,2026-06-30,2026-07-01,2026-07-02,0.2355910126994465,1.0,C26,2026-07-01 09:45:00,2026-07-01 09:50:00,83.47,0,1,0.0,0.009117464905037176,0.6875,32,81.09,77.88,80.47,81.73,83.66,1,0.0002734673075310834
CONTROL_UNSUPPORTED,0,SZ002841,2026-07-08,2026-07-09,2026-07-10,0.3598278335724534,2.0,C39,2026-07-09 10:45:00,2026-07-09 10:50:00,52.12,6,13,-0.009092180902477542,0.0006957450249149844,0.51,100,53.87,54.11,54.63,54.22,54.3,1,0.039744723087828726
SELECTED_SUPPORT,1,SH601919,2021-05-14,2021-05-17,2021-05-18,0.31495520330806337,1.0,G55,2021-05-17 13:30:00,2021-05-17 13:40:00,20.95,26,27,0.0008917411175746182,0.0030674846625766694,0.5384615384615384,13,21.4,21.76,21.49,21.4,21.45,1,0.021309112757162962
SELECTED_SUPPORT,1,SZ002709,2021-05-14,2021-05-17,2021-05-18,-0.24272311763290833,1.0,C26,2021-05-17 14:30:00,2021-05-17 14:40:00,69.26,32,33,0.001083172396487364,0.008286429018136365,0.6176470588235294,34,70.0,70.48,70.09,70.19,71.5,2,0.029763495633004622
SELECTED_SUPPORT,1,SZ000718,2021-05-21,2021-05-24,2021-05-25,0.695198329853862,9.0,K70,2021-05-24 14:00:00,2021-05-24 14:10:00,8.91,28,32,0.0012531347999302778,0.0022900763358779663,0.6451612903225806,31,8.81,9.13,9.54,9.54,9.54,1,0.06803284438785595
SELECTED_SUPPORT,1,SH600085,2021-05-25,2021-05-26,2021-05-27,0.2858117326057299,2.0,C27,2021-05-26 11:10:00,2021-05-26 11:20:00,41.41,2,18,0.0021392821392821615,0.004716981132075304,0.6,55,41.05,41.3,41.15,41.17,42.06,1,0.013159860679985869
SELECTED_SUPPORT,1,SH600779,2021-06-02,2021-06-03,2021-06-04,0.23900293255131966,2.0,C15,2021-06-03 11:10:00,2021-06-03 11:20:00,139.43,16,18,0.0026581605528974706,0.03179972936400555,1.0,17,133.0,134.29,135.99,136.67,137.0,1,-0.019882197705720306
SELECTED_SUPPORT,1,SH600460,2021-06-22,2021-06-23,2021-06-24,0.36520376175548575,3.0,C39,2021-06-23 13:30:00,2021-06-23 13:40:00,57.35,21,22,0.0006314859561773467,0.017980636237897585,0.7901234567901234,81,55.0,55.93,56.79,56.2,55.88,1,-0.02806569079387633
SELECTED_SUPPORT,1,SH600010,2021-07-08,2021-07-09,2021-07-12,0.043209876543209846,1.0,C31,2021-07-09 13:55:00,2021-07-09 14:05:00,1.85,19,20,0.0011383868986374335,0.03508441204809176,0.95,20,1.94,2.02,2.02,2.05,2.0,1,0.07838094435897758
SELECTED_SUPPORT,1,SZ002709,2021-07-08,2021-07-09,2021-07-12,0.11111111111111094,1.0,C26,2021-07-09 14:05:00,2021-07-09 14:15:00,113.85,34,35,0.0012664802749704496,0.019590866751056923,0.7352941176470589,34,113.0,111.2,113.01,113.6,109.62,2,-0.03955897947664644
SELECTED_SUPPORT,1,SH600010,2021-07-09,2021-07-12,2021-07-13,0.15527950310559002,2.0,C31,2021-07-12 09:45:00,2021-07-12 09:55:00,2.05,0,1,0.00494574559883687,0.04657275239460601,0.95,20,2.05,2.03,2.02,2.0,2.0,1,-0.026826952651654135
SELECTED_SUPPORT,1,SH600259,2021-07-09,2021-07-12,2021-07-13,0.20561282932416947,1.0,B09,2021-07-12 09:45:00,2021-07-12 09:55:00,46.31,0,1,0.00494574559883687,0.027108409419324686,1.0,12,42.5,42.22,42.0,41.65,41.31,2,-0.11019600408963148
SELECTED_SUPPORT,1,SH601877,2021-07-09,2021-07-12,2021-07-13,-0.010243277848911547,1.0,C38,2021-07-12 13:15:00,2021-07-12 13:25:00,33.89,24,25,0.007829977628635465,0.0103420843277644,0.7428571428571429,35,33.44,32.73,33.18,33.6,32.85,3,-0.033108498951667675
SELECTED_SUPPORT,1,SZ002129,2021-07-14,2021-07-15,2021-07-16,0.42260869565217396,1.0,C38,2021-07-15 14:35:00,2021-07-15 14:45:00,44.91,35,41,0.0017051281579130162,0.001781623822855627,0.5142857142857142,35,44.99,44.96,45.8,46.18,45.57,1,0.012161727050895577
SELECTED_SUPPORT,1,SH600392,2021-07-15,2021-07-16,2021-07-19,0.44595429277331666,3.0,C32,2021-07-16 13:05:00,2021-07-16 13:15:00,25.73,11,12,0.0012510838161597926,0.02312958780350083,0.875,16,24.57,24.79,24.59,24.5,25.14,1,-0.025370786218583685
SELECTED_SUPPORT,1,SH600329,2021-07-20,2021-07-21,2021-07-22,0.17631806395851335,1.0,C27,2021-07-21 10:05:00,2021-07-21 10:15:00,29.94,2,5,0.0024752626903163932,0.004611242903217017,0.7454545454545455,55,30.0,29.29,28.61,28.97,28.32,1,-0.05647070078731531
SELECTED_SUPPORT,1,SH600111,2021-07-20,2021-07-21,2021-07-22,0.75732421875,5.0,C32,2021-07-21 13:50:00,2021-07-21 14:00:00,39.59,29,31,2.6756568737629216e-05,0.028589508017680898,0.875,16,40.37,40.26,39.7,39.92,39.22,2,-0.011820078557030378
SELECTED_SUPPORT,1,SH600703,2021-07-20,2021-07-21,2021-07-22,0.0706781279847184,1.0,C39,2021-07-21 14:50:00,2021-07-21 15:00:00,36.62,23,32,0.0009654701879374672,0.005631536604987941,0.6172839506172839,81,36.6,36.22,36.59,36.57,36.78,3,0.0018606580696058916
SELECTED_SUPPORT,1,SH600010,2021-07-21,2021-07-22,2021-07-23,0.5192307692307692,6.0,C31,2021-07-22 11:10:00,2021-07-22 11:20:00,2.6,9,10,0.002324263038548713,0.0405706793871341,1.0,20,2.71,2.75,2.77,2.8,2.73,1,0.047377492208656946
SELECTED_SUPPORT,1,SH600703,2021-07-21,2021-07-22,2021-07-23,0.1283950617283951,2.0,C39,2021-07-22 14:25:00,2021-07-22 14:35:00,39.99,38,39,0.0033736297296733664,0.00628436763550666,0.5555555555555556,81,40.59,40.15,39.98,40.24,40.38,2,0.007230453694032191
SELECTED_SUPPORT,1,SH600346,2021-07-21,2021-07-22,2021-07-23,0.14055201698513797,2.0,C28,2021-07-22 14:45:00,2021-07-22 14:55:00,29.47,28,29,0.0025272118292032353,0.03645035807067942,0.875,8,29.56,30.4,30.53,30.26,30.03,3,0.016457287993471015
SELECTED_SUPPORT,1,SH603806,2021-07-28,2021-07-29,2021-07-30,0.05374298487586793,2.0,C29,2021-07-29 13:20:00,2021-07-29 13:30:00,121.86,23,24,0.007352941176470562,0.022954091816367317,0.8571428571428571,7,121.86,127.39,130.29,132.5,129.77,1,0.06225080431031249
SELECTED_SUPPORT,1,SH600703,2021-07-28,2021-07-29,2021-07-30,0.22308892355694243,3.0,C39,2021-07-29 14:25:00,2021-07-29 14:35:00,42.99,24,25,0.009191880505553529,0.029110512129379984,0.9135802469135802,81,41.0,40.71,40.96,41.48,41.83,2,-0.029413252271555335
SELECTED_SUPPORT,1,SH603650,2021-07-28,2021-07-29,2021-07-30,0.3555093555093556,3.0,C26,2021-07-29 14:50:00,2021-07-29 15:00:00,71.48,30,31,0.0066225165562914245,0.023950441919191934,0.7941176470588235,34,72.1,72.32,71.0,72.28,72.54,3,0.01229465831022969
SELECTED_SUPPORT,1,SH603939,2021-08-09,2021-08-10,2021-08-11,-0.4762365591397849,1.0,F52,2021-08-10 14:50:00,2021-08-10 15:00:00,53.58,41,44,0.0027700831024930483,0.008007928089956762,0.75,16,53.03,52.9,54.4,54.02,53.41,1,-0.005662527615770574
SELECTED_SUPPORT,1,SH603379,2021-08-13,2021-08-16,2021-08-17,0.11010421386497504,2.0,C26,2021-08-16 10:05:00,2021-08-16 10:15:00,26.56,0,3,0.004039044092897903,0.007357102433503071,0.6666666666666666,33,25.02,24.26,24.35,24.26,24.26,1,-0.0888777265855557
SELECTED_SUPPORT,1,SH601615,2021-08-20,2021-08-23,2021-08-24,-0.004687499999999956,1.0,C34,2021-08-23 10:00:00,2021-08-23 10:10:00,21.02,3,4,0.005363283344010927,0.019844082211197822,0.6666666666666666,9,21.22,21.78,22.02,22.04,21.84,1,0.03641540618173478
SELECTED_SUPPORT,1,SH600699,2021-08-20,2021-08-23,2021-08-24,-0.0494505494505495,1.0,C36,2021-08-23 10:20:00,2021-08-23 10:30:00,28.47,7,8,0.007787154479761416,0.010430858310626623,0.875,24,27.1,27.35,27.12,27.0,26.47,2,-0.07257155506169732
SELECTED_SUPPORT,1,SZ000629,2021-08-20,2021-08-23,2021-08-24,0.18214285714285716,2.0,C32,2021-08-23 10:40:00,2021-08-23 10:50:00,3.62,1,6,0.007476661635641979,0.013347916989313924,0.8125,16,3.75,3.9,3.94,4.0,4.0,3,0.10221256743873397
SELECTED_SUPPORT,1,SH600010,2021-08-23,2021-08-24,2021-08-25,0.050193050193050315,3.0,C31,2021-08-24 13:10:00,2021-08-24 13:20:00,2.95,14,15,0.001968992248062018,0.028810890330066563,0.95,20,3.05,3.03,3.07,3.07,3.0,1,0.014409193422427968
SELECTED_SUPPORT,1,SH601958,2021-08-23,2021-08-24,2021-08-25,0.09695290858725758,1.0,B09,2021-08-24 14:00:00,2021-08-24 14:10:00,8.71,8,32,0.0023740285503350833,0.01794340924775706,0.9090909090909091,11,8.66,8.69,8.64,8.64,8.81,2,0.008954754399241871
SELECTED_SUPPORT,1,SZ002120,2021-08-27,2021-08-30,2021-08-31,0.1372699386503069,1.0,G60,2021-08-30 10:05:00,2021-08-30 10:15:00,16.28,0,5,0.0015372704111094038,0.03136714953487296,1.0,4,15.73,15.84,15.77,15.71,15.31,1,-0.06193112169682102
SELECTED_SUPPORT,1,SH600039,2021-08-30,2021-08-31,2021-09-01,0.11908646003262646,2.0,E48,2021-08-31 14:40:00,2021-08-31 14:50:00,7.55,23,39,0.003763684516138177,0.02402402402402415,0.8666666666666667,15,7.44,7.58,7.46,7.53,7.72,1,0.019962691876484806
SELECTED_SUPPORT,1,SH600383,2021-08-31,2021-09-01,2021-09-02,0.21962616822429903,3.0,K70,2021-09-01 10:55:00,2021-09-01 11:05:00,11.45,12,13,0.002115160589254317,0.01183431952662728,0.8275862068965517,29,11.69,11.7,11.8,11.95,12.05,1,0.04977324026735852
SELECTED_SUPPORT,1,SZ002120,2021-08-31,2021-09-01,2021-09-02,0.1264619883040936,1.0,G60,2021-09-01 13:15:00,2021-09-01 13:25:00,16.89,20,25,0.010877932997835238,0.05108715823332932,1.0,4,17.15,17.25,17.11,17.07,17.11,2,0.010495299652661272
SELECTED_SUPPORT,1,SZ000877,2021-08-31,2021-09-01,2021-09-02,0.14607614607614616,1.0,C30,2021-09-01 13:25:00,2021-09-01 13:35:00,16.2,26,27,0.010033557046979835,0.04020655270655271,0.7777777777777778,18,16.67,16.62,16.33,16.64,16.35,3,0.006738506620314277
SELECTED_SUPPORT,1,SH600166,2021-09-01,2021-09-02,2021-09-03,-0.02375296912114011,0.0,C36,2021-09-02 10:50:00,2021-09-02 11:00:00,4.5,11,12,0.0006111379369889702,0.006900759752785035,0.7083333333333334,24,4.5,4.58,4.58,4.52,4.52,1,0.0019357174144187805
SELECTED_SUPPORT,1,SZ000983,2021-09-01,2021-09-02,2021-09-03,0.44035532994923865,2.0,B06,2021-09-02 11:00:00,2021-09-02 11:10:00,12.49,14,15,0.0009687140543754857,0.04938271604938249,1.0,9,12.02,12.38,12.4,12.59,12.44,2,-0.006490830525319735
SELECTED_SUPPORT,1,SH600027,2021-09-01,2021-09-02,2021-09-03,0.19939577039274936,1.0,D44,2021-09-02 13:45:00,2021-09-02 13:55:00,4.36,28,29,0.0013129025530719263,0.04693781958702514,1.0,18,4.45,4.57,4.6,4.63,4.77,3,0.09130420223575642
SELECTED_SUPPORT,1,SZ000970,2021-09-02,2021-09-03,2021-09-06,0.022241992882562345,1.0,C39,2021-09-03 10:05:00,2021-09-03 10:15:00,12.64,3,4,0.0043516133919103694,0.0052953588789094175,0.6923076923076923,78,12.19,12.08,12.05,11.85,11.6,1,-0.08457060656868431
SELECTED_SUPPORT,1,SZ002202,2021-09-02,2021-09-03,2021-09-06,0.08944793850454213,1.0,C34,2021-09-03 10:35:00,2021-09-03 10:45:00,17.07,3,8,0.002176634151587642,0.010247231767850251,0.6,10,17.4,17.5,17.1,16.88,16.7,2,-0.024118943293186534
SELECTED_SUPPORT,1,SZ000629,2021-09-03,2021-09-06,2021-09-07,0.4866666666666666,4.0,C32,2021-09-06 14:15:00,2021-09-06 14:25:00,4.88,18,19,0.009929964652178325,0.011538032446421043,0.6875,16,4.9,4.81,4.81,4.72,4.78,1,-0.022938248876389622
SELECTED_SUPPORT,1,SZ000898,2021-09-06,2021-09-07,2021-09-08,0.2472160356347437,1.0,C31,2021-09-07 11:00:00,2021-09-07 11:10:00,6.15,5,7,0.0021242512405391656,0.031858407079645934,1.0,19,6.16,6.15,6.15,6.07,6.1,1,-0.010607401862515409
SELECTED_SUPPORT,1,SZ002004,2021-09-06,2021-09-07,2021-09-08,0.25185185185185177,1.0,C26,2021-09-07 13:25:00,2021-09-07 13:35:00,7.44,26,27,0.004326917953242249,0.0369718309859155,0.8648648648648649,37,7.74,7.9,8.11,8.18,8.17,2,0.09537559028990383
SELECTED_SUPPORT,1,SH601717,2021-09-06,2021-09-07,2021-09-08,0.1842105263157896,1.0,C36,2021-09-07 13:35:00,2021-09-07 13:45:00,14.3,28,29,0.003539834097686989,0.01778631716187462,0.6666666666666666,24,14.08,14.1,13.88,13.84,13.88,3,-0.03179489897727883
SELECTED_SUPPORT,1,SH600863,2021-09-07,2021-09-08,2021-09-09,0.4956521739130435,3.0,D44,2021-09-08 10:55:00,2021-09-08 11:05:00,3.77,9,10,0.0014990777498443686,0.03769733612381454,0.9444444444444444,18,3.75,3.42,3.45,3.42,3.49,1,-0.07658268338809815
SELECTED_SUPPORT,1,SZ002004,2021-09-07,2021-09-08,2021-09-09,0.36513761467889916,2.0,C26,2021-09-08 13:05:00,2021-09-08 13:15:00,8.18,2,10,0.0016407785285487142,0.013348810214741658,0.6756756756756757,37,8.29,8.35,8.38,8.32,8.27,2,0.00847733852201582
SELECTED_SUPPORT,1,SZ000983,2021-09-07,2021-09-08,2021-09-09,0.714108910891089,4.0,B06,2021-09-08 14:45:00,2021-09-08 14:55:00,15.2,38,43,0.002552273321234644,0.046052631578947345,0.7777777777777778,9,15.29,15.0,14.9,14.9,15.51,3,0.01784617193961613
SELECTED_SUPPORT,1,SZ000898,2021-09-08,2021-09-09,2021-09-10,0.25678496868475986,2.0,C31,2021-09-09 14:35:00,2021-09-09 14:45:00,6.61,27,28,0.0004235609074318969,0.09018987341772133,1.0,19,6.48,6.45,6.49,6.5,6.52,1,-0.016079353187746892
SELECTED_SUPPORT,1,SH600027,2021-09-22,2021-09-23,2021-09-24,0.3342175066312998,3.0,D44,2021-09-23 09:45:00,2021-09-23 09:55:00,5.5,0,1,0.00965533773705518,0.056251823067301476,0.8888888888888888,18,5.36,5.39,5.42,5.37,5.37,1,-0.026074955296885194
SELECTED_SUPPORT,1,SH600886,2021-09-22,2021-09-23,2021-09-24,0.2781531531531529,1.0,D44,2021-09-23 10:05:00,2021-09-23 10:15:00,12.16,1,2,0.008484654768280975,0.02812916653116959,0.8333333333333334,18,11.81,11.39,11.43,11.27,11.24,2,-0.07796655604438385
SELECTED_SUPPORT,1,SH600010,2021-09-22,2021-09-23,2021-09-24,0.2536764705882353,4.0,C31,2021-09-23 13:35:00,2021-09-23 13:45:00,3.73,20,26,0.007951149425287296,0.00947304463102061,0.65,20,3.77,3.78,3.75,3.68,3.58,3,-0.04261166293706309
SELECTED_SUPPORT,1,SH600886,2021-09-27,2021-09-28,2021-09-29,0.24586549062844543,2.0,D44,2021-09-28 13:50:00,2021-09-28 14:00:00,12.33,23,25,0.003857790074121903,0.06512441047324757,1.0,18,12.03,12.37,12.91,12.73,12.58,1,0.017727482484448
SELECTED_SUPPORT,1,SZ000425,2021-09-29,2021-09-30,2021-10-08,0.042553191489361764,2.0,C35,2021-09-30 10:00:00,2021-09-30 10:10:00,7.0,2,3,0.005333333333333412,0.011100539169045298,0.8148148148148148,27,6.92,6.93,6.84,6.8,6.82,1,-0.028147687501627106
SELECTED_SUPPORT,1,SZ000998,2021-09-30,2021-10-08,2021-10-11,0.02979336857280157,1.0,A01,2021-10-08 11:30:00,2021-10-08 13:10:00,23.45,17,22,0.00878379982432409,0.09986000933271111,1.0,3,23.57,24.24,24.29,24.15,24.44,1,0.039614414035113565
SELECTED_SUPPORT,1,SH600556,2021-10-28,2021-10-29,2021-11-01,0.07986501687289072,1.0,I64,2021-10-29 10:35:00,2021-10-29 10:45:00,10.55,6,7,0.004524886877828038,0.026697620429483537,0.9333333333333333,15,11.27,11.54,11.6,11.62,11.62,1,0.0986708607054474
SELECTED_SUPPORT,1,SH600556,2021-11-02,2021-11-03,2021-11-04,0.30486358244365364,3.0,I64,2021-11-03 13:40:00,2021-11-03 13:50:00,12.1,0,24,0.0010615711252652815,0.004129793510324609,0.8,15,12.6,12.84,12.78,12.48,12.53,1,0.03295080498815195
SELECTED_SUPPORT,1,SH600556,2021-11-03,2021-11-04,2021-11-05,0.48466257668711643,4.0,I64,2021-11-04 13:15:00,2021-11-04 13:25:00,13.26,10,11,0.0004123711340207059,0.009822397350236933,0.8,15,12.9,13.78,13.65,13.78,14.16,1,0.06520615454101741
SELECTED_SUPPORT,1,SH603659,2021-11-05,2021-11-08,2021-11-09,0.07381818181818178,1.0,C38,2021-11-08 14:20:00,2021-11-08 14:30:00,194.85,10,37,0.0007374631268437515,0.002538336735227964,0.5277777777777778,36,196.0,197.04,194.52,194.34,192.98,1,-0.012070782426400584
SELECTED_SUPPORT,1,SH600383,2021-11-10,2021-11-11,2021-11-12,-0.0941586748038361,1.0,K70,2021-11-11 11:10:00,2021-11-11 11:20:00,11.41,11,18,0.004464285714285587,0.03196102438526682,1.0,28,11.22,11.05,10.94,10.99,10.98,1,-0.04008974045732194
SELECTED_SUPPORT,1,SH600640,2021-11-10,2021-11-11,2021-11-12,0.1921274601686973,2.0,I64,2021-11-11 13:05:00,2021-11-11 13:15:00,13.91,17,18,0.0058651026392961825,0.020270270270270174,0.8666666666666667,15,13.64,13.37,13.4,13.7,13.43,2,-0.03691898802764293
SELECTED_SUPPORT,1,SH603650,2021-11-10,2021-11-11,2021-11-12,0.3644527986633248,1.0,C26,2021-11-11 13:40:00,2021-11-11 13:50:00,71.8,27,30,0.0068859984697779986,0.007294020957468561,0.7567567567567568,37,68.1,68.8,68.23,68.25,68.88,3,-0.04306457536367814
SELECTED_SUPPORT,1,SZ000681,2021-11-12,2021-11-15,2021-11-16,0.2603150787696924,2.0,R88,2021-11-15 13:30:00,2021-11-15 13:40:00,18.44,23,24,0.00028224668360143923,0.10000000000000009,1.0,3,18.1,18.19,18.01,18.35,18.69,1,0.011025995732868443
SELECTED_SUPPORT,1,SH600010,2021-11-22,2021-11-23,2021-11-24,-0.11564625850340127,1.0,C31,2021-11-23 09:45:00,2021-11-23 09:55:00,2.84,0,1,0.0013665869490946392,0.026436496108627194,1.0,20,2.7,2.76,2.79,2.81,2.87,1,0.00803937043556191
SELECTED_SUPPORT,1,SZ002939,2021-11-22,2021-11-23,2021-11-24,-0.0016488046166530657,1.0,J67,2021-11-23 10:25:00,2021-11-23 10:35:00,13.32,3,5,0.0016792611251048584,0.007624150010302921,0.9302325581395349,43,12.68,12.76,12.81,12.94,12.84,2,-0.038443657946578336
SELECTED_SUPPORT,1,SH600021,2021-12-10,2021-12-13,2021-12-14,0.3683035714285712,2.0,D44,2021-12-13 10:15:00,2021-12-13 10:25:00,13.37,0,1,0.004596888260254506,0.020668676808747177,0.9444444444444444,18,12.9,12.63,12.87,13.06,13.05,1,-0.026372028826229577
SELECTED_SUPPORT,1,SH600406,2021-12-10,2021-12-13,2021-12-14,0.04256410256410237,1.0,I65,2021-12-13 13:05:00,2021-12-13 13:15:00,44.68,12,13,0.00420711974110044,0.010228166797797034,0.7575757575757576,33,43.44,43.09,43.41,44.08,45.55,2,0.016925539713184223
SELECTED_SUPPORT,1,SH601068,2021-12-15,2021-12-16,2021-12-17,0.5818181818181818,4.0,E48,2021-12-16 13:35:00,2021-12-16 13:45:00,6.62,11,12,0.003140950137416665,0.011191501793251013,0.875,16,6.6,6.66,7.01,7.15,7.12,1,0.07284243195592555
SELECTED_SUPPORT,1,SZ002945,2021-12-15,2021-12-16,2021-12-17,0.2978927203065136,4.0,J67,2021-12-16 14:30:00,2021-12-16 14:40:00,14.8,31,32,0.0038595897342509344,0.004334202675572718,0.8095238095238095,42,14.99,15.29,15.28,15.1,15.0,2,0.010982135336541576
SELECTED_SUPPORT,1,SZ000681,2021-12-20,2021-12-21,2021-12-22,0.0661064425770308,3.0,R88,2021-12-21 10:15:00,2021-12-21 10:25:00,20.7,5,7,0.004087989098695788,0.018181818181818077,1.0,3,21.0,21.2,21.15,21.5,21.72,1,0.04665466440174981
SELECTED_SUPPORT,1,SH600718,2021-12-20,2021-12-21,2021-12-22,0.16442307692307678,2.0,I65,2021-12-21 13:40:00,2021-12-21 13:50:00,13.31,28,30,0.007766990291262044,0.013462976813762184,0.8484848484848485,33,13.18,13.0,12.96,12.86,12.94,2,-0.030226843463201813
SELECTED_SUPPORT,1,SH600566,2021-12-30,2021-12-31,2022-01-04,0.42241855328547784,3.0,C27,2021-12-31 10:30:00,2021-12-31 10:40:00,28.31,5,7,0.0022028141678795965,0.008047360335840636,0.8392857142857143,56,29.53,31.1,30.99,31.14,31.17,1,0.09827442539717901
SELECTED_SUPPORT,1,SZ002195,2021-12-31,2022-01-04,2022-01-05,0.07339449541284382,1.0,I65,2022-01-04 10:20:00,2022-01-04 10:30:00,2.57,5,6,0.0014025245441795509,0.00876010781671166,0.696969696969697,33,2.61,2.74,2.73,2.83,2.83,1,0.0984170105430795
SELECTED_SUPPORT,1,SH600633,2021-12-31,2022-01-04,2022-01-05,0.031615925058548155,1.0,I64,2022-01-04 13:35:00,2022-01-04 13:45:00,9.64,27,29,0.006711409395973256,0.031269160024524956,1.0,15,9.8,9.65,9.65,9.54,9.55,2,-0.011810407963576686
SELECTED_SUPPORT,1,SZ002195,2022-01-14,2022-01-17,2022-01-18,0.0672268907563025,2.0,I65,2022-01-17 14:10:00,2022-01-17 14:20:00,2.77,35,36,0.005004170141784892,0.0495129870129869,0.9393939393939394,33,2.7,2.72,2.7,2.67,2.67,1,-0.03850854247993318
SELECTED_SUPPORT,1,SH600011,2022-01-17,2022-01-18,2022-01-19,-0.15607580824972134,1.0,D44,2022-01-18 11:10:00,2022-01-18 11:20:00,8.33,17,18,0.005428403755868505,0.02937402505912534,1.0,18,8.02,8.06,7.98,8.21,8.12,1,-0.027644745128417858
SELECTED_SUPPORT,1,SH601456,2022-02-07,2022-02-08,2022-02-09,0.027201145311381403,2.0,J67,2022-02-08 13:45:00,2022-02-08 13:55:00,15.79,28,29,0.004631417131417126,0.01516275939461631,0.9285714285714286,42,15.7,15.74,15.76,15.65,15.63,1,-0.012605313596832812
SELECTED_SUPPORT,1,SZ000983,2022-02-17,2022-02-18,2022-02-21,0.014223194748358647,0.0,B06,2022-02-18 14:40:00,2022-02-18 14:50:00,10.17,23,24,0.005455962587685104,0.03815142642006264,1.0,10,10.4,10.37,10.47,10.4,10.8,1,0.05929455596324362
SELECTED_SUPPORT,1,SH600522,2022-03-15,2022-03-16,2022-03-17,0.0005783689994216523,1.0,C38,2022-03-16 13:50:00,2022-03-16 14:00:00,18.99,29,30,0.027176439979521794,0.03060411608891278,0.9722222222222222,36,19.38,19.55,19.33,19.21,19.01,1,-0.0014470710455840585
SELECTED_SUPPORT,1,SH601236,2022-03-29,2022-03-30,2022-03-31,-0.009183673469387754,1.0,J67,2022-03-30 10:15:00,2022-03-30 10:25:00,10.59,1,5,0.007490648379052334,0.016371077762619368,1.0,43,10.77,10.93,10.68,10.68,10.64,1,0.0022120164665777597
SELECTED_SUPPORT,1,SH601155,2022-03-29,2022-03-30,2022-03-31,-0.07993421052631577,3.0,K70,2022-03-30 13:20:00,2022-03-30 13:30:00,30.77,16,17,0.0135930065403157,0.051724137931034475,1.0,25,29.91,31.8,32.63,31.62,32.15,2,0.042239236563391014
SELECTED_SUPPORT,1,SH600649,2022-04-01,2022-04-06,2022-04-07,0.17441860465116288,1.0,K70,2022-04-06 13:25:00,2022-04-06 13:35:00,5.52,25,26,0.00325071109305175,0.04340659340659325,0.96,25,5.34,5.23,5.27,5.36,5.29,1,-0.04406022536511445
SELECTED_SUPPORT,1,SH600062,2022-04-13,2022-04-14,2022-04-15,0.5473684210526315,7.0,C27,2022-04-14 10:10:00,2022-04-14 10:20:00,21.02,3,4,0.011700743165103944,0.01693350251617931,0.9259259259259259,54,18.8,19.66,19.9,20.11,19.92,1,-0.05469803611995605
SELECTED_SUPPORT,1,SH600657,2022-04-13,2022-04-14,2022-04-15,0.4418052256532068,10.0,K70,2022-04-14 14:50:00,2022-04-14 15:00:00,6.68,39,41,0.009326848032784052,0.039812646370023685,0.96,25,6.4,6.55,6.5,6.63,6.71,2,0.0019821746107910876
SELECTED_SUPPORT,1,SH600062,2022-04-28,2022-04-29,2022-05-05,0.8541147132169575,10.0,C27,2022-04-29 10:05:00,2022-04-29 10:15:00,32.61,3,4,0.008387342737323555,0.01857783506252797,0.8518518518518519,54,31.5,31.86,31.55,31.8,32.04,1,-0.019933270531523384
SELECTED_SUPPORT,1,SZ002555,2022-04-28,2022-04-29,2022-05-05,-0.03516483516483515,1.0,I64,2022-04-29 13:40:00,2022-04-29 13:50:00,24.1,24,29,0.03037766830870292,0.055365903855218446,1.0,10,23.86,23.9,23.71,23.84,23.98,2,-0.007464443265615683
SELECTED_SUPPORT,1,SH600648,2022-04-29,2022-05-05,2022-05-06,0.007423904974016349,1.0,F51,2022-05-05 13:20:00,2022-05-05 13:30:00,14.91,1,2,0.011443661971830998,0.016888888888888953,0.6923076923076923,13,13.77,13.92,13.88,13.88,13.92,1,-0.06873017843285067
SELECTED_SUPPORT,1,SH600196,2022-05-10,2022-05-11,2022-05-12,-0.192092574734812,1.0,C27,2022-05-11 10:05:00,2022-05-11 10:15:00,46.01,4,5,0.010869565217391353,0.021066597483933247,0.8888888888888888,54,44.6,44.66,44.91,45.09,44.77,1,-0.029380976678329285
SELECTED_SUPPORT,1,SZ002183,2022-05-19,2022-05-20,2022-05-23,0.4936247723132967,4.0,L72,2022-05-20 10:00:00,2022-05-20 10:10:00,8.84,2,3,0.009646302250803984,0.013665190546665484,1.0,8,8.6,8.8,9.07,9.19,9.37,1,0.057307380089971494
SELECTED_SUPPORT,1,SZ002127,2022-05-19,2022-05-20,2022-05-23,0.013725490196078383,3.0,L72,2022-05-20 14:40:00,2022-05-20 14:50:00,5.67,36,42,0.01167076167076142,0.025778241335045027,0.875,8,5.62,5.65,5.68,5.66,5.58,2,-0.018330997476390998
SELECTED_SUPPORT,1,SZ002241,2022-05-30,2022-05-31,2022-06-01,0.21849292530437636,1.0,C39,2022-05-31 13:10:00,2022-05-31 13:20:00,40.73,19,20,0.006760020890455687,0.015104309827393636,0.868421052631579,76,40.44,40.51,40.51,40.82,40.8,1,-0.0007832840631520899
SELECTED_SUPPORT,1,SZ002384,2022-05-30,2022-05-31,2022-06-01,0.09615384615384626,1.0,C39,2022-05-31 13:30:00,2022-05-31 13:40:00,18.81,25,27,0.007034865018682113,0.01566699314210196,0.8947368421052632,76,18.76,18.79,18.7,18.9,18.89,2,0.0017448078692456903
SELECTED_SUPPORT,1,SH600732,2022-06-01,2022-06-02,2022-06-06,0.8083969465648857,6.0,C38,2022-06-02 14:20:00,2022-06-02 14:30:00,26.06,24,31,0.002733515567704403,0.008797773190717506,0.6666666666666666,36,25.7,25.8,25.8,26.06,25.82,1,-0.011684141036161
SELECTED_SUPPORT,1,SH600006,2022-06-07,2022-06-08,2022-06-09,1.1385681293302539,6.0,C36,2022-06-08 14:45:00,2022-06-08 14:55:00,10.19,41,42,0.0006898137502875379,0.010883946735060213,0.7727272727272727,22,9.31,9.05,9.06,9.1,9.15,1,-0.10430356056738965
SELECTED_SUPPORT,1,SH601456,2022-06-09,2022-06-10,2022-06-13,0.12729124236252543,1.0,J67,2022-06-10 11:25:00,2022-06-10 13:05:00,12.18,3,4,0.005050505050504972,0.01389156858962004,0.9761904761904762,42,11.7,11.76,11.72,11.84,11.9,1,-0.025428715514659417
SELECTED_SUPPORT,1,SH601236,2022-06-14,2022-06-15,2022-06-16,0.14160401002506262,1.0,J67,2022-06-15 10:15:00,2022-06-15 10:25:00,9.95,2,3,0.005780346820809079,0.027298153670996972,1.0,42,9.73,9.49,9.73,9.58,9.64,1,-0.03357558986442166
SELECTED_SUPPORT,1,SH600171,2022-06-15,2022-06-16,2022-06-17,0.10738636363636345,1.0,C39,2022-06-16 11:00:00,2022-06-16 11:10:00,21.3,4,5,0.006134969325153339,0.013887264102159791,0.8947368421052632,76,21.1,20.58,20.79,20.75,20.74,1,-0.02872304098334244
SELECTED_SUPPORT,1,SH600259,2022-06-24,2022-06-27,2022-06-28,0.33572216097023144,4.0,B09,2022-06-27 13:05:00,2022-06-27 13:15:00,53.1,13,22,0.005346005817572053,0.026223286661753886,1.0,12,53.31,55.89,56.87,57.28,56.37,1,0.05893048580041249
SELECTED_SUPPORT,1,SZ000625,2022-06-24,2022-06-27,2022-06-28,0.5839829907866763,3.0,C36,2022-06-27 14:30:00,2022-06-27 14:40:00,18.61,18,21,0.0021611179685607773,0.003966116546878062,0.5909090909090909,22,18.13,18.27,18.75,18.97,19.43,2,0.041454654364740495
SELECTED_SUPPORT,1,SZ000625,2022-06-27,2022-06-28,2022-06-29,0.3074204946996466,4.0,C36,2022-06-28 13:15:00,2022-06-28 13:25:00,20.34,23,25,0.0012651076741864165,0.014842816824572114,0.6818181818181818,22,20.56,20.7,21.33,19.76,18.89,1,-0.07360767767844101
SELECTED_SUPPORT,1,SH600872,2022-06-29,2022-06-30,2022-07-01,0.23441682600382419,1.0,C14,2022-06-30 13:45:00,2022-06-30 13:55:00,35.22,27,28,0.007869919236295764,0.05285105715899563,1.0,10,34.87,34.82,34.85,34.43,34.71,1,-0.016941868674116844
SELECTED_SUPPORT,1,SZ002384,2022-07-27,2022-07-28,2022-07-29,0.04797867614393603,1.0,C39,2022-07-28 10:25:00,2022-07-28 10:35:00,25.95,7,8,0.007104818151990044,0.023384758050918886,0.9210526315789473,76,26.45,26.96,26.84,26.8,26.7,1,0.026331921900032862
SELECTED_SUPPORT,1,SH600536,2022-08-04,2022-08-05,2022-08-08,-0.02990701181201305,1.0,I65,2022-08-05 14:20:00,2022-08-05 14:30:00,42.46,37,38,0.013484740951029028,0.036561743341404496,0.9354838709677419,31,42.4,43.21,42.2,42.41,42.43,1,-0.0032024091152834666
SELECTED_SUPPORT,1,SZ002475,2022-08-10,2022-08-11,2022-08-12,0.0650905741479888,1.0,C39,2022-08-11 14:15:00,2022-08-11 14:25:00,38.15,36,37,0.015946502057613055,0.02261476008469876,0.8289473684210527,76,37.7,37.72,38.0,37.67,37.72,1,-0.013740772486786734
SELECTED_SUPPORT,1,SZ000537,2022-08-11,2022-08-12,2022-08-15,0.026644462947543746,4.0,K70,2022-08-12 10:45:00,2022-08-12 10:55:00,13.5,8,11,0.0022421524663676085,0.002958579881656931,0.8095238095238095,21,13.12,12.8,12.82,12.89,12.86,1,-0.049786627879835677
SELECTED_SUPPORT,1,SH600026,2022-08-15,2022-08-16,2022-08-17,0.34907597535934287,1.0,G55,2022-08-16 10:10:00,2022-08-16 10:20:00,14.44,4,5,0.0026395954771083474,0.006736442978618418,0.9,10,14.55,14.46,14.52,14.82,14.53,1,0.0037194935886946112
SELECTED_SUPPORT,1,SZ002244,2022-09-05,2022-09-06,2022-09-07,0.19761904761904758,1.0,K70,2022-09-06 13:30:00,2022-09-06 13:40:00,11.05,20,22,0.0060103960469479745,0.015594541910331383,1.0,21,10.95,10.89,10.87,10.9,10.85,1,-0.02055196807033577
SELECTED_SUPPORT,1,SH601990,2022-09-08,2022-09-09,2022-09-13,-0.10385438972162753,0.0,J67,2022-09-09 10:50:00,2022-09-09 11:00:00,9.17,13,14,0.006537751910925649,0.012421752548843812,0.9772727272727273,44,9.06,9.11,9.06,8.99,9.06,1,-0.014463303794938542
SELECTED_SUPPORT,1,SZ002156,2022-10-26,2022-10-27,2022-10-28,0.013561320754716943,2.0,C39,2022-10-27 14:45:00,2022-10-27 14:55:00,18.68,34,42,0.004184100418409997,0.004575288853049586,0.6052631578947368,76,17.82,17.88,18.07,18.35,18.4,1,-0.01744948217399378
SELECTED_SUPPORT,1,SZ000729,2022-11-03,2022-11-04,2022-11-07,0.028784648187633266,1.0,C15,2022-11-04 14:00:00,2022-11-04 14:10:00,10.61,28,29,0.01828362366749614,0.05522750955192768,1.0,15,10.5,10.62,10.74,10.77,10.58,1,-0.005318085582550869
SELECTED_SUPPORT,1,SH600383,2022-11-10,2022-11-11,2022-11-14,-0.14299610894941628,1.0,K70,2022-11-11 09:45:00,2022-11-11 09:55:00,9.66,0,1,0.015194805194805205,0.038381018841591175,1.0,21,10.66,10.66,10.66,10.66,10.39,1,0.07288298768095691
SELECTED_SUPPORT,1,SZ002271,2022-11-10,2022-11-11,2022-11-14,0.09193548387096762,1.0,C30,2022-11-11 10:25:00,2022-11-11 10:35:00,29.74,2,8,0.010327052968361228,0.01657938835358186,1.0,14,31.31,32.76,32.77,32.77,32.2,2,0.0800126572875639
SELECTED_SUPPORT,1,SZ000656,2022-11-10,2022-11-11,2022-11-14,-0.033816425120772875,1.0,K70,2022-11-11 13:35:00,2022-11-11 13:45:00,2.2,28,29,0.017752972933537614,0.0608695652173914,0.9523809523809523,21,2.25,2.23,2.18,2.18,2.17,3,-0.01609993156156475
SELECTED_SUPPORT,1,SH600095,2022-11-11,2022-11-14,2022-11-15,0.1294298921417565,1.0,J67,2022-11-14 10:00:00,2022-11-14 10:10:00,8.06,0,3,0.008143344076181336,0.010258347239134769,0.9772727272727273,44,8.01,8.25,8.6,8.42,8.87,1,0.09774764928403501
SELECTED_SUPPORT,1,SZ002271,2022-11-11,2022-11-14,2022-11-15,0.164126611957796,2.0,C30,2022-11-14 11:00:00,2022-11-14 11:10:00,32.75,0,4,0.007223949902019244,0.015191546649866772,0.8571428571428571,14,32.61,31.69,32.0,32.58,32.04,2,-0.024122868764365868
SELECTED_SUPPORT,1,SZ002368,2022-11-14,2022-11-15,2022-11-16,0.3733926805143424,2.0,I65,2022-11-15 10:30:00,2022-11-15 10:40:00,30.55,5,10,0.006144407739499758,0.01833872707659112,0.967741935483871,31,29.0,29.71,30.2,30.25,29.49,1,-0.037108183454655386
SELECTED_SUPPORT,1,SH600048,2022-11-28,2022-11-29,2022-11-30,0.18333333333333313,1.0,K70,2022-11-29 14:05:00,2022-11-29 14:15:00,17.91,24,25,0.019288197922330608,0.08892128279883371,0.9523809523809523,21,17.49,17.48,17.56,17.81,17.28,1,-0.03758564965751543
SELECTED_SUPPORT,1,SH600376,2022-11-28,2022-11-29,2022-11-30,0.34774066797642456,1.0,K70,2022-11-29 14:15:00,2022-11-29 14:25:00,7.53,24,25,0.018826997820867275,0.09675443968156783,1.0,21,7.2,7.12,7.14,7.1,6.9,2,-0.0859540003491136
SELECTED_SUPPORT,1,SH601456,2022-11-30,2022-12-01,2022-12-02,0.098901098901099,1.0,J67,2022-12-01 10:05:00,2022-12-01 10:15:00,12.1,2,4,0.01109522292851417,0.018192711526392236,1.0,44,11.42,11.36,11.29,11.25,11.32,1,-0.06679943236505337
SELECTED_SUPPORT,1,SH600050,2022-11-30,2022-12-01,2022-12-02,0.17599999999999993,3.0,I63,2022-12-01 10:50:00,2022-12-01 11:00:00,4.85,11,12,0.010459716221798088,0.03220611916264082,1.0,7,4.68,4.74,4.73,4.7,4.73,2,-0.02717809756564593
SELECTED_SUPPORT,1,SH600050,2022-12-02,2022-12-05,2022-12-06,0.29863013698630136,4.0,I63,2022-12-05 10:55:00,2022-12-05 11:05:00,5.18,14,15,0.012288583509513673,0.0337448559670781,1.0,7,5.12,5.05,5.0,5.04,5.1,1,-0.017903068530216726
SELECTED_SUPPORT,1,SH601390,2022-12-02,2022-12-05,2022-12-06,0.13333333333333353,1.0,E48,2022-12-05 11:20:00,2022-12-05 11:30:00,6.36,17,18,0.012629161882893092,0.057356608478803084,1.0,15,6.34,6.39,6.38,6.33,6.34,2,-0.005634426384713231
SELECTED_SUPPORT,1,SH600572,2023-01-13,2023-01-16,2023-01-17,-0.04402515723270439,1.0,C27,2023-01-16 10:40:00,2023-01-16 10:50:00,4.99,7,8,0.01140065146579805,0.01651982419746545,0.9444444444444444,54,4.98,4.98,5.02,5.04,5.05,1,0.009496390047469605
SELECTED_SUPPORT,1,SZ002368,2023-01-13,2023-01-16,2023-01-17,0.036467045834727374,2.0,I65,2023-01-16 11:10:00,2023-01-16 11:20:00,33.85,5,6,0.012587412587412583,0.02149321266968318,0.967741935483871,31,34.14,34.16,34.27,34.38,34.36,2,0.012531212837854744
SELECTED_SUPPORT,1,SZ002812,2023-01-20,2023-01-30,2023-01-31,0.11505280380782379,1.0,C29,2023-01-30 10:05:00,2023-01-30 10:15:00,164.91,0,1,0.007462686567164312,0.014797702297702275,1.0,8,161.82,159.43,157.38,158.12,157.4,1,-0.047923876090319784
SELECTED_SUPPORT,1,SZ002131,2023-02-15,2023-02-16,2023-02-17,0.11173184357541888,1.0,I64,2023-02-16 11:10:00,2023-02-16 11:20:00,2.17,7,8,0.0052499224913018505,0.032855472641015626,0.9,10,2.1,2.07,2.1,2.08,2.08,1,-0.043868692651302665
SELECTED_SUPPORT,1,SH601728,2023-02-17,2023-02-20,2023-02-21,0.22747747747747749,2.0,I63,2023-02-20 13:05:00,2023-02-20 13:15:00,6.0,7,14,0.006920415224913601,0.020142180094786744,0.8571428571428571,7,6.04,6.02,6.12,6.02,5.95,1,-0.010810146247379415
SELECTED_SUPPORT,1,SZ002602,2023-03-30,2023-03-31,2023-04-03,0.2155555555555555,2.0,I65,2023-03-31 14:25:00,2023-03-31 14:35:00,6.01,38,39,0.0024645717806530687,0.03589743589743599,0.967741935483871,31,6.03,6.29,6.48,6.48,6.55,1,0.08712821075456834
SELECTED_SUPPORT,1,SH600718,2023-04-27,2023-04-28,2023-05-04,-0.13014273719563396,2.0,I65,2023-04-28 13:45:00,2023-04-28 13:55:00,11.35,26,27,0.005899705014749346,0.02967004565947806,0.8214285714285714,28,11.26,11.65,11.74,11.61,11.37,1,-0.0007399130344092342
SELECTED_SUPPORT,1,SZ000156,2023-05-31,2023-06-01,2023-06-02,-0.05696202531645578,1.0,R87,2023-06-01 11:20:00,2023-06-01 11:30:00,9.82,17,18,0.004619499149039585,0.03004833217384939,1.0,4,9.5,9.46,9.43,9.44,9.55,1,-0.029923862807421542
SELECTED_SUPPORT,1,SZ002670,2023-06-29,2023-06-30,2023-07-03,-0.014814814814814725,1.0,J67,2023-06-30 13:45:00,2023-06-30 13:55:00,8.76,30,31,0.009646302250803762,0.013996889580093264,1.0,43,8.7,8.86,8.99,8.89,8.78,1,-0.00022022378864861025
SELECTED_SUPPORT,1,SZ000988,2023-06-29,2023-06-30,2023-07-03,0.03594771241830075,1.0,C39,2023-06-30 14:20:00,2023-06-30 14:30:00,38.36,36,37,0.00927643784786647,0.014124142844420762,0.9102564102564102,78,38.73,38.28,38.35,37.48,36.88,2,-0.040983119503071874
SELECTED_SUPPORT,1,SH603786,2023-07-26,2023-07-27,2023-07-28,0.23597332899658485,2.0,C36,2023-07-27 10:00:00,2023-07-27 10:10:00,83.6,0,3,0.001612903225806317,0.021817015857341193,1.0,18,80.58,77.28,77.45,77.97,78.22,1,-0.06669096103256822
SELECTED_SUPPORT,1,SH601555,2023-07-27,2023-07-28,2023-07-31,0.21522693997071762,1.0,J67,2023-07-28 13:20:00,2023-07-28 13:30:00,9.13,23,26,0.010483135746158667,0.04956268221574334,1.0,45,9.13,9.5,9.53,9.4,9.49,1,0.036834340067819715
SELECTED_SUPPORT,1,SZ000750,2023-07-28,2023-07-31,2023-08-01,0.22089552238805954,2.0,J67,2023-07-31 11:30:00,2023-07-31 13:10:00,4.44,6,11,0.008585738623333228,0.019178082191780854,0.9333333333333333,45,4.21,4.31,4.32,4.34,4.29,1,-0.0361970309791636
SELECTED_SUPPORT,1,SH600369,2023-07-31,2023-08-01,2023-08-02,0.2880434782608696,2.0,J67,2023-08-01 10:00:00,2023-08-01 10:10:00,5.16,2,3,0.0010217949428946715,0.009996645181552744,0.9545454545454546,44,4.86,4.89,4.84,4.84,4.88,1,-0.05662566224100296
SELECTED_SUPPORT,1,SH601136,2023-08-02,2023-08-03,2023-08-04,,,J67,2023-08-03 14:40:00,2023-08-03 14:50:00,19.9,32,37,0.0026598754951896453,0.02475257718690882,0.9772727272727273,44,21.08,21.88,22.09,22.09,22.09,1,0.10727776036799375
SELECTED_SUPPORT,1,SH601136,2023-08-21,2023-08-22,2023-08-23,,9.0,J67,2023-08-22 14:25:00,2023-08-22 14:35:00,30.37,37,38,0.00382150490527966,0.01468748502132955,1.0,44,28.71,29.17,28.9,29.19,29.2,1,-0.04092626581705683
SELECTED_SUPPORT,1,SH600155,2023-09-08,2023-09-11,2023-09-12,-0.09090909090909083,1.0,J67,2023-09-11 13:20:00,2023-09-11 13:30:00,7.91,24,26,0.01045804037662923,0.012420490770257198,0.9318181818181818,44,7.51,7.62,7.55,7.51,7.54,1,-0.04868101302236316
SELECTED_SUPPORT,1,SZ002518,2023-11-02,2023-11-03,2023-11-06,-0.13401336616250437,1.0,C38,2023-11-03 10:05:00,2023-11-03 10:15:00,27.08,3,5,0.0053298960652513605,0.013203516044465902,0.875,40,27.36,28.36,28.86,28.54,28.38,1,0.04591172950009792
SELECTED_SUPPORT,1,SZ003022,2024-02-05,2024-02-06,2024-02-07,-0.24254821741671528,1.0,C26,2024-02-06 13:45:00,2024-02-06 13:55:00,14.15,28,29,0.0686917436032709,0.08352104643386138,1.0,40,14.3,14.97,14.83,14.86,15.06,1,0.06218419356943139
SELECTED_SUPPORT,1,SZ000739,2024-02-06,2024-02-07,2024-02-08,-0.17133105802047777,1.0,C27,2024-02-07 10:05:00,2024-02-07 10:15:00,13.35,4,5,0.0289383335901916,0.0343622597553872,0.9361702127659575,47,13.94,14.15,14.0,13.94,14.05,1,0.0503314286576777
SELECTED_SUPPORT,1,SZ002429,2024-02-06,2024-02-07,2024-02-08,-0.12045889101338447,1.0,C39,2024-02-07 10:35:00,2024-02-07 10:45:00,5.04,10,11,0.03438402472891178,0.048364685453822,0.9651162790697675,86,5.05,5.21,5.23,5.21,5.24,2,0.03760499294355735
SELECTED_SUPPORT,1,SZ002408,2024-02-06,2024-02-07,2024-02-08,-0.13800000000000012,1.0,C26,2024-02-07 10:50:00,2024-02-07 11:00:00,4.71,10,13,0.03384595103235721,0.05559600010988708,1.0,40,4.86,5.04,5.07,5.01,5.1,3,0.08063883642976588
SELECTED_SUPPORT,1,SZ000997,2024-02-07,2024-02-08,2024-02-19,-0.06532389765922697,1.0,I65,2024-02-08 14:05:00,2024-02-08 14:15:00,18.88,9,35,0.006913420582819074,0.03070276149616291,0.9230769230769231,26,18.75,18.66,18.6,18.5,18.46,1,-0.024199561154824023
SELECTED_SUPPORT,1,SZ002281,2024-02-28,2024-02-29,2024-03-01,0.07780410742496047,3.0,C39,2024-02-29 10:30:00,2024-02-29 10:40:00,30.02,9,10,0.014519475304510698,0.034049354302518764,1.0,86,30.32,31.66,31.64,31.28,31.79,1,0.0568446235423552
SELECTED_SUPPORT,1,SZ000938,2024-02-28,2024-02-29,2024-03-01,0.16870273414776027,1.0,C39,2024-02-29 13:50:00,2024-02-29 14:00:00,22.0,6,22,0.014111344072993082,0.0335443037974682,0.9883720930232558,86,22.3,22.93,23.18,22.9,23.93,2,0.08555372054946364
SELECTED_SUPPORT,1,SZ000938,2024-02-29,2024-03-01,2024-03-04,0.2819025522041765,2.0,C39,2024-03-01 10:55:00,2024-03-01 11:05:00,24.3,9,13,0.001168063879600778,0.017938596491227976,0.9186046511627907,86,24.84,24.31,25.19,24.83,25.69,1,0.05508909177856869
SELECTED_SUPPORT,1,SZ002281,2024-03-07,2024-03-08,2024-03-11,0.6307550644567221,6.0,C39,2024-03-08 10:25:00,2024-03-08 10:35:00,38.44,3,6,0.0013284399113037137,0.012811280838501471,0.9186046511627907,86,38.0,39.53,40.3,40.88,41.0,1,0.06446596530856397
SELECTED_SUPPORT,1,SZ002156,2024-03-07,2024-03-08,2024-03-11,0.2824675324675323,2.0,C39,2024-03-08 13:05:00,2024-03-08 13:15:00,26.07,10,12,0.00023778533675000713,0.013084219148720155,0.8255813953488372,86,25.35,25.33,25.16,25.4,25.42,2,-0.026881301956043768
SELECTED_SUPPORT,1,SH600580,2024-03-27,2024-03-28,2024-03-29,0.4952830188679245,3.0,C38,2024-03-28 10:40:00,2024-03-28 10:50:00,17.44,1,2,0.008258078265270807,0.00952028067575239,0.9473684210526315,38,17.24,17.12,17.11,17.17,16.85,1,-0.035760924907877634
SELECTED_SUPPORT,1,SH600859,2024-07-16,2024-07-17,2024-07-18,0.05126182965299697,1.0,F52,2024-07-17 13:05:00,2024-07-17 13:15:00,14.54,22,23,0.001574522726671801,0.02071713147410348,1.0,9,14.01,14.34,14.06,14.12,14.23,1,-0.023276142545470946
SELECTED_SUPPORT,1,SH600859,2024-07-30,2024-07-31,2024-08-01,0.13418803418803416,2.0,F52,2024-07-31 13:45:00,2024-07-31 13:55:00,14.57,29,30,0.032744153523424635,0.0365296803652968,0.7777777777777778,9,14.5,14.66,14.58,14.49,14.52,1,-0.005423102636863963
SELECTED_SUPPORT,1,SZ002670,2024-07-30,2024-07-31,2024-08-01,0.09753231492361936,2.0,J67,2024-07-31 13:55:00,2024-07-31 14:05:00,10.27,9,29,0.035117946485787255,0.04975313078079879,1.0,44,10.1,10.03,10.12,10.07,10.12,2,-0.01657471282830103
SELECTED_SUPPORT,1,SZ300438,2024-08-28,2024-08-29,2024-08-30,0.19704173269941894,3.0,C38,2024-08-29 11:25:00,2024-08-29 13:05:00,27.19,14,20,0.011248593925759165,0.0341214779372675,0.8947368421052632,38,26.83,27.26,27.02,26.85,27.51,1,0.009747264188544547
SELECTED_SUPPORT,1,SH603883,2024-09-18,2024-09-19,2024-09-20,0.06240000000000001,6.0,F52,2024-09-19 10:20:00,2024-09-19 10:30:00,14.61,5,6,0.013214285714285845,0.0480274442538593,0.8888888888888888,9,14.36,14.45,14.18,14.09,14.28,1,-0.024540385021509015
SELECTED_SUPPORT,1,SZ002466,2024-09-23,2024-09-24,2024-09-25,-0.03372093023255818,1.0,C32,2024-09-24 13:35:00,2024-09-24 13:45:00,27.41,26,27,0.03588354773188884,0.03973684210526329,1.0,24,27.9,28.34,28.52,28.49,28.78,1,0.04788363131841966
SELECTED_SUPPORT,1,SH603737,2024-09-26,2024-09-27,2024-09-30,0.2041343669250646,2.0,C26,2024-09-27 10:00:00,2024-09-27 10:10:00,35.87,0,2,0.02832512315270952,0.03457059679767105,1.0,37,39.47,39.47,39.47,39.47,39.47,1,0.0981636194754929
SELECTED_SUPPORT,1,SZ000568,2024-09-26,2024-09-27,2024-09-30,0.041852631578947364,1.0,C15,2024-09-27 10:40:00,2024-09-27 10:50:00,136.08,5,6,0.039528643546971054,0.06544561090015621,1.0,9,149.7,149.7,149.7,148.45,149.69,2,0.09781659170003576
SELECTED_SUPPORT,1,SZ000596,2024-09-26,2024-09-27,2024-09-30,0.004249715688035005,1.0,C15,2024-09-27 10:50:00,2024-09-27 11:00:00,184.56,5,6,0.04535283215044539,0.06933701024610117,1.0,8,202.93,203.02,201.07,202.0,203.01,3,0.09776947904160815
SELECTED_SUPPORT,1,SH603882,2024-09-27,2024-09-30,2024-10-08,0.3055987558320372,1.0,Q84,2024-09-30 10:00:00,2024-09-30 10:10:00,36.94,0,1,0.046827193408013335,0.06831831831831825,1.0,5,40.63,40.63,40.58,40.62,40.63,1,0.09769385650660833
SELECTED_SUPPORT,1,SZ002271,2024-09-27,2024-09-30,2024-10-08,0.25274725274725274,2.0,C30,2024-09-30 10:00:00,2024-09-30 10:10:00,13.78,0,2,0.046827193408013335,0.05744794433195277,1.0,18,15.17,15.17,15.17,15.17,15.17,2,0.09867101098625852
SELECTED_SUPPORT,1,SZ002791,2024-09-27,2024-09-30,2024-10-08,0.3717761557177617,3.0,C33,2024-09-30 10:00:00,2024-09-30 10:10:00,30.99,0,2,0.046827193408013335,0.0491228070175439,1.0,6,34.11,34.11,34.11,34.11,34.11,3,0.09847820768886217
SELECTED_SUPPORT,1,SH603882,2024-09-30,2024-10-08,2024-10-09,0.3630996309963097,2.0,Q84,2024-10-08 09:45:00,2024-10-08 09:55:00,40.63,0,1,0.05663201847903332,0.09962100703844068,1.0,5,38.5,38.28,38.11,37.95,37.76,1,-0.07249455968737828
SELECTED_SUPPORT,1,SH601318,2024-09-30,2024-10-08,2024-10-09,0.3395119662130457,1.0,J68,2024-10-08 09:50:00,2024-10-08 10:00:00,62.8,0,2,0.0779448430302434,0.0999784575613959,1.0,6,60.0,58.66,58.43,58.77,58.65,2,-0.06794900357932698
SELECTED_SUPPORT,1,SZ300496,2024-09-30,2024-10-08,2024-10-09,0.5524372230428358,1.0,I65,2024-10-08 09:50:00,2024-10-08 10:00:00,63.06,0,2,0.0779448430302434,0.09994306517265905,1.0,28,62.9,61.01,63.88,65.17,66.24,3,0.04832914446016923
SELECTED_SUPPORT,1,SH600188,2024-10-09,2024-10-10,2024-10-11,0.04237867395762129,1.0,B06,2024-10-10 13:05:00,2024-10-10 13:15:00,16.77,21,23,0.029010238907849706,0.07459379615952755,1.0,13,16.65,16.2,16.03,16.31,16.15,1,-0.03889515531604315
SELECTED_SUPPORT,1,SH600528,2024-10-09,2024-10-10,2024-10-11,0.1808823529411765,1.0,C35,2024-10-10 13:05:00,2024-10-10 13:15:00,8.83,21,22,0.029010238907849706,0.029341965962541794,0.875,32,8.31,8.28,8.19,8.27,8.26,2,-0.06642192001941982
SELECTED_SUPPORT,1,SH600339,2024-10-09,2024-10-10,2024-10-11,0.08359133126934992,1.0,E48,2024-10-10 13:20:00,2024-10-10 13:30:00,3.82,25,26,0.01839080459770126,0.09978289027892373,1.0,14,3.68,3.63,3.63,3.65,3.66,3,-0.043799371436291756
SELECTED_SUPPORT,1,SZ000617,2024-10-11,2024-10-14,2024-10-15,0.6872509960159365,6.0,J66,2024-10-14 11:00:00,2024-10-14 11:10:00,9.25,0,1,0.0005225570458109452,0.01726866185070519,1.0,34,8.43,8.58,8.72,9.0,8.83,1,-0.04731292506775908
SELECTED_SUPPORT,1,SZ000987,2024-10-11,2024-10-14,2024-10-15,0.3858921161825726,2.0,J69,2024-10-14 14:00:00,2024-10-14 14:10:00,7.34,28,30,0.015174506828528056,0.04183409891969625,1.0,8,7.23,7.36,7.4,7.57,7.42,2,0.008879152196258566
SELECTED_SUPPORT,1,SH600390,2024-10-11,2024-10-14,2024-10-15,0.625,7.0,J69,2024-10-14 14:10:00,2024-10-14 14:20:00,7.1,26,27,0.012954580927111214,0.03597662098597343,1.0,8,6.77,7.0,7.08,7.18,7.13,3,0.0022186577364078364
SELECTED_SUPPORT,1,SH600839,2024-10-16,2024-10-17,2024-10-18,0.3617886178861789,4.0,C39,2024-10-17 10:05:00,2024-10-17 10:15:00,7.31,4,5,0.009846153846153838,0.02134498087154235,0.9761904761904762,84,7.79,8.04,8.09,8.11,8.11,1,0.10722218657836025
SELECTED_SUPPORT,1,SH600584,2024-10-17,2024-10-18,2024-10-21,0.250422440013518,2.0,C39,2024-10-18 14:40:00,2024-10-18 14:50:00,40.58,40,41,0.043088287020752736,0.08291145668896283,1.0,84,41.0,41.28,40.73,40.69,40.13,1,-0.013065298548913806
SELECTED_SUPPORT,1,SH603893,2024-10-18,2024-10-21,2024-10-22,0.733636543405181,6.0,C39,2024-10-21 11:10:00,2024-10-21 11:20:00,96.43,12,14,0.003567863923830128,0.03764940492761071,0.9285714285714286,84,96.0,94.21,93.0,91.89,91.98,1,-0.04805350132402364
SELECTED_SUPPORT,1,SZ000733,2024-10-18,2024-10-21,2024-10-22,0.358736598087511,2.0,C39,2024-10-21 13:25:00,2024-10-21 13:35:00,51.0,24,27,0.005406912662828112,0.03940334922923361,0.9285714285714286,84,50.75,49.83,49.56,49.42,49.13,2,-0.03859164852298469
SELECTED_SUPPORT,1,SZ003031,2024-10-18,2024-10-21,2024-10-22,0.34782608695652173,2.0,C39,2024-10-21 13:30:00,2024-10-21 13:40:00,52.48,13,27,0.0023074350261871324,0.03387408563409944,0.9285714285714286,84,53.0,52.15,52.41,51.91,51.53,3,-0.020064212599482434
SELECTED_SUPPORT,1,SH601162,2024-10-22,2024-10-23,2024-10-24,0.8484848484848484,11.0,J67,2024-10-23 13:15:00,2024-10-23 13:25:00,6.0,10,11,0.00859291084854985,0.010230179028132946,1.0,43,5.75,5.72,5.82,5.96,5.89,1,-0.02029494979245372
SELECTED_SUPPORT,1,SZ002129,2024-10-22,2024-10-23,2024-10-24,0.31428571428571406,4.0,C38,2024-10-23 13:35:00,2024-10-23 13:45:00,11.12,26,28,0.007905138339920903,0.029081745999885333,0.7368421052631579,38,11.34,11.09,11.12,10.95,11.18,2,0.0033866504611252957
SELECTED_SUPPORT,1,SZ002459,2024-10-22,2024-10-23,2024-10-24,0.6328740157480315,5.0,C38,2024-10-23 13:40:00,2024-10-23 13:50:00,18.25,25,28,0.007677543186180413,0.02809189899445419,0.7368421052631579,38,17.07,16.75,16.32,16.36,16.6,3,-0.09222854617139176
SELECTED_SUPPORT,1,SH601865,2024-10-25,2024-10-28,2024-10-29,0.6695250659630605,6.0,C30,2024-10-28 10:35:00,2024-10-28 10:45:00,27.48,9,10,0.003013863773357439,0.021849963583393972,0.7647058823529411,17,29.28,29.59,29.0,28.68,28.5,1,0.035045481977264314
SELECTED_SUPPORT,1,SH601399,2024-10-25,2024-10-28,2024-10-29,0.19245283018867942,1.0,C35,2024-10-28 13:05:00,2024-10-28 13:15:00,3.46,7,8,0.004151530877011034,0.005249718935193104,0.625,32,3.6,3.58,3.49,3.5,3.47,2,0.0008861470563961138
SELECTED_SUPPORT,1,SZ000932,2024-10-25,2024-10-28,2024-10-29,0.2602339181286548,4.0,C31,2024-10-28 13:35:00,2024-10-28 13:45:00,4.73,14,15,0.005042016806722671,0.04450261780104725,1.0,13,4.69,4.61,4.62,4.62,4.58,3,-0.033647355150867586
SELECTED_SUPPORT,1,SZ002865,2024-10-30,2024-10-31,2024-11-01,0.9648363538003788,8.0,C38,2024-10-31 10:30:00,2024-10-31 10:40:00,79.87,6,7,0.0017821782178217838,0.01104239678019936,0.6578947368421053,38,81.0,81.33,79.8,80.0,78.25,1,-0.022240680425634318
SELECTED_SUPPORT,1,SZ002281,2024-10-30,2024-10-31,2024-11-01,0.4713828652683969,3.0,C39,2024-10-31 10:35:00,2024-10-31 10:45:00,45.53,2,3,0.005221932114882533,0.00651633577521693,0.6341463414634146,82,45.5,44.25,44.12,42.82,43.2,2,-0.05307103988304496
SELECTED_SUPPORT,1,SH600416,2024-10-30,2024-10-31,2024-11-01,0.3044806517311609,3.0,C38,2024-10-31 10:50:00,2024-10-31 11:00:00,14.07,12,13,0.005050505050504972,0.014276795429715827,0.6842105263157895,38,14.64,14.86,14.54,14.46,14.33,3,0.016443856594360762
SELECTED_SUPPORT,1,SH601198,2024-11-01,2024-11-04,2024-11-05,0.14271356783919598,2.0,J67,2024-11-04 10:30:00,2024-11-04 10:40:00,12.49,7,10,0.0060443277765749315,0.0193103448275862,0.9534883720930233,43,12.66,12.15,12.26,12.4,13.45,1,0.07470964957703341
SELECTED_SUPPORT,1,SH600816,2024-11-01,2024-11-04,2024-11-05,0.07407407407407396,3.0,J69,2024-11-04 13:35:00,2024-11-04 13:45:00,3.48,23,24,0.004566460557398511,0.03471526975570105,0.875,8,3.51,3.5,3.54,3.56,3.54,2,0.015208675643906933
SELECTED_SUPPORT,1,SH600010,2024-11-04,2024-11-05,2024-11-06,0.05780346820809257,2.0,C31,2024-11-05 10:30:00,2024-11-05 10:40:00,2.0,5,9,0.01067179450115674,0.021671826625387025,1.0,13,2.0,2.12,2.03,2.05,2.05,1,0.022951792661529913
SELECTED_SUPPORT,1,SH600570,2024-11-04,2024-11-05,2024-11-06,0.1587232181897682,3.0,I65,2024-11-05 10:55:00,2024-11-05 11:05:00,29.14,9,13,0.010874207816381598,0.034417615576206484,1.0,28,30.5,30.85,31.0,31.78,31.23,2,0.06958114685436434
SELECTED_SUPPORT,1,SH601198,2024-11-04,2024-11-05,2024-11-06,0.14246575342465762,2.0,J67,2024-11-05 13:05:00,2024-11-05 13:15:00,13.67,8,10,0.01850368261019153,0.03968253968253954,1.0,43,13.63,13.24,13.01,13.27,13.17,3,-0.03850160691188831
SELECTED_SUPPORT,1,SH601066,2024-11-05,2024-11-06,2024-11-07,-0.08020304568527925,0.0,J67,2024-11-06 10:55:00,2024-11-06 11:05:00,29.71,6,9,0.0031999999999998696,0.010078387458006599,0.813953488372093,43,28.1,28.24,28.35,28.21,27.89,1,-0.06313467593796729
SELECTED_SUPPORT,1,SH600536,2024-11-05,2024-11-06,2024-11-07,0.09696312364425164,2.0,I65,2024-11-06 11:00:00,2024-11-06 11:10:00,55.4,14,15,0.002670226969292422,0.01750489488550222,0.8571428571428571,28,52.33,53.5,54.28,54.4,52.73,2,-0.05009689130857675
SELECTED_SUPPORT,1,SH601360,2024-11-05,2024-11-06,2024-11-07,0.012500000000000178,1.0,I64,2024-11-06 14:20:00,2024-11-06 14:30:00,10.69,5,19,0.002949852507374562,0.03497862417411568,1.0,11,10.32,10.24,10.29,10.32,10.17,3,-0.05054464109445722
SELECTED_SUPPORT,1,SH601608,2024-11-06,2024-11-07,2024-11-08,0.09429280397022333,2.0,C35,2024-11-07 13:25:00,2024-11-07 13:35:00,4.84,18,22,0.012499999999999956,0.015340491248713173,0.625,32,4.99,4.77,4.77,4.77,4.78,1,-0.014370173569418943
SELECTED_SUPPORT,1,SH601066,2024-11-06,2024-11-07,2024-11-08,0.017683772538141573,1.0,J67,2024-11-07 14:25:00,2024-11-07 14:35:00,32.29,35,38,0.017270955165691992,0.053030303030303205,1.0,43,33.0,31.92,31.98,31.71,31.9,2,-0.014052158837885242
SELECTED_SUPPORT,1,SH600732,2024-11-11,2024-11-12,2024-11-13,0.6475583864118895,6.0,C38,2024-11-12 09:50:00,2024-11-12 10:00:00,17.07,0,2,0.005232471221408241,0.016655387414573508,0.868421052631579,38,16.51,16.06,15.89,15.7,15.99,1,-0.06514071672408517
SELECTED_SUPPORT,1,SH600157,2024-11-15,2024-11-18,2024-11-19,0.22047244094488194,4.0,D44,2024-11-18 09:55:00,2024-11-18 10:05:00,1.68,2,3,0.0013656538067599033,0.014659830529289097,0.9375,32,1.71,1.71,1.71,1.7,1.7,1,0.009882722139721745
SELECTED_SUPPORT,1,SZ002738,2024-11-18,2024-11-19,2024-11-20,0.08944815039417842,1.0,C32,2024-11-19 14:35:00,2024-11-19 14:45:00,39.48,40,41,0.006785411365564098,0.01585903083700435,0.88,25,39.35,38.91,39.18,39.16,38.74,1,-0.020704464187914384
SELECTED_SUPPORT,1,SH600118,2024-11-26,2024-11-27,2024-11-28,-0.009266123054114117,1.0,C39,2024-11-27 13:25:00,2024-11-27 13:35:00,29.34,24,25,0.0017934106621156909,0.00838832305209869,0.7195121951219512,82,29.41,29.54,30.99,30.79,30.51,1,0.03779936469327727
SELECTED_SUPPORT,1,SH601933,2024-12-11,2024-12-12,2024-12-13,0.2877551020408162,6.0,F52,2024-12-12 11:20:00,2024-12-12 11:30:00,6.87,5,8,0.0023255813953488857,0.02253046311815332,0.75,8,6.77,6.84,6.7,6.69,6.83,1,-0.007809032715127784
SELECTED_SUPPORT,1,SZ002945,2024-12-23,2024-12-24,2024-12-25,0.19861591695501746,3.0,J67,2024-12-24 10:25:00,2024-12-24 10:35:00,18.96,5,6,0.007610238590036178,0.011194029850746245,0.9534883720930233,43,18.36,17.88,17.92,18.09,17.66,1,-0.07042664102075669
SELECTED_SUPPORT,1,SZ002670,2025-01-13,2025-01-14,2025-01-15,-0.37617554858934177,0.0,J67,2025-01-14 10:00:00,2025-01-14 10:10:00,13.04,3,4,0.00939070433001521,0.017817371937639104,1.0,45,13.66,13.38,13.43,13.35,13.23,1,0.012543185464016116
SELECTED_SUPPORT,1,SZ002945,2025-01-22,2025-01-23,2025-01-24,-0.21942257217847771,0.0,J67,2025-01-23 11:30:00,2025-01-23 13:10:00,16.26,1,20,0.006802721088435382,0.019261637239165186,0.9777777777777777,45,15.53,15.74,15.78,15.69,15.84,1,-0.027776894023422094
SELECTED_SUPPORT,1,SH600839,2025-02-07,2025-02-10,2025-02-11,0.132400430570506,1.0,C39,2025-02-10 14:10:00,2025-02-10 14:20:00,11.52,31,32,0.001404494382022392,0.004640371229698292,0.6091954022988506,87,11.88,11.29,11.62,11.46,11.42,1,-0.010661460688120461
SELECTED_SUPPORT,1,SH603882,2025-02-13,2025-02-14,2025-02-17,0.27020785219399546,2.0,Q84,2025-02-14 11:20:00,2025-02-14 11:30:00,36.11,16,17,0.00263302784625552,0.024187452758881456,1.0,5,38.11,38.47,39.45,39.18,39.93,1,0.10357822860973287
SELECTED_SUPPORT,1,SZ002648,2025-04-24,2025-04-25,2025-04-28,-0.19472710453284003,1.0,C26,2025-04-25 13:45:00,2025-04-25 13:55:00,19.15,28,31,0.004798464491362786,0.007321537522879895,0.7567567567567568,37,18.87,18.83,18.86,18.67,18.46,1,-0.03795758300799357
SELECTED_SUPPORT,1,SZ000559,2025-05-09,2025-05-12,2025-05-13,0.3460925039872409,2.0,C36,2025-05-12 10:00:00,2025-05-12 10:10:00,9.17,0,2,0.004029551851049917,0.012036241553488036,0.8,20,9.55,9.5,9.58,9.75,9.89,1,0.07636175539777468
SELECTED_SUPPORT,1,SH600418,2025-06-06,2025-06-09,2025-06-10,-0.019860139860139903,1.0,C36,2025-06-09 10:20:00,2025-06-09 10:30:00,38.54,6,7,0.00454545454545463,0.005199737930506543,0.7,20,39.55,39.93,39.78,39.98,39.43,1,0.02104849404847986
SELECTED_SUPPORT,1,SH600418,2025-06-10,2025-06-11,2025-06-12,0.09392419175027866,2.0,C36,2025-06-11 13:15:00,2025-06-11 13:25:00,43.13,24,25,0.005932163171775029,0.015611043257462431,1.0,20,41.98,42.59,42.21,42.21,42.99,1,-0.0052377652017626675
SELECTED_SUPPORT,1,SH601059,2025-06-10,2025-06-11,2025-06-12,0.013662979830839417,1.0,J67,2025-06-11 13:55:00,2025-06-11 14:05:00,16.85,3,10,0.0057636887608070175,0.017190696672768402,0.9782608695652174,46,16.1,16.41,16.34,16.35,16.27,2,-0.0363508335179511
SELECTED_SUPPORT,1,SH601162,2025-06-26,2025-06-27,2025-06-30,0.2087628865979383,2.0,J67,2025-06-27 10:45:00,2025-06-27 10:55:00,5.14,3,11,0.004301075268817289,0.00853040200282007,0.9565217391304348,46,4.9,4.93,4.99,4.94,4.89,1,-0.050539192158132074
SELECTED_SUPPORT,1,SH603228,2025-06-27,2025-06-30,2025-07-01,0.2306696861857005,1.0,C39,2025-06-30 13:35:00,2025-06-30 13:45:00,41.74,24,27,0.0022338049143708627,0.006862315666520624,0.8045977011494253,87,41.79,42.3,41.7,41.52,40.86,1,-0.023039016252758393
SELECTED_SUPPORT,1,SZ000617,2025-07-09,2025-07-10,2025-07-11,0.29898403483309144,1.0,J66,2025-07-10 14:15:00,2025-07-10 14:25:00,9.85,30,33,0.006967984758248225,0.01319261213720302,0.9696969696969697,33,9.5,9.31,9.34,9.29,9.34,1,-0.053671438062776966
SELECTED_SUPPORT,1,SH600111,2025-07-10,2025-07-11,2025-07-14,0.06464327946393378,1.0,C32,2025-07-11 10:05:00,2025-07-11 10:15:00,29.71,1,2,0.002369122936208279,0.009451812727585773,0.875,24,30.99,31.59,31.13,30.77,30.34,1,0.019164357549016575
SELECTED_SUPPORT,1,SZ002773,2025-07-21,2025-07-22,2025-07-23,1.1229946524064172,1.0,C27,2025-07-22 14:45:00,2025-07-22 14:55:00,42.81,26,29,0.006141563992959509,0.006269654088050247,0.7954545454545454,44,41.69,41.88,41.58,42.47,43.81,1,0.02131409999946743
SELECTED_SUPPORT,1,SH600820,2025-07-22,2025-07-23,2025-07-24,0.21207177814029365,1.0,E48,2025-07-23 09:55:00,2025-07-23 10:05:00,8.09,0,1,0.0035567605859483375,0.004408764729882164,0.5714285714285714,14,7.05,7.03,7.05,7.11,7.09,1,-0.12536064277243852
SELECTED_SUPPORT,1,SH600233,2025-07-31,2025-08-01,2025-08-04,0.15078124999999987,1.0,G60,2025-08-01 10:35:00,2025-08-01 10:45:00,16.18,1,2,0.0015337567631145133,0.09911744738628658,1.0,3,15.57,15.55,15.6,15.6,15.88,1,-0.020502609818499384
SELECTED_SUPPORT,1,SZ002670,2025-08-08,2025-08-11,2025-08-12,-0.009868421052631526,1.0,J67,2025-08-11 11:00:00,2025-08-11 11:10:00,16.56,5,7,0.004181913225300704,0.012952648788462917,1.0,46,16.15,16.55,16.55,17.08,17.74,1,0.06911540013052564
SELECTED_SUPPORT,1,SZ300803,2025-08-15,2025-08-18,2025-08-19,0.2704671600370028,1.0,J69,2025-08-18 13:35:00,2025-08-18 13:45:00,131.3,21,25,0.007766720915057368,0.014576924363004062,1.0,8,123.26,126.15,126.17,127.0,125.88,1,-0.04319527679874169
SELECTED_SUPPORT,1,SH603688,2025-08-20,2025-08-21,2025-08-22,0.153757225433526,1.0,C30,2025-08-21 13:15:00,2025-08-21 13:25:00,43.87,19,24,0.0035661841829242036,0.005093939393939428,0.7857142857142857,14,42.02,43.45,43.27,43.01,42.04,1,-0.043629051165789856
SELECTED_SUPPORT,1,SH603986,2025-08-21,2025-08-22,2025-08-25,0.1634574603443888,1.0,C39,2025-08-22 14:10:00,2025-08-22 14:20:00,150.85,26,27,0.0026109660574411553,0.021616512837317137,0.8979591836734694,98,159.0,162.7,156.3,158.08,156.58,1,0.03591059893088677
SELECTED_SUPPORT,1,SH600111,2025-08-22,2025-08-25,2025-08-26,0.25359477124183005,1.0,C32,2025-08-25 11:10:00,2025-08-25 11:20:00,52.75,10,13,0.011295861196457535,0.03609194696514495,1.0,24,52.0,50.49,49.99,50.16,50.55,1,-0.0436210728185813
SELECTED_SUPPORT,1,SZ300450,2025-09-04,2025-09-05,2025-09-08,0.7255581216320246,1.0,C35,2025-09-05 10:05:00,2025-09-05 10:15:00,53.06,3,4,0.0029409737648362633,0.012834821428571175,0.9090909090909091,33,55.01,55.75,55.43,55.8,57.16,1,0.07511835599887928
SELECTED_SUPPORT,1,SH603179,2025-09-04,2025-09-05,2025-09-08,0.2443037974683544,1.0,C36,2025-09-05 13:40:00,2025-09-05 13:50:00,64.53,28,29,0.005598756373700775,0.009143558552629605,0.85,20,62.95,64.69,65.78,66.19,66.0,2,0.020736330852520357
SELECTED_SUPPORT,1,SZ000426,2025-09-26,2025-09-29,2025-09-30,0.3323956868260667,1.0,B09,2025-09-29 13:55:00,2025-09-29 14:05:00,31.24,27,29,0.007329165768484414,0.034921773388195465,1.0,10,33.0,33.49,33.23,33.13,33.26,1,0.0625332320640355
SELECTED_SUPPORT,1,SH601618,2025-09-30,2025-10-09,2025-10-10,0.11594202898550732,1.0,E48,2025-10-09 10:55:00,2025-10-09 11:05:00,4.22,7,14,0.0070119321550085045,0.01896274227792616,0.8571428571428571,14,4.01,4.28,4.2,4.14,4.15,1,-0.01855278244241132
SELECTED_SUPPORT,1,SH600021,2025-09-30,2025-10-09,2025-10-10,0.14254859611231097,3.0,D44,2025-10-09 13:35:00,2025-10-09 13:45:00,23.26,28,29,0.009005854051345352,0.024331476405572094,0.96875,32,23.52,23.5,23.85,23.71,23.3,2,-0.0002819969794835009
SELECTED_SUPPORT,1,SH603993,2025-09-30,2025-10-09,2025-10-10,0.13603473227206941,1.0,B09,2025-10-09 14:05:00,2025-10-09 14:15:00,17.17,26,27,0.011125749738243873,0.0910946456333468,1.0,10,17.09,17.08,17.44,17.2,17.42,3,0.012532933401357749
SELECTED_SUPPORT,1,SH600801,2025-10-24,2025-10-27,2025-10-28,0.15225878416062466,1.0,C30,2025-10-27 10:00:00,2025-10-27 10:10:00,22.7,0,1,0.005524861878453136,0.014194912780758684,0.8571428571428571,14,22.45,22.46,22.15,21.91,21.73,1,-0.04464414077425405
SELECTED_SUPPORT,1,SH600183,2025-10-24,2025-10-27,2025-10-28,0.03741798191168644,1.0,C39,2025-10-27 14:05:00,2025-10-27 14:15:00,64.33,23,24,0.006466053220591794,0.021163104061688642,0.8673469387755102,98,64.05,65.0,65.13,64.98,66.25,2,0.02778821494089323
SELECTED_SUPPORT,1,SH600021,2025-10-28,2025-10-29,2025-10-30,0.3936927772126144,4.0,D44,2025-10-29 10:40:00,2025-10-29 10:50:00,30.13,11,12,0.0006954102920722072,0.003864716364716414,0.625,32,29.6,30.43,31.28,31.2,30.16,1,-0.0010045553278317243
SELECTED_SUPPORT,1,SH600089,2025-10-28,2025-10-29,2025-10-30,0.19192546583850922,1.0,C38,2025-10-29 14:25:00,2025-10-29 14:35:00,21.08,32,34,0.007482108002602406,0.04235463029432873,0.8387096774193549,31,20.67,20.96,20.95,20.92,20.89,2,-0.010993522992578164
SELECTED_SUPPORT,1,SH601179,2025-11-04,2025-11-05,2025-11-06,0.24849397590361444,2.0,C38,2025-11-05 14:25:00,2025-11-05 14:35:00,9.07,31,32,0.0026200873362445254,0.025292740046838347,0.8709677419354839,31,8.96,9.11,9.29,9.29,9.78,1,0.07612536985825802
SELECTED_SUPPORT,1,SH603225,2025-11-07,2025-11-10,2025-11-11,0.0,1.0,C28,2025-11-10 13:25:00,2025-11-10 13:35:00,18.56,25,27,0.006355932203389925,0.04380341880341887,0.8,5,18.05,17.9,17.8,17.9,18.07,1,-0.028346357580222525
SELECTED_SUPPORT,1,SH601399,2025-12-18,2025-12-19,2025-12-22,0.5535714285714286,7.0,C35,2025-12-19 09:55:00,2025-12-19 10:05:00,5.67,0,1,0.002614379084967311,0.004399919258718077,0.71875,32,5.75,5.61,5.58,5.49,5.53,1,-0.026640269554220164
SELECTED_SUPPORT,1,SH601106,2025-12-19,2025-12-22,2025-12-23,0.25986842105263164,5.0,C35,2025-12-22 09:50:00,2025-12-22 10:00:00,4.19,0,2,0.0010768899418478473,0.0030292303487295946,0.53125,32,4.2,4.19,4.21,4.15,4.12,1,-0.018671311306710958
SELECTED_SUPPORT,1,SH600487,2025-12-19,2025-12-22,2025-12-23,0.25184404636459434,1.0,C38,2025-12-22 10:05:00,2025-12-22 10:15:00,26.12,1,5,0.0020920502092049986,0.01105769230769238,0.7741935483870968,31,25.92,26.26,26.38,26.51,26.31,2,0.005261332869863411
SELECTED_SUPPORT,1,SH601212,2025-12-19,2025-12-22,2025-12-23,0.12608695652173907,1.0,C32,2025-12-22 10:30:00,2025-12-22 10:40:00,5.69,7,10,0.003303445021236362,0.014970345609153335,0.9166666666666666,24,5.96,5.84,5.83,5.85,5.77,3,0.012033407974114008
SELECTED_SUPPORT,1,SZ002202,2026-01-08,2026-01-09,2026-01-12,0.8627325208466965,7.0,C34,2026-01-09 13:10:00,2026-01-09 13:20:00,31.81,0,23,0.0023474178403755097,0.03002391285094319,1.0,9,33.99,34.81,34.59,34.47,35.11,1,0.1015354104123205
SELECTED_SUPPORT,1,SH601698,2026-01-09,2026-01-12,2026-01-13,1.12679114198871,6.0,I63,2026-01-12 13:10:00,2026-01-12 13:20:00,53.3,19,20,0.00417319749216305,0.015316974476032419,1.0,6,53.87,48.49,48.49,48.49,48.49,1,-0.09206182352706571
SELECTED_SUPPORT,1,SZ002945,2026-01-13,2026-01-14,2026-01-15,0.287074829931973,4.0,J67,2026-01-14 10:40:00,2026-01-14 10:50:00,20.81,11,12,0.010139416983523386,0.013998250218722585,1.0,45,18.63,18.7,18.57,19.21,18.84,1,-0.0964751105241044
SELECTED_SUPPORT,1,SH601106,2026-01-13,2026-01-14,2026-01-15,0.5424164524421593,6.0,C35,2026-01-14 10:45:00,2026-01-14 10:55:00,6.54,5,7,0.009980430528375717,0.01627273844052024,0.8125,32,6.44,5.99,5.95,5.97,5.94,2,-0.09355804454247962
SELECTED_SUPPORT,1,SH600316,2026-01-16,2026-01-19,2026-01-20,0.281547033759423,1.0,C37,2026-01-19 13:50:00,2026-01-19 14:00:00,42.8,27,31,0.0029952579940067947,0.039735099337748325,1.0,19,41.6,42.28,41.68,41.3,41.06,1,-0.04257121935987196
SELECTED_SUPPORT,1,SH601216,2026-01-16,2026-01-19,2026-01-20,0.11578947368421044,2.0,C26,2026-01-19 14:20:00,2026-01-19 14:30:00,5.81,37,38,0.0037849033628993833,0.026924444687602356,0.90625,32,5.73,5.73,5.71,5.76,5.82,2,-0.00028051999662404015
SELECTED_SUPPORT,1,SH601611,2026-01-21,2026-01-22,2026-01-23,0.2780373831775702,4.0,E48,2026-01-22 10:10:00,2026-01-22 10:20:00,18.05,5,6,0.004081632653061273,0.00868940228618642,0.9285714285714286,14,17.37,17.15,17.18,17.03,17.18,1,-0.05010138245118112
SELECTED_SUPPORT,1,SH600988,2026-01-27,2026-01-28,2026-01-29,0.32011155872327235,2.0,B09,2026-01-28 14:25:00,2026-01-28 14:35:00,46.84,35,37,0.0019798059790141487,0.08760364794329212,1.0,10,50.0,51.45,50.03,49.08,49.06,1,0.045302429609353156
SELECTED_SUPPORT,1,SH601799,2026-02-02,2026-02-03,2026-02-04,0.03268851164626918,1.0,C36,2026-02-03 11:00:00,2026-02-03 11:10:00,143.87,12,13,0.004108475762993891,0.009775171065493637,0.8695652173913043,23,143.87,145.68,145.77,145.6,145.3,1,0.007921416005440607
SELECTED_SUPPORT,1,SH600352,2026-02-06,2026-02-09,2026-02-10,0.32535460992907805,2.0,C26,2026-02-09 09:50:00,2026-02-09 10:00:00,16.45,1,2,0.006535947712418277,0.01030943224193559,0.875,32,16.3,16.01,16.34,16.35,16.2,1,-0.017165450893807943
SELECTED_SUPPORT,1,SH600392,2026-02-06,2026-02-09,2026-02-10,0.0542735042735043,1.0,C32,2026-02-09 09:50:00,2026-02-09 10:00:00,27.14,1,2,0.006535947712418277,0.00853374709076804,0.8260869565217391,23,27.5,27.78,27.88,27.58,28.07,2,0.03220004026130607
SELECTED_SUPPORT,1,SZ002916,2026-02-13,2026-02-24,2026-02-25,0.010057594773489331,1.0,C39,2026-02-24 10:30:00,2026-02-24 10:40:00,258.07,8,9,0.009708737864077666,0.015521099829481466,0.89,100,260.0,267.17,263.12,263.4,260.6,1,0.007785700675255081
SELECTED_SUPPORT,1,SH601872,2026-02-13,2026-02-24,2026-02-25,0.08645276292335113,1.0,G55,2026-02-24 10:50:00,2026-02-24 11:00:00,13.29,0,14,0.010000000000000009,0.020648967551622377,1.0,13,13.99,14.75,14.75,14.75,14.75,2,0.1076392623654363
SELECTED_SUPPORT,1,SH600026,2026-02-13,2026-02-24,2026-02-25,0.20812544547398426,1.0,G55,2026-02-24 11:05:00,2026-02-24 11:15:00,18.57,0,14,0.01034692635423018,0.01975308641975304,1.0,13,19.47,20.35,20.52,20.52,20.52,3,0.1027999939800408
SELECTED_SUPPORT,1,SZ000657,2026-02-24,2026-02-25,2026-02-26,,1.0,C33,2026-02-25 13:15:00,2026-02-25 13:25:00,58.83,24,25,0.008507694093456641,0.021657565829389602,0.8333333333333334,6,61.18,62.21,62.77,63.23,63.96,1,0.08502790858540643
SELECTED_SUPPORT,1,SH601958,2026-02-26,2026-02-27,2026-03-02,0.14066496163682873,1.0,B09,2026-02-27 13:55:00,2026-02-27 14:05:00,24.53,30,31,0.003373155372324854,0.027026178915391386,1.0,10,25.31,24.67,24.88,24.86,25.05,1,0.019157921357474628
SELECTED_SUPPORT,1,SH600026,2026-03-23,2026-03-24,2026-03-25,0.38761061946902653,6.0,G55,2026-03-24 11:30:00,2026-03-24 13:10:00,25.58,19,20,0.010146853989767779,0.02784810126582271,1.0,13,26.7,25.66,26.48,26.97,26.69,1,0.041308314275109614
SELECTED_SUPPORT,1,SH601016,2026-03-23,2026-03-24,2026-03-25,0.43870967741935485,4.0,D44,2026-03-24 13:20:00,2026-03-24 13:30:00,4.87,21,24,0.007113221230878208,0.026497299950908215,1.0,32,4.98,5.07,5.23,5.3,5.4,2,0.10661384892517889
SELECTED_SUPPORT,1,SZ003031,2026-03-24,2026-03-25,2026-03-26,0.00039840637450194727,1.0,C39,2026-03-25 10:30:00,2026-03-25 10:40:00,82.86,9,10,0.012556937631394649,0.023555981703732964,0.93,100,81.7,81.43,80.8,80.38,80.96,1,-0.024882674462626375
SELECTED_SUPPORT,1,SZ002460,2026-03-26,2026-03-27,2026-03-30,-0.005901729343947171,1.0,C32,2026-03-27 14:05:00,2026-03-27 14:15:00,79.67,27,35,0.005607476635514086,0.02381798791325984,0.9130434782608695,23,81.0,79.84,79.54,80.22,80.12,1,0.0036387614524764356
SELECTED_SUPPORT,1,SZ000967,2026-03-31,2026-04-01,2026-04-02,0.04802955665024644,1.0,C35,2026-04-01 11:20:00,2026-04-01 11:30:00,9.28,0,1,0.011803506335705594,0.018968583283936136,0.8484848484848485,33,9.03,9.42,9.46,9.54,9.64,1,0.03671733402619304
SELECTED_SUPPORT,1,SZ002475,2026-04-17,2026-04-20,2026-04-21,0.2437552039966695,1.0,C39,2026-04-20 14:15:00,2026-04-20 14:25:00,65.73,26,28,0.0006270575325286742,0.009284830666054011,0.68,100,64.86,64.66,63.7,64.13,63.89,1,-0.02993561935716116
SELECTED_SUPPORT,1,SZ002353,2026-04-30,2026-05-06,2026-05-07,0.36440593566377855,3.0,C35,2026-05-06 13:45:00,2026-05-06 13:55:00,150.68,8,9,0.010924981791696986,0.015368852459016313,0.8484848484848485,33,149.96,146.54,145.93,145.8,146.85,1,-0.027365563899941936
SELECTED_SUPPORT,1,SZ000967,2026-04-30,2026-05-06,2026-05-07,0.48793859649122817,4.0,C35,2026-05-06 13:50:00,2026-05-06 14:00:00,14.93,15,16,0.011191573403555033,0.015389197776012775,0.8787878787878788,33,15.23,15.09,15.09,15.36,15.25,2,0.019392275372115853
SELECTED_SUPPORT,1,SZ002008,2026-05-08,2026-05-11,2026-05-12,0.896519577377253,6.0,C35,2026-05-11 14:15:00,2026-05-11 14:25:00,134.22,31,34,0.0063455949137147805,0.010882502975684494,0.7272727272727273,33,134.2,131.45,129.8,129.7,131.76,1,-0.020289744895834128
SELECTED_SUPPORT,1,SZ003031,2026-05-08,2026-05-11,2026-05-12,0.5283142389525366,1.0,C39,2026-05-11 14:15:00,2026-05-11 14:25:00,154.06,12,13,0.0063455949137147805,0.023063116664460592,0.8,100,156.66,153.6,152.5,150.01,150.47,2,-0.0252542959709684
SELECTED_SUPPORT,1,SH600601,2026-05-21,2026-05-22,2026-05-25,-0.01021276595744669,2.0,C39,2026-05-22 13:35:00,2026-05-22 13:45:00,12.79,26,28,0.0020993120419620093,0.021223153896439362,0.91,100,13.02,13.23,13.13,13.17,12.8,1,-0.0012179525873808883
SELECTED_SUPPORT,1,SH600863,2026-05-28,2026-05-29,2026-06-01,0.45614035087719307,4.0,D44,2026-05-29 13:25:00,2026-05-29 13:35:00,7.28,7,27,0.009397515788050592,0.0344029513103401,1.0,32,7.66,7.39,7.07,7.01,7.47,1,0.024048497880143183
SELECTED_SUPPORT,1,SZ000539,2026-05-29,2026-06-01,2026-06-02,0.221458046767538,3.0,D44,2026-06-01 10:05:00,2026-06-01 10:15:00,9.77,0,1,0.00402636438871995,0.0087915909881362,0.71875,32,9.68,8.98,8.99,8.93,9.02,1,-0.07861046310936926
SELECTED_SUPPORT,1,SZ000960,2026-06-11,2026-06-12,2026-06-15,-0.10431654676258995,1.0,C32,2026-06-12 13:45:00,2026-06-12 13:55:00,38.32,13,25,0.016601844221975304,0.04937076476282676,0.9565217391304348,23,38.88,40.02,40.45,40.49,40.1,1,0.044359867756182725
SELECTED_SUPPORT,1,SH600563,2026-06-12,2026-06-15,2026-06-16,0.06740314995894603,3.0,C39,2026-06-15 10:30:00,2026-06-15 10:40:00,157.28,9,10,0.010029649740844193,0.03305793442957772,0.89,100,161.0,168.0,166.58,164.58,165.79,1,0.05200095343618982
SELECTED_SUPPORT,1,SZ002384,2026-06-12,2026-06-15,2026-06-16,0.06983034177526437,2.0,C39,2026-06-15 13:25:00,2026-06-15 13:35:00,239.31,23,26,0.007680132909308024,0.04277689034457777,0.87,100,244.0,241.52,242.8,239.0,239.31,2,-0.001998251061922085
SELECTED_SUPPORT,1,SH600160,2026-06-12,2026-06-15,2026-06-16,0.18045112781954908,2.0,C26,2026-06-15 13:40:00,2026-06-15 13:50:00,46.63,26,27,0.010740940078639238,0.023848735717718617,0.78125,32,46.06,45.83,45.59,45.32,46.58,3,-0.0030683794652440755
SELECTED_SUPPORT,1,SZ002126,2026-07-03,2026-07-06,2026-07-07,0.048059877880638036,1.0,C36,2026-07-06 13:05:00,2026-07-06 13:15:00,57.72,4,6,0.0011834319526629056,0.006310444793055869,0.6666666666666666,24,55.21,55.38,56.02,56.08,54.97,1,-0.04954684443648405
SELECTED_SUPPORT,1,SZ000021,2026-07-09,2026-07-10,2026-07-13,0.45850622406638997,4.0,C39,2026-07-10 10:20:00,2026-07-10 10:30:00,61.47,1,6,0.0065924597687175845,0.008474374749114388,0.65,100,56.88,57.3,57.25,57.65,55.82,1,-0.09372933746992829
CONTROL_UNSUPPORTED,1,SH600085,2021-05-17,2021-05-18,2021-05-19,0.14325259515570932,1.0,C27,2021-05-18 14:00:00,2021-05-18 14:10:00,36.17,32,33,0.0010207426136630282,-0.004263997033741029,0.32727272727272727,55,35.8,35.83,35.85,36.17,36.0,1,-0.007185915201715631
CONTROL_UNSUPPORTED,1,SZ000066,2021-05-18,2021-05-19,2021-05-20,0.11032863849765251,1.0,C39,2021-05-19 11:15:00,2021-05-19 11:25:00,15.58,11,12,-0.006071619472748535,0.0,0.48148148148148145,81,15.62,15.52,15.2,15.23,15.27,1,-0.022345234670444913
CONTROL_UNSUPPORTED,1,SH600733,2021-05-19,2021-05-20,2021-05-21,0.4436450839328536,6.0,C36,2021-05-20 10:05:00,2021-05-20 10:15:00,19.87,4,5,-0.0033821065692345442,-0.003776499667268729,0.4166666666666667,24,18.32,18.61,18.68,18.5,19.04,1,-0.04416481167336128
CONTROL_UNSUPPORTED,1,SZ002174,2021-05-19,2021-05-20,2021-05-21,0.09235010337698135,1.0,I64,2021-05-20 14:50:00,2021-05-20 15:00:00,17.44,38,44,-0.002646410193580029,0.0,0.4666666666666667,15,17.3,17.39,17.26,17.15,17.13,2,-0.02022845994242617
CONTROL_UNSUPPORTED,1,SH600779,2021-05-20,2021-05-21,2021-05-24,0.0944197530864197,1.0,C15,2021-05-21 10:40:00,2021-05-21 10:50:00,121.89,1,9,-0.002014117074358057,0.00783903841128808,0.6470588235294118,17,123.46,120.62,123.9,124.4,124.5,1,0.018861641682999197
CONTROL_UNSUPPORTED,1,SH601377,2021-05-25,2021-05-26,2021-05-27,0.017524644030668002,1.0,J67,2021-05-26 10:00:00,2021-05-26 10:10:00,10.22,1,4,0.0,0.005869405722670695,0.7560975609756098,41,10.1,9.93,10.06,10.07,10.16,1,-0.008353804786137786
CONTROL_UNSUPPORTED,1,SH601901,2021-05-27,2021-05-28,2021-05-31,-0.014721345951629883,1.0,J67,2021-05-28 14:10:00,2021-05-28 14:20:00,10.25,20,36,-0.005993433625012534,0.004004004004003914,0.6585365853658537,41,10.29,10.33,10.42,10.5,10.48,1,0.01988535362106636
CONTROL_UNSUPPORTED,1,SH601377,2021-05-27,2021-05-28,2021-05-31,0.1577752553916003,2.0,J67,2021-05-28 14:40:00,2021-05-28 14:50:00,11.13,18,38,-0.00705886260962002,0.0031595576619272148,0.6097560975609756,41,11.19,11.21,11.21,11.25,11.22,2,0.0055684304608851765
CONTROL_UNSUPPORTED,1,SZ000158,2021-05-28,2021-05-31,2021-06-01,0.6950354609929079,7.0,I65,2021-05-31 11:30:00,2021-05-31 13:10:00,10.51,15,22,-0.002305647840531555,0.005578093306288112,0.7272727272727273,33,10.21,10.18,10.52,10.67,10.52,1,-0.001548528110636438
CONTROL_UNSUPPORTED,1,SH603888,2021-05-31,2021-06-01,2021-06-02,0.26086956521739135,3.0,I64,2021-06-01 14:00:00,2021-06-01 14:10:00,26.19,22,33,-0.0013314995410974029,0.0028877887788778533,0.6,15,25.83,25.26,24.73,24.74,24.33,1,-0.07333971943356721
CONTROL_UNSUPPORTED,1,SH600869,2021-06-01,2021-06-02,2021-06-03,0.05494505494505497,1.0,C38,2021-06-02 14:35:00,2021-06-02 14:45:00,4.19,7,12,-0.008984375000000044,-0.007537688442211032,0.22857142857142856,35,4.08,4.09,4.11,4.13,4.17,1,-0.007258974312967625
CONTROL_UNSUPPORTED,1,SH600827,2021-06-02,2021-06-03,2021-06-04,-0.01653611836379454,2.0,F52,2021-06-03 13:50:00,2021-06-03 14:00:00,24.84,28,31,0.0031347962382446415,-0.0014588595823720185,0.42857142857142855,14,23.28,23.04,22.76,22.8,21.9,1,-0.1205595015961356
CONTROL_UNSUPPORTED,1,SH600171,2021-06-03,2021-06-04,2021-06-07,0.07134502923976593,1.0,C39,2021-06-04 14:25:00,2021-06-04 14:35:00,20.0,25,39,-0.0018115942028985588,0.003355704697986628,0.5925925925925926,81,21.0,22.17,22.17,22.17,22.17,1,0.10573138106028224
CONTROL_UNSUPPORTED,1,SH600460,2021-06-04,2021-06-07,2021-06-08,0.17711171662125347,1.0,C39,2021-06-07 10:40:00,2021-06-07 10:50:00,42.74,5,6,0.0,0.01739130434782621,0.8518518518518519,81,42.76,42.78,43.07,43.06,43.44,1,0.013839567296032751
CONTROL_UNSUPPORTED,1,SH600639,2021-06-07,2021-06-08,2021-06-09,0.11428571428571432,2.0,K70,2021-06-08 14:00:00,2021-06-08 14:10:00,14.51,14,17,-0.003663003663003539,0.0017574692442881013,0.5806451612903226,31,14.01,13.9,13.85,13.95,13.88,1,-0.04580751587698728
CONTROL_UNSUPPORTED,1,SZ000009,2021-06-09,2021-06-10,2021-06-11,0.2865731462925851,2.0,S91,2021-06-10 10:15:00,2021-06-10 10:25:00,14.11,3,6,0.0,0.047651254303984314,0.5,2,14.5,14.12,14.31,14.15,14.2,1,0.0038648975304869104
CONTROL_UNSUPPORTED,1,SZ000960,2021-06-10,2021-06-11,2021-06-15,0.10048510048510062,1.0,C32,2021-06-11 13:35:00,2021-06-11 13:45:00,17.46,28,29,-0.006074766355140149,0.001093071566006576,0.5625,16,17.4,17.11,16.76,16.56,16.39,1,-0.06362749701086101
CONTROL_UNSUPPORTED,1,SH601969,2021-06-10,2021-06-11,2021-06-15,0.09495896834701067,2.0,B08,2021-06-11 14:05:00,2021-06-11 14:15:00,10.26,23,33,-0.006906077348066253,0.09850107066381164,1.0,1,10.23,10.6,10.64,10.29,10.15,2,-0.013192096359614824
CONTROL_UNSUPPORTED,1,SZ002625,2021-06-10,2021-06-11,2021-06-15,0.23696407879490144,1.0,C36,2021-06-11 14:50:00,2021-06-11 15:00:00,23.49,31,32,-0.009508716323296307,0.0012315270935961964,0.5,24,23.5,23.99,23.58,23.3,23.59,3,0.0017488715036682034
CONTROL_UNSUPPORTED,1,SH601919,2021-06-16,2021-06-17,2021-06-18,0.1234679981842941,2.0,G55,2021-06-17 10:40:00,2021-06-17 10:50:00,27.22,10,11,0.0,0.008333333333333304,0.8461538461538461,13,26.7,26.92,26.94,27.08,27.3,1,0.00043404839915806015
CONTROL_UNSUPPORTED,1,SH603650,2021-06-16,2021-06-17,2021-06-18,0.26865671641791056,4.0,C26,2021-06-17 13:55:00,2021-06-17 14:05:00,43.91,31,32,0.0,-0.002902602521494546,0.3235294117647059,34,45.35,44.8,44.44,44.94,44.46,2,0.009996709798112846
CONTROL_UNSUPPORTED,1,SZ002174,2021-06-17,2021-06-18,2021-06-21,0.021451104100946417,3.0,I64,2021-06-18 13:20:00,2021-06-18 13:30:00,17.8,24,25,-0.0011918951132300348,0.0028074115665357446,0.5333333333333333,15,18.17,18.06,17.9,17.94,17.89,1,0.0025459248589014827
CONTROL_UNSUPPORTED,1,SH603650,2021-06-18,2021-06-21,2021-06-22,0.4848289218850872,5.0,C26,2021-06-21 11:00:00,2021-06-21 11:10:00,50.11,15,16,0.0,0.0,0.4411764705882353,34,47.94,47.55,47.25,46.99,45.91,1,-0.08610389206033509
CONTROL_UNSUPPORTED,1,SH601969,2021-06-22,2021-06-23,2021-06-24,0.20379746835443036,2.0,B08,2021-06-23 13:25:00,2021-06-23 13:35:00,10.46,26,27,0.0007886749266059478,0.09884332281808628,1.0,1,10.28,10.29,10.19,10.27,10.3,1,-0.017755788969391895
CONTROL_UNSUPPORTED,1,SZ000009,2021-06-25,2021-06-28,2021-06-29,0.6917525773195878,3.0,S91,2021-06-28 13:15:00,2021-06-28 13:25:00,18.02,24,25,-0.0024953212726138707,0.046360873755392495,0.5,2,18.11,18.4,18.01,17.98,18.06,1,-0.0002834147619922289
CONTROL_UNSUPPORTED,1,SZ000718,2021-06-28,2021-06-29,2021-06-30,-0.3040604343720491,1.0,K70,2021-06-29 11:25:00,2021-06-29 13:05:00,8.03,14,21,-0.008130081300813052,-0.003780718336483968,0.25806451612903225,31,8.11,8.4,8.36,8.12,8.02,1,-0.003739846111198264
CONTROL_UNSUPPORTED,1,SZ002416,2021-07-01,2021-07-02,2021-07-05,0.29176755447941893,2.0,F51,2021-07-02 13:45:00,2021-07-02 13:55:00,11.74,21,22,-0.009478672985781977,-0.0040431266846361336,0.23076923076923078,13,11.38,11.41,11.45,11.59,11.46,1,-0.026288143042815904
CONTROL_UNSUPPORTED,1,SH601969,2021-07-02,2021-07-05,2021-07-06,0.26539278131634814,3.0,B08,2021-07-05 11:05:00,2021-07-05 11:15:00,13.05,10,13,0.0,0.09983221476510074,1.0,1,13.29,13.73,13.68,13.41,13.55,1,0.035720855276577534
CONTROL_UNSUPPORTED,1,SH600171,2021-07-05,2021-07-06,2021-07-07,0.4997518610421836,6.0,C39,2021-07-06 10:25:00,2021-07-06 10:35:00,33.24,8,9,-0.0006170846083553561,0.0,0.48148148148148145,81,30.39,29.68,29.99,30.13,29.97,1,-0.10062737260061161
CONTROL_UNSUPPORTED,1,SZ002080,2021-07-05,2021-07-06,2021-07-07,0.09908336970755127,1.0,C30,2021-07-06 14:10:00,2021-07-06 14:20:00,27.7,0,36,-0.004564664048365696,0.002259887005649608,0.5789473684210527,19,27.72,27.94,28.07,27.72,27.9,2,0.0047045567344516925
CONTROL_UNSUPPORTED,1,SH600884,2021-07-06,2021-07-07,2021-07-08,0.14127702362996475,1.0,C38,2021-07-07 13:40:00,2021-07-07 13:50:00,24.97,15,29,-0.002020202020201922,0.019048870204939394,0.6571428571428571,35,25.89,27.38,27.47,27.05,27.39,1,0.09417661237657082
CONTROL_UNSUPPORTED,1,SH600549,2021-07-06,2021-07-07,2021-07-08,0.01540616246498594,1.0,C32,2021-07-07 13:45:00,2021-07-07 13:55:00,23.88,27,28,-0.0012360939431396156,0.011970272541153348,0.6875,16,24.2,24.83,24.85,25.0,25.0,2,0.04428640445148058
CONTROL_UNSUPPORTED,1,SH600111,2021-07-07,2021-07-08,2021-07-09,0.16450417052826705,1.0,C32,2021-07-08 13:10:00,2021-07-08 13:20:00,27.63,1,15,-0.007497716253249964,0.006131093935790699,0.5625,16,27.2,27.16,27.58,27.66,27.95,1,0.009055061173395496
CONTROL_UNSUPPORTED,1,SZ000887,2021-07-12,2021-07-13,2021-07-14,0.08053691275167796,1.0,C29,2021-07-13 09:45:00,2021-07-13 09:55:00,14.14,0,1,-0.0012700578141741081,0.01391035548686248,0.8571428571428571,7,14.13,14.18,14.25,14.17,14.0,1,-0.012373887592025512
CONTROL_UNSUPPORTED,1,SH600338,2021-07-12,2021-07-13,2021-07-14,0.2978873239436619,1.0,B09,2021-07-13 10:05:00,2021-07-13 10:15:00,20.26,0,4,0.0,-0.0071752214783255,0.25,12,20.5,20.79,20.07,20.8,21.0,2,0.03393632004803249
CONTROL_UNSUPPORTED,1,SZ000012,2021-07-12,2021-07-13,2021-07-14,0.07584830339321358,1.0,C30,2021-07-13 11:20:00,2021-07-13 11:30:00,11.84,15,16,0.001750758934590646,0.0,0.47368421052631576,19,12.12,12.33,12.23,12.24,12.14,3,0.022776926915467843
CONTROL_UNSUPPORTED,1,SZ002074,2021-07-13,2021-07-14,2021-07-15,0.494918125352908,3.0,C38,2021-07-14 14:15:00,2021-07-14 14:25:00,58.03,26,37,-0.008032128514056214,-0.00687757909215958,0.2571428571428571,35,54.78,56.37,57.3,57.11,55.51,1,-0.045814979238939624
CONTROL_UNSUPPORTED,1,SZ002506,2021-07-15,2021-07-16,2021-07-19,0.13731343283582098,2.0,C39,2021-07-16 10:35:00,2021-07-16 10:45:00,4.16,6,8,-0.0009122087017012781,0.0026917900403768957,0.5432098765432098,81,4.08,4.15,4.08,4.02,4.01,1,-0.038465260128957124
CONTROL_UNSUPPORTED,1,SH600348,2021-07-15,2021-07-16,2021-07-19,0.08591549295774659,1.0,B06,2021-07-16 14:35:00,2021-07-16 14:45:00,8.46,39,41,-0.002019665052384767,0.010230179028132946,1.0,9,8.72,8.6,8.8,8.77,8.8,2,0.03759112140450105
CONTROL_UNSUPPORTED,1,SH600418,2021-07-20,2021-07-21,2021-07-22,0.7333333333333332,6.0,C36,2021-07-21 10:40:00,2021-07-21 10:50:00,18.55,8,9,0.0,0.010915501286640983,0.7083333333333334,24,19.31,19.92,19.5,19.47,19.69,1,0.058804406191167224
CONTROL_UNSUPPORTED,1,SZ000723,2021-07-20,2021-07-21,2021-07-22,0.26647144948755486,2.0,C25,2021-07-21 14:15:00,2021-07-21 14:25:00,9.46,23,24,0.0015963410283851287,0.09942196531791891,1.0,1,9.33,9.6,9.61,9.34,9.54,2,0.005937911574608323
CONTROL_UNSUPPORTED,1,SH603893,2021-07-21,2021-07-22,2021-07-23,0.047728700020933656,1.0,C39,2021-07-22 13:15:00,2021-07-22 13:25:00,165.17,7,8,0.0028293128011397384,0.00042016806722688926,0.5061728395061729,81,162.69,171.17,170.38,172.0,179.69,1,0.0851922352725969
CONTROL_UNSUPPORTED,1,SZ000959,2021-07-22,2021-07-23,2021-07-26,0.1871559633027522,2.0,C31,2021-07-23 13:10:00,2021-07-23 13:20:00,7.12,0,24,-0.00998347162351848,0.011448830869245974,0.8,20,7.14,7.08,7.08,7.15,7.05,1,-0.012304531825704679
CONTROL_UNSUPPORTED,1,SH601106,2021-07-22,2021-07-23,2021-07-26,0.2872340425531916,6.0,C35,2021-07-23 13:20:00,2021-07-23 13:30:00,3.97,7,22,-0.009086512944506686,-0.012681729957731258,0.25,28,4.0,3.8,3.77,3.8,3.8,2,-0.045211833898789355
CONTROL_UNSUPPORTED,1,SH600699,2021-07-22,2021-07-23,2021-07-26,0.06465333900467884,1.0,C36,2021-07-23 13:45:00,2021-07-23 13:55:00,27.52,28,29,-0.007361247947454741,0.005099181440410772,0.5833333333333334,24,26.68,24.92,24.58,24.74,24.58,3,-0.10906219689615215
CONTROL_UNSUPPORTED,1,SZ000630,2021-07-26,2021-07-27,2021-07-28,0.30797101449275366,1.0,C32,2021-07-27 10:50:00,2021-07-27 11:00:00,3.96,3,9,-0.001468428781204123,0.003601050532034966,0.625,16,3.49,3.5,3.4,3.41,3.36,1,-0.15363434973037815
CONTROL_UNSUPPORTED,1,SH600259,2021-07-27,2021-07-28,2021-07-29,0.25029761904761894,4.0,B09,2021-07-28 10:50:00,2021-07-28 11:00:00,46.21,11,13,-0.0039525691699603405,-0.021064512045905204,0.25,12,45.64,44.55,45.7,46.03,45.83,1,-0.01070041594949045
CONTROL_UNSUPPORTED,1,SH601877,2021-07-29,2021-07-30,2021-08-02,0.18243243243243246,3.0,C38,2021-07-30 09:45:00,2021-07-30 09:55:00,42.35,0,1,-0.00899742930591263,0.005308560053085554,0.5714285714285714,35,44.98,45.57,45.16,44.51,44.52,1,0.04861406539898594
CONTROL_UNSUPPORTED,1,SZ000959,2021-07-29,2021-07-30,2021-08-02,0.16878402903811263,3.0,C31,2021-07-30 13:20:00,2021-07-30 13:30:00,7.04,25,26,-0.007377049180327888,0.03742107012296447,1.0,20,6.7,6.55,6.53,6.5,6.47,2,-0.08326131296130801
CONTROL_UNSUPPORTED,1,SH603806,2021-07-29,2021-07-30,2021-08-02,0.17229437229437217,3.0,C29,2021-07-30 13:30:00,2021-07-30 13:40:00,134.03,8,26,-0.00870322019147085,0.0052631578947368585,0.5714285714285714,7,134.03,136.88,138.28,134.11,135.82,3,0.010824236164467704
CONTROL_UNSUPPORTED,1,SZ002396,2021-07-30,2021-08-02,2021-08-03,0.2990654205607477,1.0,C39,2021-08-02 10:00:00,2021-08-02 10:10:00,30.55,2,3,-0.006983895345807123,0.005807363463091075,0.6282051282051282,78,31.3,31.45,31.19,31.45,30.89,1,0.00860387294288567
CONTROL_UNSUPPORTED,1,SH600256,2021-08-03,2021-08-04,2021-08-05,0.1705882352941177,1.0,B07,2021-08-04 10:10:00,2021-08-04 10:20:00,4.38,4,5,0.0,0.0021834061135370675,0.6666666666666666,3,4.45,4.55,4.6,4.63,4.71,1,0.07265666194885312
CONTROL_UNSUPPORTED,1,SH601969,2021-08-03,2021-08-04,2021-08-05,0.02081727062451799,1.0,B08,2021-08-04 11:00:00,2021-08-04 11:10:00,14.56,10,14,-0.002423262379365354,0.09969788519637457,1.0,1,14.73,15.7,15.96,15.94,15.42,2,0.05642078295771147
CONTROL_UNSUPPORTED,1,SH601877,2021-08-03,2021-08-04,2021-08-05,0.39646302250803855,4.0,C38,2021-08-04 13:20:00,2021-08-04 13:30:00,47.75,7,8,-0.0032087102384406596,0.021593211752786168,0.6944444444444444,36,48.9,50.2,49.64,49.55,49.17,3,0.027166318462222394
CONTROL_UNSUPPORTED,1,SZ000009,2021-08-04,2021-08-05,2021-08-06,0.22881813275769014,5.0,S91,2021-08-05 13:55:00,2021-08-05 14:05:00,25.04,28,33,-0.0067587243883173165,0.05067001220571876,1.0,2,27.0,27.36,26.92,26.63,27.2,1,0.08354890415622518
CONTROL_UNSUPPORTED,1,SZ000009,2021-08-05,2021-08-06,2021-08-09,0.22914622178606492,5.0,S91,2021-08-06 10:25:00,2021-08-06 10:35:00,27.4,0,1,-0.003980198019801873,0.06504996651215844,1.0,2,26.9,25.5,25.38,24.96,25.03,1,-0.08877794125885696
CONTROL_UNSUPPORTED,1,SZ000723,2021-08-06,2021-08-09,2021-08-10,0.4672897196261683,4.0,C25,2021-08-09 10:50:00,2021-08-09 11:00:00,11.92,0,7,0.010882708585247869,0.0991810737033667,1.0,1,11.92,12.52,12.66,12.44,12.58,1,0.052733209650439816
CONTROL_UNSUPPORTED,1,SZ002506,2021-08-09,2021-08-10,2021-08-11,0.06632653061224492,4.0,C39,2021-08-10 10:35:00,2021-08-10 10:45:00,4.6,10,11,-0.002775850104094424,-0.003293763791741011,0.41025641025641024,78,4.7,4.73,4.83,4.81,4.7,1,0.01918720773927296
CONTROL_UNSUPPORTED,1,SH600048,2021-08-10,2021-08-11,2021-08-12,-0.03488372093023251,1.0,K70,2021-08-11 09:45:00,2021-08-11 09:55:00,12.78,0,1,0.0,0.0278422273781902,0.9310344827586207,29,12.3,12.7,12.71,12.62,12.6,1,-0.016546955672622432
CONTROL_UNSUPPORTED,1,SH600039,2021-08-10,2021-08-11,2021-08-12,0.08641975308641969,1.0,E48,2021-08-11 13:40:00,2021-08-11 13:50:00,7.73,18,28,-0.0005952380952382041,0.010385756676557722,0.7333333333333333,15,7.81,7.75,7.71,7.74,7.65,2,-0.012821066297514228
CONTROL_UNSUPPORTED,1,SH601699,2021-08-10,2021-08-11,2021-08-12,0.057755775577557955,1.0,B06,2021-08-11 13:45:00,2021-08-11 13:55:00,14.07,29,31,0.0,0.039951365613184575,1.0,8,14.1,14.4,14.7,14.65,14.63,3,0.037203960538305436
CONTROL_UNSUPPORTED,1,SZ002601,2021-08-12,2021-08-13,2021-08-16,0.04072259644825493,1.0,C26,2021-08-13 10:25:00,2021-08-13 10:35:00,37.12,5,8,0.0,0.0028768699654775354,0.5757575757575758,33,36.05,36.79,36.02,35.79,35.0,1,-0.059467050818375555
CONTROL_UNSUPPORTED,1,SH603260,2021-08-12,2021-08-13,2021-08-16,0.3255627928236773,1.0,C26,2021-08-13 10:45:00,2021-08-13 10:55:00,127.26,10,13,-0.0015451608371962466,0.000779423226812126,0.5151515151515151,33,131.16,129.12,128.0,130.63,129.28,2,0.013335744540499794
CONTROL_UNSUPPORTED,1,SZ000629,2021-08-12,2021-08-13,2021-08-16,0.14453125,2.0,C32,2021-08-13 14:50:00,2021-08-13 15:00:00,3.19,37,44,-0.0034802784222737193,0.0035786312156756983,0.5625,16,3.23,3.25,3.24,3.18,3.17,3,-0.008751559844322299
CONTROL_UNSUPPORTED,1,SZ000723,2021-08-13,2021-08-16,2021-08-17,0.720569210866753,7.0,C25,2021-08-16 13:45:00,2021-08-16 13:55:00,14.61,29,30,0.003730569948186435,0.10000000000000009,1.0,1,14.63,14.2,14.03,14.3,13.88,1,-0.05233860748631647
CONTROL_UNSUPPORTED,1,SH601555,2021-08-16,2021-08-17,2021-08-18,0.0884520884520883,1.0,J67,2021-08-17 13:40:00,2021-08-17 13:50:00,9.7,2,29,-0.010619469026548756,0.006195786864931607,0.8536585365853658,41,9.03,9.29,9.33,9.49,9.61,1,-0.011752803129583378
CONTROL_UNSUPPORTED,1,SH603260,2021-08-17,2021-08-18,2021-08-19,0.3951219512195121,2.0,C26,2021-08-18 11:30:00,2021-08-18 13:10:00,135.23,10,18,0.0,0.0009094216078575634,0.5151515151515151,33,133.8,134.2,135.15,135.01,133.23,1,-0.017250305215738893
CONTROL_UNSUPPORTED,1,SH600958,2021-08-18,2021-08-19,2021-08-20,0.41514598540145964,5.0,J67,2021-08-19 11:05:00,2021-08-19 11:15:00,17.0,0,12,-0.008294273580319311,-0.015544041450777257,0.17073170731707318,41,16.13,16.37,16.05,15.84,16.39,1,-0.03829035869468411
CONTROL_UNSUPPORTED,1,SH600038,2021-08-18,2021-08-19,2021-08-20,0.16768642447418736,1.0,C37,2021-08-19 11:10:00,2021-08-19 11:20:00,67.15,17,18,-0.007635067387958772,0.019396378269617598,0.8,15,66.87,67.07,67.41,66.46,66.99,2,-0.004874400552311142
CONTROL_UNSUPPORTED,1,SZ002155,2021-08-19,2021-08-20,2021-08-23,0.531400966183575,4.0,B09,2021-08-20 10:30:00,2021-08-20 10:40:00,13.93,8,10,-0.00471049818510727,-0.007407407407407307,0.36363636363636365,11,14.19,14.61,14.53,14.93,14.6,1,0.04547987462799652
CONTROL_UNSUPPORTED,1,SZ002939,2021-08-19,2021-08-20,2021-08-23,0.20410256410256422,2.0,J67,2021-08-20 11:10:00,2021-08-20 11:20:00,12.91,5,7,-0.009017139883565894,0.00340136054421758,0.6341463414634146,41,13.41,13.54,13.35,13.08,12.79,2,-0.011769530792023697
CONTROL_UNSUPPORTED,1,SH600369,2021-08-20,2021-08-23,2021-08-24,0.128421052631579,2.0,J67,2021-08-23 10:05:00,2021-08-23 10:15:00,5.9,0,3,0.006679381572917031,0.006451612903225712,0.7804878048780488,41,5.58,5.52,5.45,5.44,5.4,1,-0.08703172591981467
CONTROL_UNSUPPORTED,1,SZ002268,2021-08-23,2021-08-24,2021-08-25,0.24462460345435333,1.0,I65,2021-08-24 13:05:00,2021-08-24 13:15:00,38.81,16,17,0.0020185108237806837,-0.004007947344030205,0.375,32,39.0,40.1,40.55,40.77,39.74,1,0.021405419329137754
CONTROL_UNSUPPORTED,1,SH600808,2021-08-25,2021-08-26,2021-08-27,0.14130434782608714,1.0,C31,2021-08-26 10:00:00,2021-08-26 10:10:00,5.76,3,4,-0.0035338986326426958,0.02209037187888907,1.0,20,5.78,5.89,5.75,5.76,5.58,1,-0.0336695756408224
CONTROL_UNSUPPORTED,1,SH603260,2021-08-25,2021-08-26,2021-08-27,0.9616908850726553,5.0,C26,2021-08-26 14:00:00,2021-08-26 14:10:00,212.01,4,5,-0.004212940983330138,0.006284916201117374,0.5454545454545454,33,212.36,202.73,211.8,204.98,205.7,2,-0.03218603728341318
CONTROL_UNSUPPORTED,1,SH600010,2021-08-25,2021-08-26,2021-08-27,0.2592592592592593,4.0,C31,2021-08-26 14:10:00,2021-08-26 14:20:00,3.35,26,27,-0.0029052103903994264,0.03513501831581001,0.95,20,3.35,3.43,3.34,3.29,3.28,3,-0.0233409596462274
CONTROL_UNSUPPORTED,1,SH601238,2021-08-26,2021-08-27,2021-08-30,0.18007380073800738,1.0,C36,2021-08-27 13:30:00,2021-08-27 13:40:00,17.51,10,11,-0.0014705882352941124,0.027299502989586166,0.8333333333333334,24,17.22,17.14,17.1,17.36,17.43,1,-0.007055033086025064
CONTROL_UNSUPPORTED,1,SH601117,2021-08-26,2021-08-27,2021-08-30,0.29028571428571426,2.0,E48,2021-08-27 14:05:00,2021-08-27 14:15:00,12.41,34,35,-0.0014104372355430161,0.004444444444444251,0.5333333333333333,15,12.6,12.86,12.83,12.91,13.02,2,0.046533513568682405
CONTROL_UNSUPPORTED,1,SZ000519,2021-08-26,2021-08-27,2021-08-30,0.5028432168968318,4.0,C35,2021-08-27 14:10:00,2021-08-27 14:20:00,20.34,34,35,-0.0008291873963515162,0.0,0.48148148148148145,27,19.73,19.45,20.05,19.54,19.73,3,-0.032412889390981636
CONTROL_UNSUPPORTED,1,SH600312,2021-08-27,2021-08-30,2021-08-31,0.09355828220858897,1.0,C38,2021-08-30 11:05:00,2021-08-30 11:15:00,7.8,6,7,0.0,0.013203786746387669,0.6216216216216216,37,7.56,7.42,7.47,7.56,7.58,1,-0.030632308798336894
CONTROL_UNSUPPORTED,1,SH601117,2021-08-27,2021-08-30,2021-08-31,0.42268041237113385,3.0,E48,2021-08-30 13:30:00,2021-08-30 13:40:00,13.66,26,27,0.0,-0.0019011406844106071,0.4,15,13.11,13.17,13.12,13.2,13.45,2,-0.017832582430005184
CONTROL_UNSUPPORTED,1,SH600787,2021-08-27,2021-08-30,2021-08-31,0.2557251908396947,2.0,G59,2021-08-30 14:20:00,2021-08-30 14:30:00,7.22,19,20,-0.0037594516288600444,0.09878419452887544,1.0,1,7.35,7.16,7.16,7.22,7.3,3,0.008555031410525826
CONTROL_UNSUPPORTED,1,SH600765,2021-08-30,2021-08-31,2021-09-01,0.09024064171122981,0.0,C37,2021-08-31 10:15:00,2021-08-31 10:25:00,35.84,5,6,-0.0017849394736737523,0.010372771474878473,0.6666666666666666,15,35.88,36.54,35.34,35.93,37.2,1,0.035354026099118974
CONTROL_UNSUPPORTED,1,SH600673,2021-08-30,2021-08-31,2021-09-01,0.23407917383820998,1.0,S91,2021-08-31 10:55:00,2021-08-31 11:05:00,7.85,5,6,-0.003913723237931099,0.04428985614929637,0.5,2,8.22,8.45,8.45,8.45,8.45,2,0.07374459316507753
CONTROL_UNSUPPORTED,1,SH601717,2021-08-30,2021-08-31,2021-09-01,0.22199383350462498,1.0,C36,2021-08-31 11:00:00,2021-08-31 11:10:00,13.05,12,15,-0.0051291691540004125,-0.008100034551983382,0.4166666666666667,24,13.5,13.6,13.4,13.48,13.2,3,0.008967918055411195
CONTROL_UNSUPPORTED,1,SZ002797,2021-09-01,2021-09-02,2021-09-03,0.04068857589984365,1.0,J67,2021-09-02 09:45:00,2021-09-02 09:55:00,7.32,0,1,0.0,0.009478672985782088,0.9302325581395349,43,8.05,8.05,8.05,8.04,8.05,1,0.09698006925314706
CONTROL_UNSUPPORTED,1,SH600256,2021-09-01,2021-09-02,2021-09-03,0.39497716894977186,3.0,B07,2021-09-02 09:55:00,2021-09-02 10:05:00,6.72,2,3,0.0,0.0023419203747074846,0.6666666666666666,3,6.87,6.91,6.82,6.87,6.8,2,0.009377401788388307
CONTROL_UNSUPPORTED,1,SH601615,2021-09-01,2021-09-02,2021-09-03,0.0043062200956938135,1.0,C34,2021-09-02 10:20:00,2021-09-02 10:30:00,23.09,7,8,0.0,0.026966241484529085,0.8,10,24.45,25.36,25.27,25.4,25.4,3,0.09729581150776001
CONTROL_UNSUPPORTED,1,SH600673,2021-09-02,2021-09-03,2021-09-06,0.45514950166112955,3.0,S91,2021-09-03 10:05:00,2021-09-03 10:15:00,9.63,2,5,0.0043516133919103694,0.022855329013508063,0.5,2,9.9,9.29,9.1,9.45,9.06,1,-0.06153982303214822
CONTROL_UNSUPPORTED,1,SH600546,2021-09-08,2021-09-09,2021-09-10,0.6949806949806951,4.0,F51,2021-09-09 13:25:00,2021-09-09 13:35:00,14.36,16,17,0.0,0.015117157974300799,0.6923076923076923,13,14.02,14.06,14.19,14.14,14.2,1,-0.013611859042119034
CONTROL_UNSUPPORTED,1,SH600188,2021-09-08,2021-09-09,2021-09-10,0.5317687464224388,2.0,B06,2021-09-09 14:00:00,2021-09-09 14:10:00,29.44,20,30,-0.0005123174471181047,0.05978975032851497,1.0,9,29.0,28.69,30.05,29.46,30.43,2,0.031046101446345675
CONTROL_UNSUPPORTED,1,SH600150,2021-09-08,2021-09-09,2021-09-10,0.5315052508751459,3.0,C37,2021-09-09 14:25:00,2021-09-09 14:35:00,28.88,23,24,0.0,0.017274472168905985,0.8666666666666667,15,28.7,28.0,28.06,28.11,28.25,3,-0.024257546666186514
CONTROL_UNSUPPORTED,1,SH603260,2021-09-09,2021-09-10,2021-09-13,0.8189655172413792,6.0,C26,2021-09-10 14:20:00,2021-09-10 14:30:00,232.1,33,35,-0.0006377322785119377,-0.0024999999999999467,0.4864864864864865,37,225.1,216.99,216.94,216.98,209.98,1,-0.09756334168780367
CONTROL_UNSUPPORTED,1,SH601611,2021-09-10,2021-09-13,2021-09-14,0.36363636363636354,2.0,E48,2021-09-13 11:15:00,2021-09-13 11:25:00,10.72,13,15,0.0,0.01271186440677985,0.8,15,10.75,10.46,10.38,10.12,10.2,1,-0.05088393563181415
CONTROL_UNSUPPORTED,1,SH601600,2021-09-10,2021-09-13,2021-09-14,0.4761904761904763,3.0,C32,2021-09-13 11:30:00,2021-09-13 13:10:00,10.15,3,4,0.0,0.03061177494051126,0.625,16,9.85,9.94,9.92,9.84,9.99,2,-0.018221801814263694
CONTROL_UNSUPPORTED,1,SZ002233,2021-09-10,2021-09-13,2021-09-14,0.2674976030680729,2.0,C30,2021-09-13 13:35:00,2021-09-13 13:45:00,14.5,28,29,-0.002580645161290307,-0.0003926883514039914,0.5,18,14.95,14.69,14.88,14.68,14.58,3,0.0030058349032655585
CONTROL_UNSUPPORTED,1,SZ000009,2021-09-13,2021-09-14,2021-09-15,-0.13522679101314117,1.0,S91,2021-09-14 13:25:00,2021-09-14 13:35:00,22.44,16,27,-0.006354708261120723,0.05459652706843732,1.0,2,22.16,22.6,22.52,23.27,22.68,1,0.008170848115284901
CONTROL_UNSUPPORTED,1,SZ000739,2021-09-14,2021-09-15,2021-09-16,0.11344537815126055,1.0,C27,2021-09-15 11:10:00,2021-09-15 11:20:00,37.87,17,18,0.0,-0.006744266348775507,0.3392857142857143,56,36.27,36.83,37.25,37.6,38.0,1,0.0009265960976516663
CONTROL_UNSUPPORTED,1,SH600884,2021-09-14,2021-09-15,2021-09-16,0.25823223570190623,1.0,C38,2021-09-15 14:05:00,2021-09-15 14:15:00,39.86,31,35,-0.002175095160413254,0.017730496453900457,0.5675675675675675,37,39.29,38.65,39.09,38.69,38.7,2,-0.0315267973986324
CONTROL_UNSUPPORTED,1,SZ000519,2021-09-14,2021-09-15,2021-09-16,0.4238892935178442,3.0,C35,2021-09-15 14:15:00,2021-09-15 14:25:00,21.5,35,36,-0.004830917874396157,-0.007204610951008772,0.2962962962962963,27,21.42,21.35,21.51,21.95,22.11,3,0.02580360366482437
CONTROL_UNSUPPORTED,1,SH600188,2021-09-15,2021-09-16,2021-09-17,0.9914057704112953,4.0,B06,2021-09-16 10:55:00,2021-09-16 11:05:00,35.64,6,12,0.0,0.03305785123966931,0.8888888888888888,9,33.48,34.98,35.39,35.86,36.48,1,0.0210125304839881
CONTROL_UNSUPPORTED,1,SH600875,2021-09-17,2021-09-22,2021-09-23,0.021608643457383003,2.0,C34,2021-09-22 10:30:00,2021-09-22 10:40:00,18.63,8,9,-0.010403760815702712,-0.0012881622179052865,0.4,10,19.5,19.06,19.45,19.72,19.44,1,0.040872041946491855
CONTROL_UNSUPPORTED,1,SH600150,2021-09-17,2021-09-22,2021-09-23,0.42131147540983616,4.0,C37,2021-09-22 13:40:00,2021-09-22 13:50:00,28.49,22,27,-0.0028573527851025737,0.022012578616352085,0.9333333333333333,15,28.38,28.34,27.67,28.02,28.71,2,0.005205094563190071
CONTROL_UNSUPPORTED,1,SH601179,2021-09-17,2021-09-22,2021-09-23,0.21722113502935403,3.0,C38,2021-09-22 14:30:00,2021-09-22 14:40:00,6.82,39,40,-0.002894518910291244,-0.008968609865470878,0.4594594594594595,37,6.85,6.92,6.91,6.99,6.82,3,-0.0024976264679457127
CONTROL_UNSUPPORTED,1,SH600956,2021-09-23,2021-09-24,2021-09-27,0.3737446197991392,3.0,D45,2021-09-24 14:05:00,2021-09-24 14:15:00,21.06,29,30,-0.009880906096959352,-0.004665629860031051,0.2,5,21.0,19.89,18.8,19.11,19.07,1,-0.09675354875326314
CONTROL_UNSUPPORTED,1,SH600733,2021-09-28,2021-09-29,2021-09-30,0.1960958296362023,1.0,C36,2021-09-29 14:00:00,2021-09-29 14:10:00,14.83,11,13,-0.01673377197073067,-0.02188056522078191,0.08333333333333333,24,14.6,14.02,14.25,14.23,14.52,1,-0.023348990985473383
CONTROL_UNSUPPORTED,1,SH600956,2021-09-29,2021-09-30,2021-10-08,0.2914675767918089,5.0,D45,2021-09-30 14:30:00,2021-09-30 14:40:00,20.8,33,34,0.006255067763234257,0.0039024390243902474,0.6,5,21.4,22.08,21.6,21.24,21.41,1,0.026756048909676977
CONTROL_UNSUPPORTED,1,SZ002368,2021-10-08,2021-10-11,2021-10-12,0.1450844521437853,2.0,I65,2021-10-11 13:50:00,2021-10-11 14:00:00,29.07,27,31,0.001349107041292208,0.0013422818791946067,0.5454545454545454,33,29.31,28.86,28.87,28.89,28.35,1,-0.02720356760805842
CONTROL_UNSUPPORTED,1,SH600435,2021-10-14,2021-10-15,2021-10-18,-0.0625,1.0,C39,2021-10-15 10:50:00,2021-10-15 11:00:00,9.89,4,11,-0.0027823620422897655,0.005339361248472119,0.6410256410256411,78,10.12,10.7,10.89,10.89,10.89,1,0.09836206751911725
CONTROL_UNSUPPORTED,1,SH600256,2021-10-15,2021-10-18,2021-10-19,-0.054166666666666696,4.0,B07,2021-10-18 13:35:00,2021-10-18 13:45:00,7.48,18,19,-0.0013608928789498598,0.018099547511312153,1.0,3,7.55,7.46,7.41,7.49,7.53,1,0.004170170146573504
CONTROL_UNSUPPORTED,1,SH600795,2021-10-19,2021-10-20,2021-10-21,-0.027972027972028024,2.0,D44,2021-10-20 10:40:00,2021-10-20 10:50:00,3.05,11,12,-0.004507888805409421,0.0346954819663714,0.9444444444444444,18,3.06,2.98,2.98,3.0,2.99,1,-0.022120623980051657
CONTROL_UNSUPPORTED,1,SH601991,2021-10-19,2021-10-20,2021-10-21,-0.04081632653061229,3.0,D44,2021-10-20 11:20:00,2021-10-20 11:30:00,3.08,6,19,-0.0018248175182482562,0.03016496345938069,0.8888888888888888,18,3.1,2.97,2.96,2.96,2.97,2,-0.03812271123694744
CONTROL_UNSUPPORTED,1,SH601225,2021-10-20,2021-10-21,2021-10-22,-0.14823965410747386,0.0,B06,2021-10-21 14:25:00,2021-10-21 14:35:00,15.14,23,24,-0.0036557661137359143,0.05846363018354861,1.0,9,14.96,14.9,14.77,14.7,14.5,1,-0.04466417330153316
CONTROL_UNSUPPORTED,1,SH601669,2021-10-22,2021-10-25,2021-10-26,-0.15628815628815618,2.0,E48,2021-10-25 10:05:00,2021-10-25 10:15:00,7.55,3,4,-0.0023072284883308702,0.0062717719913595316,0.6875,16,7.78,8.04,8.05,8.01,8.13,1,0.07413169494246419
CONTROL_UNSUPPORTED,1,SZ000009,2021-10-22,2021-10-25,2021-10-26,-0.18298850574712644,1.0,S91,2021-10-25 10:35:00,2021-10-25 10:45:00,19.52,2,5,-0.0021966277361344932,0.07905248695310818,1.0,2,20.79,21.46,21.51,21.51,21.51,2,0.0991944700140619
CONTROL_UNSUPPORTED,1,SH601016,2021-10-25,2021-10-26,2021-10-27,0.13869863013698636,4.0,D44,2021-10-26 09:55:00,2021-10-26 10:05:00,7.32,2,3,0.0,0.01080846131556068,1.0,18,7.38,7.57,7.66,7.7,7.7,1,0.0492852836334452
CONTROL_UNSUPPORTED,1,SZ000537,2021-10-26,2021-10-27,2021-10-28,0.35599999999999987,7.0,K70,2021-10-27 11:00:00,2021-10-27 11:10:00,18.65,9,10,-0.016607354685646447,-0.014771898296426555,0.10714285714285714,28,18.7,18.86,18.09,18.05,17.88,1,-0.04368137057623955
CONTROL_UNSUPPORTED,1,SH600027,2021-10-26,2021-10-27,2021-10-28,-0.05908096280087538,3.0,D44,2021-10-27 11:25:00,2021-10-27 13:05:00,4.71,19,20,-0.016393442622950838,0.03798978798978814,0.9444444444444444,18,4.73,4.61,4.63,4.7,4.8,2,0.016562928440310154
CONTROL_UNSUPPORTED,1,SZ002705,2021-10-27,2021-10-28,2021-10-29,0.12180532898314289,1.0,C38,2021-10-28 14:00:00,2021-10-28 14:10:00,22.55,13,14,-0.009190526687875455,-0.0009012562240567346,0.4166666666666667,36,22.1,21.94,21.93,22.03,22.28,1,-0.01444111386722069
CONTROL_UNSUPPORTED,1,SH600039,2021-10-28,2021-10-29,2021-11-01,0.3199052132701423,4.0,E48,2021-10-29 11:00:00,2021-10-29 11:10:00,12.16,14,16,0.006598680263947276,0.003948229137463843,0.625,16,11.83,12.14,12.19,12.03,11.9,1,-0.02382580221780861
CONTROL_UNSUPPORTED,1,SH600764,2021-11-01,2021-11-02,2021-11-03,0.07126865671641802,1.0,C39,2021-11-02 10:50:00,2021-11-02 11:00:00,31.58,0,1,-0.004474272930648726,0.010676844783715,0.7692307692307693,78,30.0,30.67,30.86,30.91,30.91,1,-0.023660596394053157
CONTROL_UNSUPPORTED,1,SZ000998,2021-11-08,2021-11-09,2021-11-10,-0.06739748274462043,1.0,A01,2021-11-09 13:40:00,2021-11-09 13:50:00,25.26,19,28,0.0,0.03101820633850294,1.0,3,25.7,26.08,25.98,25.95,26.05,1,0.02869900358313604
CONTROL_UNSUPPORTED,1,SZ002268,2021-11-11,2021-11-12,2021-11-15,0.49066526426505375,2.0,I65,2021-11-12 13:10:00,2021-11-12 13:20:00,62.23,21,23,-0.003684807256235878,0.011235955056179803,0.8181818181818182,33,63.11,62.0,62.55,62.52,61.62,1,-0.01227549000409478
CONTROL_UNSUPPORTED,1,SZ300474,2021-11-17,2021-11-18,2021-11-19,0.3320978502594514,1.0,C39,2021-11-18 14:25:00,2021-11-18 14:35:00,193.83,18,35,-0.006175380815150233,-0.012071348482998179,0.20512820512820512,78,193.03,198.37,195.43,195.61,194.89,1,0.0029574244320385024
CONTROL_UNSUPPORTED,1,SH601717,2021-11-19,2021-11-22,2021-11-23,0.1276978417266188,1.0,C36,2021-11-22 10:40:00,2021-11-22 10:50:00,13.79,7,9,0.0,0.014692398140257357,0.9166666666666666,24,13.77,14.2,14.23,14.03,13.81,1,-0.001050922517935482
CONTROL_UNSUPPORTED,1,SZ000537,2021-11-19,2021-11-22,2021-11-23,0.13544152744630078,2.0,K70,2021-11-22 11:30:00,2021-11-22 13:10:00,20.88,16,20,0.0003656529953075527,-0.009001437799963596,0.10714285714285714,28,20.59,21.16,20.71,20.92,21.48,2,0.026166234840446778
CONTROL_UNSUPPORTED,1,SH600516,2021-11-23,2021-11-24,2021-11-25,0.02758007117437722,0.0,C30,2021-11-24 14:25:00,2021-11-24 14:35:00,12.65,38,39,0.0,-0.0010852846943868455,0.3888888888888889,18,12.53,12.7,12.79,12.6,12.65,1,-0.0024976264679454907
CONTROL_UNSUPPORTED,1,SH603659,2021-11-25,2021-11-26,2021-11-29,-0.09678998911860726,1.0,C38,2021-11-26 14:15:00,2021-11-26 14:25:00,182.38,4,24,-0.0068728522336769515,0.00611942321150738,0.5555555555555556,36,178.85,184.7,192.87,196.55,199.0,1,0.08840318199845831
CONTROL_UNSUPPORTED,1,SH601778,2021-11-29,2021-11-30,2021-12-01,-0.090032154340836,1.0,D44,2021-11-30 11:10:00,2021-11-30 11:20:00,9.28,3,18,0.00328493032433097,0.002004008016031955,0.6470588235294118,17,9.6,9.99,9.85,9.82,9.7,1,0.04264795509277208
CONTROL_UNSUPPORTED,1,SZ000537,2021-12-07,2021-12-08,2021-12-09,0.3779527559055118,3.0,K70,2021-12-08 11:30:00,2021-12-08 13:10:00,22.97,2,3,0.0043591979075849885,-0.0034169315907217612,0.32142857142857145,28,23.14,23.0,23.23,23.29,23.25,1,0.009661740732270996
CONTROL_UNSUPPORTED,1,SH600011,2021-12-14,2021-12-15,2021-12-16,0.5051903114186849,4.0,D44,2021-12-15 13:40:00,2021-12-15 13:50:00,9.45,23,24,0.0,0.03173327449991592,0.9444444444444444,18,9.2,9.26,9.19,9.14,9.21,1,-0.02783102008145799
CONTROL_UNSUPPORTED,1,SH601456,2021-12-14,2021-12-15,2021-12-16,0.05934242181234972,1.0,J67,2021-12-15 14:00:00,2021-12-15 14:10:00,14.53,5,8,0.0,0.007688046970200535,0.9761904761904762,42,14.1,14.17,14.22,14.24,14.17,2,-0.027212069308382048
CONTROL_UNSUPPORTED,1,SZ000400,2021-12-14,2021-12-15,2021-12-16,0.5082559339525285,3.0,C38,2021-12-15 14:20:00,2021-12-15 14:30:00,31.85,19,36,-0.0007135874877809978,0.0,0.4722222222222222,36,31.88,31.12,30.91,31.48,30.79,3,-0.035695507659279424
CONTROL_UNSUPPORTED,1,SH603888,2021-12-16,2021-12-17,2021-12-20,0.20146904512067154,2.0,I64,2021-12-17 10:25:00,2021-12-17 10:35:00,25.18,8,9,-0.004033036848792915,0.0,0.4666666666666667,15,23.4,24.73,24.15,24.47,24.24,1,-0.03973560228685491
CONTROL_UNSUPPORTED,1,SZ002945,2021-12-16,2021-12-17,2021-12-20,0.444767441860465,5.0,J67,2021-12-17 11:30:00,2021-12-17 13:10:00,16.4,15,20,-0.006094503494512238,-0.0017455409501470065,0.38095238095238093,42,15.72,15.76,16.02,15.81,15.75,2,-0.04203278151647205
CONTROL_UNSUPPORTED,1,SH600566,2021-12-17,2021-12-20,2021-12-21,0.1878035617916891,1.0,C27,2021-12-20 10:00:00,2021-12-20 10:10:00,23.94,2,3,-0.004026845637583931,0.007833538535368834,0.7857142857142857,56,23.56,23.85,23.71,23.72,23.12,1,-0.036664374433538205
CONTROL_UNSUPPORTED,1,SH600011,2021-12-22,2021-12-23,2021-12-24,0.5176470588235293,5.0,D44,2021-12-23 13:30:00,2021-12-23 13:40:00,9.9,26,27,-0.0034295515804949606,0.0464957524271844,1.0,18,9.93,10.31,10.17,10.25,10.14,1,0.02168424925404344
CONTROL_UNSUPPORTED,1,SH600566,2021-12-23,2021-12-24,2021-12-27,0.3421194190424959,2.0,C27,2021-12-24 13:25:00,2021-12-24 13:35:00,27.45,24,26,-0.005744376615519853,0.013713477245527406,0.8392857142857143,56,27.33,28.09,27.4,27.79,26.75,1,-0.02793484546511993
CONTROL_UNSUPPORTED,1,SZ000629,2021-12-31,2022-01-04,2022-01-05,0.03457446808510656,1.0,C32,2022-01-04 10:50:00,2022-01-04 11:00:00,4.26,13,14,0.0016694490818029983,-0.01074306177260509,0.17647058823529413,17,4.3,4.34,4.39,4.33,4.3,1,0.006868593001839063
CONTROL_UNSUPPORTED,1,SH600718,2022-01-13,2022-01-14,2022-01-17,0.1382893685051958,1.0,I65,2022-01-14 11:10:00,2022-01-14 11:20:00,15.6,13,17,-0.007038320190470904,0.0,0.48484848484848486,33,16.05,15.57,15.95,15.95,15.97,1,0.021161083673519654
CONTROL_UNSUPPORTED,1,SH603077,2022-01-13,2022-01-14,2022-01-17,-0.0055248618784530246,1.0,C26,2022-01-14 13:20:00,2022-01-14 13:30:00,3.94,5,8,-0.006929990362404492,-0.00535695889564225,0.32432432432432434,37,3.99,3.93,3.88,3.83,3.81,2,-0.035410141330678324
CONTROL_UNSUPPORTED,1,SZ002317,2022-01-13,2022-01-14,2022-01-17,0.24503968253968256,3.0,C27,2022-01-14 13:50:00,2022-01-14 14:00:00,13.81,9,22,-0.008972779750259618,0.011043851731972198,0.7321428571428571,56,14.05,13.7,14.08,13.59,14.07,3,0.016282287878059742
CONTROL_UNSUPPORTED,1,SZ002191,2022-01-14,2022-01-17,2022-01-18,0.11776718856364887,2.0,C23,2022-01-17 11:15:00,2022-01-17 11:25:00,17.95,16,18,0.0049261083743843415,0.09987819732034087,1.0,1,18.3,18.18,18.25,18.25,18.83,1,0.046404996858416814
CONTROL_UNSUPPORTED,1,SZ002603,2022-01-14,2022-01-17,2022-01-18,0.5307599517490953,4.0,C27,2022-01-17 13:50:00,2022-01-17 14:00:00,27.79,11,12,0.004379562043795637,0.0007585400653223884,0.5357142857142857,56,26.39,26.23,26.25,27.09,26.64,2,-0.0437760622204415
CONTROL_UNSUPPORTED,1,SH600633,2022-01-21,2022-01-24,2022-01-25,0.3692307692307695,5.0,I64,2022-01-24 13:45:00,2022-01-24 13:55:00,12.73,1,19,-0.0012796790568199712,0.006616257088846833,0.6666666666666666,15,11.92,11.79,11.81,11.49,11.64,1,-0.08790827746165653
CONTROL_UNSUPPORTED,1,SZ000656,2022-02-10,2022-02-11,2022-02-14,-0.03749999999999998,1.0,K70,2022-02-11 10:25:00,2022-02-11 10:35:00,5.07,6,8,-0.0074624372181747445,0.003831417624520883,0.64,25,4.99,4.95,4.88,4.83,4.79,1,-0.057586514947033596
CONTROL_UNSUPPORTED,1,SH600522,2022-02-14,2022-02-15,2022-02-16,0.06001348617666902,1.0,C38,2022-02-15 13:05:00,2022-02-15 13:15:00,17.26,21,22,0.0,0.01678600429326027,0.78125,32,17.4,17.43,17.4,17.28,17.28,1,-0.0013417720374336861
CONTROL_UNSUPPORTED,1,SZ002155,2022-02-23,2022-02-24,2022-02-25,0.14547206165703264,2.0,B09,2022-02-24 13:40:00,2022-02-24 13:50:00,13.04,24,26,-0.021052631578947434,0.012486387486387529,0.5833333333333334,12,12.26,12.42,12.49,12.57,12.65,1,-0.0323309029769564
CONTROL_UNSUPPORTED,1,SH600521,2022-03-11,2022-03-14,2022-03-15,0.29125711329539583,2.0,C27,2022-03-14 11:00:00,2022-03-14 11:10:00,27.31,4,5,-0.010015446958754615,0.003674337652291637,0.6,55,25.88,26.14,26.2,25.71,25.4,1,-0.0722606998273827
CONTROL_UNSUPPORTED,1,SZ002670,2022-03-16,2022-03-17,2022-03-18,0.06919642857142838,1.0,J67,2022-03-17 09:50:00,2022-03-17 10:00:00,10.54,0,1,0.018359497111790746,-0.001440230436869805,0.3023255813953488,43,10.55,10.45,10.28,10.44,10.39,1,-0.016693580550469878
CONTROL_UNSUPPORTED,1,SH600657,2022-03-24,2022-03-25,2022-03-28,0.4222222222222223,5.0,K70,2022-03-25 14:35:00,2022-03-25 14:45:00,6.31,0,1,-0.0074906367041198685,0.0072289156626503814,0.68,25,6.08,6.69,6.69,6.69,6.69,1,0.05757383184301812
CONTROL_UNSUPPORTED,1,SH600056,2022-03-28,2022-03-29,2022-03-30,2.0199818346957312,13.0,F51,2022-03-29 13:20:00,2022-03-29 13:30:00,36.52,6,8,-0.005293985763129894,0.001691474966170503,0.5384615384615384,13,35.98,36.23,36.97,38.3,39.14,1,0.06906470153462774
CONTROL_UNSUPPORTED,1,SZ002603,2022-03-30,2022-03-31,2022-04-01,0.22661870503597137,2.0,C27,2022-03-31 13:40:00,2022-03-31 13:50:00,33.76,4,28,-0.004444444444444362,0.0018002787644439966,0.5555555555555556,54,32.3,32.13,31.9,32.06,31.08,1,-0.08168324142842864
CONTROL_UNSUPPORTED,1,SZ002424,2022-03-30,2022-03-31,2022-04-01,0.5252679938744258,4.0,C27,2022-03-31 13:45:00,2022-03-31 13:55:00,10.9,3,28,-0.0047716428084526585,0.0012805784288038025,0.5185185185185185,54,9.46,9.5,9.0,9.18,9.01,2,-0.17545904719965055
CONTROL_UNSUPPORTED,1,SH601898,2022-04-12,2022-04-13,2022-04-14,0.1785234899328858,1.0,B06,2022-04-13 11:30:00,2022-04-13 13:10:00,9.65,18,20,-0.010443872140584731,0.027930035650623797,1.0,10,9.65,9.8,9.88,9.84,9.93,1,0.026445447582725157
CONTROL_UNSUPPORTED,1,SH601990,2022-04-20,2022-04-21,2022-04-22,0.046539379474940246,1.0,J67,2022-04-21 13:20:00,2022-04-21 13:30:00,9.58,25,26,-0.008565321268482862,0.01248453839186281,0.9523809523809523,42,9.07,9.29,9.27,9.32,9.16,1,-0.04622946330338029
CONTROL_UNSUPPORTED,1,SH600026,2022-04-21,2022-04-22,2022-04-25,0.407871198568873,2.0,G55,2022-04-22 10:50:00,2022-04-22 11:00:00,8.63,9,10,-0.00915336600896488,0.014150943396226356,0.9090909090909091,11,8.0,7.88,7.67,7.65,7.6,1,-0.12155063281070544
CONTROL_UNSUPPORTED,1,SH600062,2022-04-26,2022-04-27,2022-04-28,0.6364846870838881,9.0,C27,2022-04-27 14:30:00,2022-04-27 14:40:00,27.03,33,37,0.02552715624448021,0.021295712484237117,0.8148148148148148,54,29.72,29.3,29.14,29.68,28.96,1,0.06872618340689218
CONTROL_UNSUPPORTED,1,SH603882,2022-04-27,2022-04-28,2022-04-29,0.06858188987466529,1.0,Q84,2022-04-28 10:15:00,2022-04-28 10:25:00,83.12,4,5,-0.006176937398895022,-0.012552301255230214,0.4,5,83.65,82.28,83.04,83.14,81.0,1,-0.02793921732319038
CONTROL_UNSUPPORTED,1,SZ000402,2022-04-27,2022-04-28,2022-04-29,-0.07394957983193284,2.0,K70,2022-04-28 11:30:00,2022-04-28 13:10:00,5.98,13,19,-0.007964204573255917,0.014457831325301207,0.64,25,6.1,6.29,6.23,6.22,6.17,2,0.029195592757988997
CONTROL_UNSUPPORTED,1,SH600657,2022-04-28,2022-04-29,2022-05-05,-0.1016442451420031,8.0,K70,2022-04-29 11:20:00,2022-04-29 11:30:00,6.61,1,20,0.011940298507462588,-0.0018382352941177516,0.44,25,6.8,6.87,6.61,6.68,6.86,1,0.03522939219816834
CONTROL_UNSUPPORTED,1,SH600392,2022-04-28,2022-04-29,2022-05-05,-0.11000621504039776,1.0,C32,2022-04-29 13:55:00,2022-04-29 14:05:00,15.74,31,32,0.03454545454545466,0.02865803052510385,1.0,16,15.52,16.0,15.8,16.08,16.43,2,0.041230241240892695
CONTROL_UNSUPPORTED,1,SH600056,2022-05-06,2022-05-09,2022-05-10,-0.21760391198044005,2.0,F51,2022-05-09 13:45:00,2022-05-09 13:55:00,28.16,0,1,0.0,0.006187161639597871,0.6923076923076923,13,25.0,25.35,24.85,24.12,24.44,1,-0.134269957062379
CONTROL_UNSUPPORTED,1,SH600325,2022-05-12,2022-05-13,2022-05-16,-0.0711513583441139,1.0,K70,2022-05-13 11:15:00,2022-05-13 11:25:00,7.87,17,18,0.0,0.0146520146520146,0.92,25,8.0,8.07,8.08,8.13,8.19,1,0.038061555175034956
CONTROL_UNSUPPORTED,1,SZ002183,2022-05-20,2022-05-23,2022-05-24,0.5106382978723405,5.0,L72,2022-05-23 10:00:00,2022-05-23 10:10:00,9.37,3,4,0.0,0.002795582517542472,0.5,8,9.19,8.43,8.46,8.44,8.43,1,-0.10256723491192998
CONTROL_UNSUPPORTED,1,SH601799,2022-05-23,2022-05-24,2022-05-25,0.12174199934015184,2.0,C36,2022-05-24 11:05:00,2022-05-24 11:15:00,149.6,0,15,-0.013712047012732653,0.004285242555235436,0.5909090909090909,22,145.0,145.98,142.25,143.0,144.64,1,-0.035569897675960305
CONTROL_UNSUPPORTED,1,SH600733,2022-06-01,2022-06-02,2022-06-06,0.21608832807570977,1.0,C36,2022-06-02 11:20:00,2022-06-02 11:30:00,8.46,9,10,-0.001908396946564861,0.025208760722829515,0.9545454545454546,22,8.82,8.57,8.62,8.73,8.47,1,-0.0013185456481678015
CONTROL_UNSUPPORTED,1,SZ002183,2022-06-01,2022-06-02,2022-06-06,0.7474747474747474,6.0,L72,2022-06-02 14:25:00,2022-06-02 14:35:00,9.52,14,15,0.0017590149516271136,-0.0070391846463064844,0.25,8,9.34,9.08,8.57,8.67,8.62,2,-0.09679932144471559
CONTROL_UNSUPPORTED,1,SH600418,2022-06-14,2022-06-15,2022-06-16,0.5542590431738623,3.0,C36,2022-06-15 13:30:00,2022-06-15 13:40:00,14.59,10,17,0.017094017094017033,0.010076206635257212,0.8181818181818182,22,13.73,13.8,13.89,13.84,13.75,1,-0.05992750952256687
CONTROL_UNSUPPORTED,1,SH603218,2022-06-16,2022-06-17,2022-06-20,0.23646112600536195,2.0,C34,2022-06-17 10:20:00,2022-06-17 10:30:00,25.22,7,8,-0.0025706940874036244,0.021937842778793515,0.8888888888888888,9,27.01,27.88,27.87,27.69,27.18,1,0.07502436608252339
CONTROL_UNSUPPORTED,1,SH600657,2022-06-20,2022-06-21,2022-06-22,-0.15146831530139093,1.0,K70,2022-06-21 10:55:00,2022-06-21 11:05:00,6.0,6,14,-0.004303285434464066,0.009852216748768461,1.0,25,6.02,5.88,5.85,5.82,5.81,1,-0.034085201629794226
CONTROL_UNSUPPORTED,1,SH600010,2022-06-20,2022-06-21,2022-06-22,0.10526315789473695,1.0,C31,2022-06-21 13:30:00,2022-06-21 13:40:00,2.27,26,28,-0.0021762811404754667,0.009671179883945724,0.8571428571428571,21,2.27,2.35,2.33,2.34,2.29,2,0.00629094069973779
CONTROL_UNSUPPORTED,1,SH601975,2022-06-21,2022-06-22,2022-06-23,0.1437699680511182,5.0,G55,2022-06-22 10:10:00,2022-06-22 10:20:00,3.94,2,3,-0.00642777609069739,0.005751258087706601,0.7272727272727273,11,3.68,3.61,3.59,3.61,3.7,1,-0.0632591923683753
CONTROL_UNSUPPORTED,1,SH601966,2022-06-22,2022-06-23,2022-06-24,0.16176470588235303,1.0,C29,2022-06-23 11:15:00,2022-06-23 11:25:00,26.03,13,14,0.002220270556706594,0.0011235955056179137,0.5714285714285714,7,26.3,26.07,26.0,25.94,26.15,1,0.0021009246201773024
CONTROL_UNSUPPORTED,1,SZ002050,2022-06-24,2022-06-27,2022-06-28,0.5157004830917877,1.0,C34,2022-06-27 13:10:00,2022-06-27 13:20:00,27.61,20,21,0.005743003677501357,-0.0006389776357826893,0.4444444444444444,9,28.3,27.84,28.38,28.67,28.67,1,0.0357983719363999
CONTROL_UNSUPPORTED,1,SH600418,2022-06-29,2022-06-30,2022-07-01,0.3437764606265876,3.0,C36,2022-06-30 11:15:00,2022-06-30 11:25:00,17.35,2,3,0.008766274474909297,-0.003026100791193642,0.2727272727272727,22,16.65,16.68,16.5,16.36,16.65,1,-0.04274267900238049
CONTROL_UNSUPPORTED,1,SH600863,2022-07-04,2022-07-05,2022-07-06,0.06349206349206349,1.0,D44,2022-07-05 10:50:00,2022-07-05 11:00:00,4.41,12,14,-0.007692307692307665,0.01851022540677716,0.9,20,4.38,4.53,4.5,4.51,4.37,1,-0.011545267044200225
CONTROL_UNSUPPORTED,1,SH600062,2022-07-05,2022-07-06,2022-07-07,0.12817311693716182,1.0,C27,2022-07-06 14:15:00,2022-07-06 14:25:00,29.66,32,33,-0.019487179487179485,-0.02131907247805015,0.1346153846153846,52,29.7,29.64,29.34,29.3,28.98,1,-0.02536686497104068
CONTROL_UNSUPPORTED,1,SH600418,2022-07-06,2022-07-07,2022-07-08,0.3065967016491753,3.0,C36,2022-07-07 14:05:00,2022-07-07 14:15:00,19.16,34,35,0.0,0.044986611127640685,1.0,19,18.67,18.8,18.69,18.8,18.55,1,-0.03425526988415417
CONTROL_UNSUPPORTED,1,SH600699,2022-07-13,2022-07-14,2022-07-15,0.20854826823876182,2.0,C36,2022-07-14 14:45:00,2022-07-14 14:55:00,17.98,27,28,-0.0027614690557885013,-0.002955082742316817,0.47368421052631576,19,18.22,17.71,17.84,17.57,18.12,1,0.005269355305941303
CONTROL_UNSUPPORTED,1,SZ002028,2022-07-15,2022-07-18,2022-07-19,0.1589673913043479,2.0,C38,2022-07-18 13:45:00,2022-07-18 13:55:00,46.91,21,31,0.014797825348284,0.0089452968002528,0.6842105263157895,38,46.68,46.33,45.7,45.71,45.42,1,-0.034181244812920286
CONTROL_UNSUPPORTED,1,SZ000537,2022-07-18,2022-07-19,2022-07-20,-0.03870458135860977,1.0,K70,2022-07-19 10:15:00,2022-07-19 10:25:00,13.36,3,4,0.0017657451673249724,-0.00591715976331364,0.3333333333333333,21,13.86,13.22,13.22,13.26,13.79,1,0.02960761459633443
CONTROL_UNSUPPORTED,1,SZ000537,2022-07-19,2022-07-20,2022-07-21,0.0315870570107859,2.0,K70,2022-07-20 13:55:00,2022-07-20 14:05:00,14.63,17,18,0.00328682622763099,-0.002396644697423733,0.3333333333333333,21,15.21,15.12,15.32,15.26,14.99,1,0.022047886482945867
CONTROL_UNSUPPORTED,1,SZ000629,2022-07-20,2022-07-21,2022-07-22,1.0428571428571431,9.0,C32,2022-07-21 13:45:00,2022-07-21 13:55:00,7.86,19,20,-0.003215733311274782,-0.0028818443804035088,0.3684210526315789,19,7.26,7.3,7.27,7.18,7.25,1,-0.07991193281076414
CONTROL_UNSUPPORTED,1,SH600418,2022-07-21,2022-07-22,2022-07-25,0.153225806451613,3.0,C36,2022-07-22 10:55:00,2022-07-22 11:05:00,17.3,14,15,-0.002311472409928683,0.010452961672473782,0.8421052631578947,19,17.26,17.4,17.29,17.11,16.77,1,-0.03305694773800294
CONTROL_UNSUPPORTED,1,SH600418,2022-07-29,2022-08-01,2022-08-02,0.10656682027649778,4.0,C36,2022-08-01 14:10:00,2022-08-01 14:20:00,21.04,28,29,0.0,0.011695906432748426,0.7368421052631579,19,20.78,21.28,20.74,21.1,21.57,1,0.02262957210486749
CONTROL_UNSUPPORTED,1,SZ002532,2022-08-01,2022-08-02,2022-08-03,0.23195084485407058,2.0,C32,2022-08-02 10:15:00,2022-08-02 10:25:00,8.82,3,4,-0.026490066225165587,-0.03490028490028474,0.05263157894736842,19,8.66,8.83,8.81,8.49,8.49,1,-0.0398191438449953
CONTROL_UNSUPPORTED,1,SZ000547,2022-08-01,2022-08-02,2022-08-03,0.0007968127490038945,1.0,C39,2022-08-02 13:35:00,2022-08-02 13:45:00,13.79,27,28,-0.0301659125188537,-0.023573849161177995,0.15789473684210525,76,13.9,14.36,14.73,14.65,14.8,2,0.070560923007571
CONTROL_UNSUPPORTED,1,SH600259,2022-08-02,2022-08-03,2022-08-04,-0.10017747978702418,1.0,B09,2022-08-03 14:05:00,2022-08-03 14:15:00,50.16,33,34,0.0020618556701033075,0.0009319664492077884,0.5454545454545454,11,48.91,48.52,49.31,49.0,48.13,1,-0.04286704070777947
CONTROL_UNSUPPORTED,1,SH600732,2022-08-05,2022-08-08,2022-08-09,0.1474888747616021,1.0,C38,2022-08-08 13:35:00,2022-08-08 13:45:00,39.51,26,27,0.0,0.0,0.4634146341463415,41,40.0,41.31,41.11,40.21,40.22,1,0.01542762499264061
CONTROL_UNSUPPORTED,1,SZ000009,2022-08-10,2022-08-11,2022-08-12,0.25119236883942775,1.0,S91,2022-08-11 14:50:00,2022-08-11 15:00:00,17.18,43,44,0.01707779886148031,0.04159326638370292,0.5,2,16.86,16.93,17.14,17.19,17.35,1,0.007372885959321396
CONTROL_UNSUPPORTED,1,SZ000728,2022-08-11,2022-08-12,2022-08-15,0.07798165137614665,1.0,J67,2022-08-12 09:55:00,2022-08-12 10:05:00,7.76,1,2,0.0,0.00037707390648566985,0.5,44,7.61,7.52,7.62,7.56,7.49,1,-0.03720453894908671
CONTROL_UNSUPPORTED,1,SZ000629,2022-08-15,2022-08-16,2022-08-17,-0.008038585209003135,2.0,C32,2022-08-16 13:50:00,2022-08-16 14:00:00,6.77,25,26,-0.002602870100355259,-0.013096351730589206,0.15789473684210525,19,6.99,6.92,6.75,6.77,6.77,1,-0.0024976264679457127
CONTROL_UNSUPPORTED,1,SZ000537,2022-08-18,2022-08-19,2022-08-22,-0.125625,2.0,K70,2022-08-19 14:30:00,2022-08-19 14:40:00,15.35,33,40,-0.0032794970362381437,0.013698630136986356,0.8095238095238095,21,15.26,15.46,15.37,15.02,14.99,1,-0.025891818941661482
CONTROL_UNSUPPORTED,1,SZ000728,2022-08-22,2022-08-23,2022-08-24,0.16377952755905523,3.0,J67,2022-08-23 13:40:00,2022-08-23 13:50:00,8.09,22,24,-0.006808500690426433,0.009205983889528202,1.0,43,7.93,8.45,8.8,8.8,8.8,1,0.08504584512757463
CONTROL_UNSUPPORTED,1,SH601928,2022-08-23,2022-08-24,2022-08-25,0.09985096870342769,1.0,R86,2022-08-24 10:55:00,2022-08-24 11:05:00,8.1,11,13,-0.011840094670205248,0.031556039173014305,0.6666666666666666,3,8.28,8.1,8.05,8.18,8.16,1,0.004891280002662146
CONTROL_UNSUPPORTED,1,SH600299,2022-09-05,2022-09-06,2022-09-07,0.1533477321814254,1.0,C27,2022-09-06 13:25:00,2022-09-06 13:35:00,11.69,26,27,0.006131171835465854,0.002208724461623346,0.6226415094339622,53,11.35,11.31,11.17,11.3,11.35,1,-0.03150967154928874
CONTROL_UNSUPPORTED,1,SH600707,2022-10-11,2022-10-12,2022-10-13,-0.17713004484304928,1.0,C39,2022-10-12 13:15:00,2022-10-12 13:25:00,4.01,12,14,-0.011137627905438263,-0.001718461548406991,0.4342105263157895,76,4.15,4.18,4.21,4.22,4.28,1,0.06466587499181875
CONTROL_UNSUPPORTED,1,SH603786,2022-10-12,2022-10-13,2022-10-14,0.016192261803306573,1.0,C36,2022-10-13 14:10:00,2022-10-13 14:20:00,65.58,0,1,0.0,-0.0068728522336769515,0.21052631578947367,19,66.0,67.82,69.17,68.76,68.87,1,0.047544807336879824
CONTROL_UNSUPPORTED,1,SZ000999,2022-10-17,2022-10-18,2022-10-19,0.1523809523809525,1.0,C27,2022-10-18 14:15:00,2022-10-18 14:25:00,47.9,34,35,-0.003215434083601254,0.020171457387796465,0.9245283018867925,53,47.88,46.83,46.39,46.69,46.83,1,-0.024780038569810037
CONTROL_UNSUPPORTED,1,SH600556,2022-11-10,2022-11-11,2022-11-14,0.22259136212624608,2.0,I64,2022-11-11 14:25:00,2022-11-11 14:35:00,8.1,0,39,0.016269050827314335,0.010050590219224276,0.6666666666666666,9,8.3,8.59,8.07,8.36,8.47,1,0.043067296767469454
CONTROL_UNSUPPORTED,1,SH603833,2022-11-11,2022-11-14,2022-11-15,-0.13167701863354042,1.0,C21,2022-11-14 11:20:00,2022-11-14 11:30:00,107.58,0,2,0.00778946303974104,0.08285606746867735,1.0,2,104.44,101.82,102.7,102.59,103.49,1,-0.04042089015772177
CONTROL_UNSUPPORTED,1,SH600050,2022-11-24,2022-11-25,2022-11-28,0.12426035502958577,2.0,I63,2022-11-25 14:05:00,2022-11-25 14:15:00,4.14,29,32,0.0,0.01379310344827589,1.0,7,4.06,4.04,4.05,4.1,4.07,1,-0.01936360862911546
CONTROL_UNSUPPORTED,1,SH603000,2022-12-06,2022-12-07,2022-12-08,0.45052833813640714,4.0,I64,2022-12-07 13:30:00,2022-12-07 13:40:00,16.44,27,28,0.0,0.011126564673157091,1.0,9,15.48,14.95,14.95,14.95,14.95,1,-0.09290386348514523
CONTROL_UNSUPPORTED,1,SZ002532,2022-12-08,2022-12-09,2022-12-12,0.11031518624641823,1.0,C32,2022-12-09 14:10:00,2022-12-09 14:20:00,8.52,35,36,-0.0005640157924422518,0.01060606060606073,0.7894736842105263,19,8.38,8.34,8.28,8.35,8.42,1,-0.014205400805176183
CONTROL_UNSUPPORTED,1,SH603806,2023-01-05,2023-01-06,2023-01-09,0.12340987939864534,1.0,C29,2023-01-06 10:45:00,2023-01-06 10:55:00,74.79,6,13,0.0,0.007915992777318803,0.875,8,73.0,74.38,74.33,75.06,75.89,1,0.012173487462864285
CONTROL_UNSUPPORTED,1,SZ002607,2023-01-13,2023-01-16,2023-01-17,-0.08333333333333337,3.0,P83,2023-01-16 11:05:00,2023-01-16 11:15:00,5.3,12,16,0.012935134106905055,0.09710743801652888,1.0,1,5.34,5.58,5.6,5.55,5.49,1,0.033261892583203334
CONTROL_UNSUPPORTED,1,SH601958,2023-01-30,2023-01-31,2023-02-01,0.2488083889418493,1.0,B09,2023-01-31 10:30:00,2023-01-31 10:40:00,14.36,8,9,0.0,0.00953206239168125,0.8181818181818182,11,14.54,14.42,14.53,14.68,14.55,1,0.010700524713885162
CONTROL_UNSUPPORTED,1,SZ002241,2023-02-02,2023-02-03,2023-02-06,0.17464953271028016,1.0,C39,2023-02-03 14:45:00,2023-02-03 14:55:00,22.1,40,41,-0.006284916201117263,0.005704773883655867,0.7236842105263158,76,21.7,21.7,21.73,21.7,21.9,1,-0.011524797269140685
CONTROL_UNSUPPORTED,1,SH601728,2023-02-15,2023-02-16,2023-02-17,0.21149425287356327,1.0,I63,2023-02-16 14:20:00,2023-02-16 14:30:00,5.67,14,38,-0.005685103873663944,0.0064102564102563875,0.8571428571428571,7,5.71,5.64,5.66,5.55,5.63,1,-0.009534680249477012
CONTROL_UNSUPPORTED,1,SZ000425,2023-02-17,2023-02-20,2023-02-21,0.08880994671403197,1.0,C35,2023-02-20 13:05:00,2023-02-20 13:15:00,6.74,7,8,0.006920415224913601,0.005041071688683618,0.6875,32,6.9,7.02,6.93,6.91,7.01,1,0.03746166742725543
CONTROL_UNSUPPORTED,1,SZ002131,2023-03-17,2023-03-20,2023-03-21,0.10096153846153855,2.0,I64,2023-03-20 11:00:00,2023-03-20 11:10:00,2.51,10,11,0.0,0.05474773446914005,1.0,10,2.44,2.42,2.46,2.41,2.41,1,-0.0422387568875493
CONTROL_UNSUPPORTED,1,SH600339,2023-03-27,2023-03-28,2023-03-29,0.15312499999999996,2.0,B11,2023-03-28 10:10:00,2023-03-28 10:20:00,4.04,4,5,-0.0027906976744185297,0.014423076923076872,0.8,5,3.9,3.84,3.84,3.87,3.79,1,-0.06422425849344404
CONTROL_UNSUPPORTED,1,SH600667,2023-04-04,2023-04-06,2023-04-07,0.2946428571428572,2.0,E48,2023-04-06 10:10:00,2023-04-06 10:20:00,7.98,2,5,-0.0028424383263093156,-0.0023474178403755097,0.3333333333333333,15,8.3,8.09,8.17,8.31,8.25,1,0.03125245383952957
CONTROL_UNSUPPORTED,1,SZ000021,2023-04-04,2023-04-06,2023-04-07,0.49960159362549805,3.0,C39,2023-04-06 10:25:00,2023-04-06 10:35:00,20.7,3,4,-0.003340560187473085,0.01754385964912286,0.8051948051948052,77,19.69,19.45,19.84,19.87,20.0,2,-0.03622959079028554
CONTROL_UNSUPPORTED,1,SH600339,2023-04-12,2023-04-13,2023-04-14,0.18208955223880596,3.0,B11,2023-04-13 10:15:00,2023-04-13 10:25:00,4.36,6,7,0.0,0.027581783194355447,1.0,5,4.36,4.34,4.29,4.3,4.39,1,0.0043659219737886
CONTROL_UNSUPPORTED,1,SH600060,2023-04-14,2023-04-17,2023-04-18,0.16557474687313878,1.0,C39,2023-04-17 14:30:00,2023-04-17 14:40:00,21.52,39,40,0.005161290322580614,-0.011024643320363126,0.2857142857142857,77,21.73,21.24,21.19,21.31,20.94,1,-0.02938198411890236
CONTROL_UNSUPPORTED,1,SH600718,2023-04-18,2023-04-19,2023-04-20,0.008968609865470878,1.0,I65,2023-04-19 10:20:00,2023-04-19 10:30:00,12.35,6,7,-0.005076142131979711,0.020587468214122717,0.8928571428571429,28,11.59,11.7,11.78,11.59,11.89,1,-0.03965156102865364
CONTROL_UNSUPPORTED,1,SZ000656,2023-05-29,2023-05-30,2023-05-31,-0.37226277372262784,1.0,K70,2023-05-30 14:35:00,2023-05-30 14:45:00,0.94,39,40,0.0,0.009978617248752819,0.6842105263157895,19,0.89,0.9,0.92,0.93,0.9,1,-0.044944535979947964
CONTROL_UNSUPPORTED,1,SZ000656,2023-06-02,2023-06-05,2023-06-06,-0.36805555555555547,3.0,K70,2023-06-05 10:40:00,2023-06-05 10:50:00,0.98,2,3,-0.0019455252918287869,-0.009779951100244544,0.15789473684210525,19,0.98,1.02,1.03,1.03,1.07,1,0.08910973436663072
CONTROL_UNSUPPORTED,1,SH600556,2023-06-12,2023-06-13,2023-06-14,0.07019867549668879,1.0,I64,2023-06-13 10:10:00,2023-06-13 10:20:00,8.82,5,6,-0.0016849199663016012,0.03557386257255213,1.0,9,8.7,8.5,8.67,8.82,8.79,1,-0.00589049168404121
CONTROL_UNSUPPORTED,1,SH603000,2023-06-13,2023-06-14,2023-06-15,0.5365333333333333,4.0,I64,2023-06-14 10:50:00,2023-06-14 11:00:00,31.49,2,13,0.0,0.0011428571428571122,0.5555555555555556,9,32.66,34.46,34.86,34.86,34.2,1,0.08334649650035764
CONTROL_UNSUPPORTED,1,SZ002920,2023-07-03,2023-07-04,2023-07-05,0.38106560986349614,1.0,C39,2023-07-04 14:10:00,2023-07-04 14:20:00,172.5,14,36,-0.003236245954692518,0.012276214833759402,0.7468354430379747,79,174.75,172.29,172.09,168.89,168.7,1,-0.02447159179792724
CONTROL_UNSUPPORTED,1,SH600497,2023-07-04,2023-07-05,2023-07-06,0.020793950850661602,1.0,B09,2023-07-05 14:20:00,2023-07-05 14:30:00,5.91,11,12,-0.0034129692832765013,0.012658227848101111,0.9090909090909091,11,6.0,5.98,5.95,5.99,5.95,1,0.004253658632102031
CONTROL_UNSUPPORTED,1,SH601136,2023-08-04,2023-08-07,2023-08-08,,,J67,2023-08-07 10:05:00,2023-08-07 10:15:00,24.3,2,3,-0.0071367700175077875,-0.010572975836185106,0.22727272727272727,44,24.68,23.27,23.72,23.37,23.17,1,-0.048883539311205926
CONTROL_UNSUPPORTED,1,SZ002945,2023-08-15,2023-08-16,2023-08-17,0.33131159969673996,3.0,J67,2023-08-16 10:05:00,2023-08-16 10:15:00,19.17,4,5,-0.0036732463537381133,0.0019251344817500238,0.5681818181818182,44,19.2,18.92,18.79,18.88,18.8,1,-0.02175041093361385
CONTROL_UNSUPPORTED,1,SH601136,2023-08-15,2023-08-16,2023-08-17,,8.0,J67,2023-08-16 14:30:00,2023-08-16 14:40:00,28.81,19,22,-0.003913347386015287,0.01424153988790089,0.9545454545454546,44,28.0,29.04,28.31,28.47,28.82,2,-0.002151391697542304
CONTROL_UNSUPPORTED,1,SZ002670,2023-08-24,2023-08-25,2023-08-28,0.22222222222222232,4.0,J67,2023-08-25 13:55:00,2023-08-25 14:05:00,11.8,10,12,-0.0023159712750600026,0.00829447852760734,0.9090909090909091,44,12.52,12.52,12.52,12.52,12.52,1,0.05889677090718104
CONTROL_UNSUPPORTED,1,SZ002500,2023-08-28,2023-08-29,2023-08-30,-0.007680491551459223,1.0,J67,2023-08-29 11:30:00,2023-08-29 13:10:00,7.02,21,22,0.01622091523499969,-0.002558336166243902,0.25,44,6.72,6.56,6.49,6.46,6.41,1,-0.0887192007559715
CONTROL_UNSUPPORTED,1,SH603000,2023-09-25,2023-09-26,2023-09-27,-0.011937812326485275,1.0,I64,2023-09-26 14:40:00,2023-09-26 14:50:00,39.13,41,42,-0.005165734921969145,0.011806404340726773,0.7,10,37.8,38.01,37.66,37.85,38.15,1,-0.02699292813729459
CONTROL_UNSUPPORTED,1,SH600418,2023-09-28,2023-10-09,2023-10-10,0.021823850350740415,1.0,C36,2023-10-09 10:20:00,2023-10-09 10:30:00,14.37,5,7,-0.003958706739787987,0.015117157974300799,1.0,17,14.38,14.53,14.59,14.66,14.46,1,0.004252281812429093
CONTROL_UNSUPPORTED,1,SZ002281,2023-10-25,2023-10-26,2023-10-27,-0.05072720822986876,1.0,C39,2023-10-26 13:55:00,2023-10-26 14:05:00,29.19,7,18,0.0,-0.001105583195135429,0.47126436781609193,87,29.44,28.93,28.97,29.02,28.75,1,-0.01704178547551427
CONTROL_UNSUPPORTED,1,SH603650,2023-11-02,2023-11-03,2023-11-06,0.15304054054054061,2.0,C26,2023-11-03 14:15:00,2023-11-03 14:25:00,37.2,35,36,0.008668007616382312,0.00844978875528124,0.7441860465116279,43,37.54,36.88,36.98,37.03,36.6,1,-0.018095053464149302
CONTROL_UNSUPPORTED,1,SH600839,2023-11-07,2023-11-08,2023-11-09,0.2616033755274263,4.0,C39,2023-11-08 13:35:00,2023-11-08 13:45:00,6.56,10,28,-0.00507726269315667,-0.0056285178236398226,0.2413793103448276,87,6.51,6.57,6.46,6.45,6.41,1,-0.02481841300410348
CONTROL_UNSUPPORTED,1,SZ002423,2024-01-30,2024-01-31,2024-02-01,0.24813153961136014,4.0,J68,2024-01-31 14:45:00,2024-01-31 14:55:00,9.19,17,40,-0.014050940803238099,0.016963640877493802,1.0,6,8.7,8.45,8.27,8.38,8.31,1,-0.09756316282095456
CONTROL_UNSUPPORTED,1,SH600732,2024-01-31,2024-02-01,2024-02-02,-0.18680023571007653,2.0,C38,2024-02-01 10:00:00,2024-02-01 10:10:00,15.18,1,4,-0.012843298969072159,-0.0033042529865972003,0.42105263157894735,38,14.85,14.75,14.48,14.44,14.34,1,-0.0572236442837919
CONTROL_UNSUPPORTED,1,SZ002192,2024-02-05,2024-02-06,2024-02-07,-0.3476814713363333,1.0,B09,2024-02-06 14:20:00,2024-02-06 14:30:00,36.66,31,34,0.06302346537702186,0.045197347231575646,0.9166666666666666,12,36.33,38.04,37.65,37.93,38.28,1,0.04210329921848399
CONTROL_UNSUPPORTED,1,SH600848,2024-02-05,2024-02-06,2024-02-07,-0.029501525940997086,1.0,K70,2024-02-06 14:45:00,2024-02-06 14:55:00,10.49,32,33,0.0611932129173508,0.04676258992805771,1.0,15,10.37,10.46,10.39,10.44,10.54,2,0.0027586686184311038
CONTROL_UNSUPPORTED,1,SH600885,2024-02-06,2024-02-07,2024-02-08,-0.042016806722688926,1.0,C38,2024-02-07 10:50:00,2024-02-07 11:00:00,26.17,10,14,0.03384595103235721,0.03133720930232564,0.9210526315789473,38,27.45,28.48,28.35,28.11,27.97,1,0.06664535413825123
CONTROL_UNSUPPORTED,1,SZ000723,2024-02-06,2024-02-07,2024-02-08,-0.19122257053291536,1.0,C25,2024-02-07 11:30:00,2024-02-07 13:10:00,5.68,9,15,0.03640674643506536,0.10077519379844957,1.0,1,5.8,5.88,5.91,5.98,6.02,2,0.05774129024775165
CONTROL_UNSUPPORTED,1,SZ002414,2024-02-06,2024-02-07,2024-02-08,-0.21270310192023623,1.0,C39,2024-02-07 14:50:00,2024-02-07 15:00:00,5.84,20,27,0.03921880373041875,0.0378569562972636,0.8604651162790697,86,5.86,6.09,6.07,6.06,6.12,3,0.04585114785976652
CONTROL_UNSUPPORTED,1,SH601179,2024-04-11,2024-04-12,2024-04-15,0.09636363636363643,1.0,C38,2024-04-12 13:30:00,2024-04-12 13:40:00,6.61,27,28,-0.001986598842169951,-0.005712344588626961,0.39473684210526316,38,6.98,6.72,6.55,6.52,6.59,1,-0.005017923524669565
CONTROL_UNSUPPORTED,1,SH600968,2024-04-18,2024-04-19,2024-04-22,0.26126126126126126,1.0,B11,2024-04-19 13:30:00,2024-04-19 13:40:00,4.6,21,22,-0.004073319755600879,0.027968337730870818,1.0,5,4.58,4.53,4.62,4.53,4.45,1,-0.03454178635338112
CONTROL_UNSUPPORTED,1,SH600606,2024-05-21,2024-05-22,2024-05-23,0.20809248554913284,2.0,E48,2024-05-22 13:10:00,2024-05-22 13:20:00,2.26,20,22,0.0,0.011779581033669162,0.75,16,2.16,2.14,2.14,2.15,2.14,1,-0.05498949436836853
CONTROL_UNSUPPORTED,1,SH603228,2024-06-21,2024-06-24,2024-06-25,0.11024844720496896,1.0,C39,2024-06-24 14:05:00,2024-06-24 14:15:00,31.46,0,32,-0.012396694214875992,-0.01770171930403236,0.19767441860465115,86,30.5,30.35,29.99,30.16,30.45,1,-0.03403835806851652
CONTROL_UNSUPPORTED,1,SZ002373,2024-07-03,2024-07-04,2024-07-05,-0.10816326530612252,2.0,I65,2024-07-04 09:45:00,2024-07-04 09:55:00,9.56,0,1,0.0,-0.0007142857142856673,0.4444444444444444,27,9.33,9.1,9.18,9.1,8.95,1,-0.06567827897533518
CONTROL_UNSUPPORTED,1,SZ002373,2024-07-09,2024-07-10,2024-07-11,-0.08562019758507133,3.0,I65,2024-07-10 13:15:00,2024-07-10 13:25:00,9.14,2,24,0.0,0.0038461538461538325,0.5925925925925926,27,8.94,8.88,8.89,9.0,9.07,1,-0.009641590495802266
CONTROL_UNSUPPORTED,1,SH600157,2024-08-20,2024-08-21,2024-08-22,-0.09482758620689646,1.0,D44,2024-08-21 10:15:00,2024-08-21 10:25:00,1.15,2,3,-0.0013443286206907823,-0.005989492571221999,0.125,32,1.11,1.1,1.1,1.1,1.09,1,-0.05406790752825652
CONTROL_UNSUPPORTED,1,SZ002607,2024-09-20,2024-09-23,2024-09-24,0.11475409836065564,4.0,P83,2024-09-23 13:25:00,2024-09-23 13:35:00,2.22,4,21,0.002263581488933797,0.09313725490196068,1.0,1,2.1,2.12,2.14,2.14,2.2,1,-0.010989257809111974
CONTROL_UNSUPPORTED,1,SZ000002,2024-09-26,2024-09-27,2024-09-30,0.27416798732171155,2.0,K70,2024-09-27 11:10:00,2024-09-27 11:20:00,8.84,15,16,0.050108932461873756,0.047471829640947316,1.0,4,9.72,9.72,9.72,9.67,9.63,1,0.08718968804001026
CONTROL_UNSUPPORTED,1,SZ002460,2024-09-26,2024-09-27,2024-09-30,0.09562211981566837,1.0,C32,2024-09-27 14:30:00,2024-09-27 14:40:00,31.38,8,30,0.045333333333333226,0.04062273100170677,1.0,24,33.42,33.67,33.22,33.08,32.94,2,0.04761560261377573
CONTROL_UNSUPPORTED,1,SH603345,2024-09-27,2024-09-30,2024-10-08,0.2557007786429366,2.0,C13,2024-09-30 09:55:00,2024-09-30 10:05:00,99.34,0,2,0.04210526315789476,0.038853503184713256,1.0,9,109.27,109.27,109.27,108.22,107.27,1,0.07766909209369444
CONTROL_UNSUPPORTED,1,SZ000568,2024-09-27,2024-09-30,2024-10-08,0.20497609350097412,2.0,C15,2024-09-30 10:00:00,2024-09-30 10:10:00,149.7,0,2,0.046827193408013335,0.04579439252336459,1.0,13,164.67,164.67,164.67,164.67,164.67,2,0.09780192383188546
CONTROL_UNSUPPORTED,1,SH600739,2024-09-27,2024-09-30,2024-10-08,0.4404924760601916,1.0,F51,2024-09-30 10:25:00,2024-09-30 10:35:00,11.57,0,1,0.05959407061730093,0.05789254735351401,1.0,6,12.74,12.74,12.74,12.74,12.74,3,0.0989232741115913
CONTROL_UNSUPPORTED,1,SH600157,2024-09-30,2024-10-08,2024-10-09,0.21818181818181825,2.0,D44,2024-10-08 09:50:00,2024-10-08 10:00:00,1.46,0,1,0.0779448430302434,0.045075125208680955,0.967741935483871,31,1.4,1.4,1.38,1.39,1.39,1,-0.04984764998361069
CONTROL_UNSUPPORTED,1,SH603799,2024-09-30,2024-10-08,2024-10-09,0.301146384479718,2.0,C32,2024-10-08 09:50:00,2024-10-08 10:00:00,32.46,0,2,0.0779448430302434,0.06543884254816568,1.0,26,31.65,31.51,32.07,32.01,32.11,2,-0.01275920645712647
CONTROL_UNSUPPORTED,1,SZ000617,2024-09-30,2024-10-08,2024-10-09,0.44509803921568647,3.0,J66,2024-10-08 09:50:00,2024-10-08 10:00:00,8.11,0,2,0.0779448430302434,0.049853998203054806,1.0,34,7.95,7.84,7.82,7.96,7.89,3,-0.02907104819711026
CONTROL_UNSUPPORTED,1,SZ300803,2024-10-08,2024-10-09,2024-10-10,1.5736282194848825,4.0,J69,2024-10-09 13:20:00,2024-10-09 13:30:00,110.32,24,26,-0.05131405989784954,-0.007501465845792976,0.5,8,87.44,75.79,74.2,77.5,74.75,1,-0.32377963439882784
CONTROL_UNSUPPORTED,1,SH603019,2024-10-08,2024-10-09,2024-10-10,0.42326464208242953,2.0,C39,2024-10-09 14:05:00,2024-10-09 14:15:00,57.44,29,35,-0.05343530649925893,-0.033066272245693695,0.25,84,56.0,53.15,53.66,54.78,52.7,2,-0.0843542449680238
CONTROL_UNSUPPORTED,1,SZ000032,2024-10-09,2024-10-10,2024-10-11,0.5361494719740048,3.0,E49,2024-10-10 10:40:00,2024-10-10 10:50:00,20.8,6,8,0.009026900162484308,0.09994711792702282,1.0,1,17.76,17.76,17.76,17.76,17.76,1,-0.1478600451374873
CONTROL_UNSUPPORTED,1,SH601995,2024-10-10,2024-10-11,2024-10-14,0.3136971449222985,2.0,J67,2024-10-11 14:25:00,2024-10-11 14:35:00,39.87,28,35,-0.03498542274052485,-0.026060250632755078,0.20454545454545456,44,38.66,36.99,36.78,36.74,36.2,1,-0.09386347349991397
CONTROL_UNSUPPORTED,1,SZ000563,2024-10-11,2024-10-14,2024-10-15,0.2246376811594204,2.0,J69,2024-10-14 10:00:00,2024-10-14 10:10:00,3.7,1,4,-0.0036842105263158453,0.009956127522667502,0.625,8,3.7,3.79,3.82,3.84,3.73,1,0.006093655010548815
CONTROL_UNSUPPORTED,1,SZ002607,2024-10-11,2024-10-14,2024-10-15,0.32000000000000006,6.0,P83,2024-10-14 13:45:00,2024-10-14 13:55:00,2.87,27,28,0.014184397163120366,0.09469696969696972,1.0,1,2.93,2.97,2.95,2.98,2.95,2,0.025820613019975625
CONTROL_UNSUPPORTED,1,SH603893,2024-10-14,2024-10-15,2024-10-16,0.45922746781115875,4.0,C39,2024-10-15 10:20:00,2024-10-15 10:30:00,82.23,6,7,-0.0033126293995858758,0.010059171597633032,0.7142857142857143,84,75.38,76.38,75.41,76.59,76.12,1,-0.07615355552515513
CONTROL_UNSUPPORTED,1,SH600039,2024-10-15,2024-10-16,2024-10-17,0.37090909090909085,1.0,E48,2024-10-16 10:10:00,2024-10-16 10:20:00,8.28,0,1,-0.003231017770597866,0.004510921177588001,0.7857142857142857,14,8.55,8.99,8.97,8.87,8.95,1,0.07875792910577273
CONTROL_UNSUPPORTED,1,SH600399,2024-10-16,2024-10-17,2024-10-18,0.2384615384615385,2.0,C31,2024-10-17 10:10:00,2024-10-17 10:20:00,6.95,4,5,0.008547008547008517,0.0024752475247524774,0.5384615384615384,13,6.96,6.95,7.04,7.17,7.39,1,0.061184593475164695
CONTROL_UNSUPPORTED,1,SH600039,2024-10-16,2024-10-17,2024-10-18,0.5612052730696797,2.0,E48,2024-10-17 14:20:00,2024-10-17 14:30:00,9.05,30,38,-0.009057005860415468,-0.017974335197870284,0.14285714285714285,14,8.2,8.25,8.27,8.37,8.32,2,-0.08250004959504875
CONTROL_UNSUPPORTED,1,SH600399,2024-10-17,2024-10-18,2024-10-21,0.36750483558994196,3.0,C31,2024-10-18 13:35:00,2024-10-18 13:45:00,7.78,26,29,0.01821060965954069,0.004366812227074135,0.6923076923076923,13,7.6,7.26,7.16,7.19,7.02,1,-0.09948942448003772
CONTROL_UNSUPPORTED,1,SH603517,2024-10-18,2024-10-21,2024-10-22,0.20226537216828477,3.0,C13,2024-10-21 11:10:00,2024-10-21 11:20:00,16.35,12,14,0.003567863923830128,-0.0017889087656530744,0.4444444444444444,9,16.2,17.12,17.11,17.09,17.31,1,0.056600016765634864
CONTROL_UNSUPPORTED,1,SH601162,2024-10-21,2024-10-22,2024-10-23,0.8481481481481481,11.0,J67,2024-10-22 14:30:00,2024-10-22 14:40:00,5.49,24,25,0.008858310378276446,0.0060448902179882635,0.9318181818181818,44,5.5,5.36,5.63,5.64,5.94,1,0.07980517098218276
CONTROL_UNSUPPORTED,1,SH601933,2024-10-22,2024-10-23,2024-10-24,0.5155555555555555,7.0,F52,2024-10-23 10:15:00,2024-10-23 10:25:00,3.72,2,3,0.0024445680611207,0.0006688963210703669,0.5555555555555556,9,3.7,3.75,3.71,3.69,3.7,1,-0.007363851862664306
CONTROL_UNSUPPORTED,1,SH600764,2024-10-24,2024-10-25,2024-10-28,0.39252336448598135,2.0,C39,2024-10-25 10:20:00,2024-10-25 10:30:00,32.72,7,8,0.005025125628140614,0.002218632635978768,0.5487804878048781,82,32.8,32.12,32.05,32.74,34.04,1,0.0382634331861913
CONTROL_UNSUPPORTED,1,SZ002865,2024-10-25,2024-10-28,2024-10-29,0.6865629420084864,6.0,C38,2024-10-28 10:40:00,2024-10-28 10:50:00,65.55,0,1,0.003671970624234966,-0.003715952269608025,0.39473684210526316,38,69.65,72.14,72.14,71.37,70.11,1,0.06742795755985731
CONTROL_UNSUPPORTED,1,SH600745,2024-10-28,2024-10-29,2024-10-30,0.6012072434607645,3.0,C39,2024-10-29 10:25:00,2024-10-29 10:35:00,43.47,6,8,-0.0034506480921054905,0.008016545307842016,0.6951219512195121,82,41.02,40.41,40.16,40.11,40.19,1,-0.0773018106781378
CONTROL_UNSUPPORTED,1,SH601933,2024-10-28,2024-10-29,2024-10-30,0.8577777777777778,9.0,F52,2024-10-29 11:00:00,2024-10-29 11:10:00,4.6,4,5,-0.005535074192461353,-0.014731879787860946,0.1111111111111111,9,4.7,4.84,4.92,5.0,4.73,2,0.02620614619067574
CONTROL_UNSUPPORTED,1,SH603019,2024-10-28,2024-10-29,2024-10-30,0.4914741474147415,3.0,C39,2024-10-29 13:35:00,2024-10-29 13:45:00,59.65,11,18,-0.01266439657512275,0.0017853950043652533,0.5365853658536586,82,59.67,58.47,58.2,58.38,58.88,3,-0.014881090067493163
CONTROL_UNSUPPORTED,1,SH600060,2024-10-29,2024-10-30,2024-10-31,0.13638968481375358,2.0,C39,2024-10-30 10:50:00,2024-10-30 11:00:00,21.73,1,3,-0.001481481481481417,0.00537012123367131,0.573170731707317,82,21.81,20.89,20.72,21.13,20.72,1,-0.048384894707916626
CONTROL_UNSUPPORTED,1,SZ000100,2024-10-29,2024-10-30,2024-10-31,0.140625,1.0,C39,2024-10-30 13:55:00,2024-10-30 14:05:00,4.8,14,27,-0.007893139040680008,-0.009543754022010575,0.35365853658536583,82,5.01,5.0,5.02,5.16,5.16,2,0.07285188010843369
CONTROL_UNSUPPORTED,1,SH600549,2024-10-31,2024-11-01,2024-11-04,0.057096247960848334,2.0,C32,2024-11-01 10:40:00,2024-11-01 10:50:00,21.38,10,11,0.0,0.04365808823529416,0.96,25,21.4,20.33,20.21,20.46,20.4,1,-0.047743887823349485
CONTROL_UNSUPPORTED,1,SZ002568,2024-11-01,2024-11-04,2024-11-05,0.09999999999999987,2.0,C15,2024-11-04 11:00:00,2024-11-04 11:10:00,25.53,6,7,0.007315798863317791,-0.0015278838808251427,0.38461538461538464,13,25.13,25.3,25.2,25.09,25.45,1,-0.0051255577565969546
CONTROL_UNSUPPORTED,1,SH603185,2024-11-01,2024-11-04,2024-11-05,0.45914396887159525,7.0,C38,2024-11-04 14:20:00,2024-11-04 14:30:00,24.65,17,18,0.008394552789669274,0.0072029772619974786,0.6842105263157895,38,24.52,24.69,25.14,25.23,24.77,2,0.0028601753020767173
CONTROL_UNSUPPORTED,1,SH603799,2024-11-05,2024-11-06,2024-11-07,0.04621072088724576,0.0,C32,2024-11-06 11:20:00,2024-11-06 11:30:00,37.35,1,19,-0.00433526011560692,0.02224969097651419,0.84,25,35.29,34.75,35.22,35.54,35.2,1,-0.05944681224577386
CONTROL_UNSUPPORTED,1,SH600010,2024-11-05,2024-11-06,2024-11-07,0.0983606557377048,2.0,C31,2024-11-06 11:25:00,2024-11-06 13:05:00,2.19,18,19,-0.0013531799729363803,-0.004424778761061954,0.38461538461538464,13,2.1,2.1,2.12,2.17,2.09,2,-0.04756910717781604
CONTROL_UNSUPPORTED,1,SH600732,2024-11-05,2024-11-06,2024-11-07,0.1206896551724137,3.0,C38,2024-11-06 11:30:00,2024-11-06 13:10:00,13.59,14,19,0.0,0.004835079844103141,0.6578947368421053,38,12.55,12.21,12.3,12.31,12.51,3,-0.08130964832852428
CONTROL_UNSUPPORTED,1,SH600760,2024-11-07,2024-11-08,2024-11-11,0.15402203284140525,2.0,C37,2024-11-08 13:45:00,2024-11-08 13:55:00,60.66,5,6,-0.004830917874396046,0.019736842105263275,0.7692307692307693,13,60.96,59.74,59.27,58.88,59.9,1,-0.014502064599557163
CONTROL_UNSUPPORTED,1,SZ301269,2024-11-08,2024-11-11,2024-11-12,0.4138869979577944,1.0,I65,2024-11-11 10:50:00,2024-11-11 11:00:00,148.5,6,11,-0.009814612868047967,0.025437221442569324,0.9642857142857143,28,147.0,141.64,140.11,142.96,140.0,1,-0.05912293029406779
CONTROL_UNSUPPORTED,1,SH600745,2024-11-08,2024-11-11,2024-11-12,0.46580645161290324,2.0,C39,2024-11-11 14:40:00,2024-11-11 14:50:00,49.97,25,26,-0.0007283321194464509,0.034562211981566726,0.9397590361445783,83,50.96,49.25,48.98,49.16,49.58,2,-0.009787338155895386
CONTROL_UNSUPPORTED,1,SH603305,2024-11-18,2024-11-19,2024-11-20,0.3211822660098522,3.0,C36,2024-11-19 14:10:00,2024-11-19 14:20:00,14.75,2,12,0.0010131712259373593,0.0008756567425569628,0.5263157894736842,19,15.04,14.97,14.82,14.87,14.79,1,0.0007081943589268835
CONTROL_UNSUPPORTED,1,SH600839,2024-11-20,2024-11-21,2024-11-22,0.1297497683039852,4.0,C39,2024-11-21 10:30:00,2024-11-21 10:40:00,13.4,5,9,-0.0041471330688785946,-0.004812319538017418,0.3855421686746988,83,13.27,13.07,13.08,13.03,13.14,1,-0.021362464101019052
CONTROL_UNSUPPORTED,1,SZ002607,2024-11-29,2024-12-02,2024-12-03,-0.039393939393939315,2.0,P83,2024-12-02 14:25:00,2024-12-02 14:35:00,3.43,36,39,0.009148573367139257,0.09779179810725558,1.0,1,3.37,3.39,3.37,3.4,3.41,1,-0.007817503242319113
CONTROL_UNSUPPORTED,1,SZ002607,2024-12-04,2024-12-05,2024-12-06,0.04361370716510904,3.0,P83,2024-12-05 11:00:00,2024-12-05 11:10:00,3.66,13,14,0.0,0.10149253731343277,1.0,1,3.88,4.06,4.06,4.06,4.06,1,0.10707297833021756
CONTROL_UNSUPPORTED,1,SH600580,2025-01-27,2025-02-05,2025-02-06,0.09470899470899496,2.0,C38,2025-02-05 11:20:00,2025-02-05 11:30:00,22.76,9,10,-0.0014114326040931546,-0.0029182879377431803,0.42857142857142855,35,22.5,23.12,23.12,22.84,23.07,1,0.011594918629238116
CONTROL_UNSUPPORTED,1,SZ300251,2025-02-11,2025-02-12,2025-02-13,1.3563892145369287,4.0,R87,2025-02-12 10:40:00,2025-02-12 10:50:00,24.0,4,5,-0.001011654754009772,0.07508532423208192,1.0,3,25.56,25.92,27.25,27.47,27.47,1,0.14229616847204163
CONTROL_UNSUPPORTED,1,SZ000887,2025-02-11,2025-02-12,2025-02-13,0.2700080840743737,1.0,C29,2025-02-12 13:20:00,2025-02-12 13:30:00,17.2,4,23,-0.004606316596604598,-0.004500196795754585,0.25,8,17.28,17.12,17.31,17.37,17.86,2,0.036297164885702005
CONTROL_UNSUPPORTED,1,SZ300251,2025-02-13,2025-02-14,2025-02-17,2.3074285714285714,6.0,R87,2025-02-14 10:40:00,2025-02-14 10:50:00,34.73,8,10,-0.00186251387347397,-0.04029304029304037,0.3333333333333333,3,40.0,32.0,35.0,33.7,32.07,1,-0.07843604697828499
CONTROL_UNSUPPORTED,1,SZ000032,2025-02-14,2025-02-17,2025-02-18,0.5113493064312735,2.0,E49,2025-02-17 09:50:00,2025-02-17 10:00:00,26.37,0,1,-0.0017466118471143321,0.09970796829370054,1.0,1,26.17,26.58,27.84,27.09,27.16,1,0.02790017069238493
CONTROL_UNSUPPORTED,1,SZ000034,2025-02-14,2025-02-17,2025-02-18,,,F51,2025-02-17 10:20:00,2025-02-17 10:30:00,58.21,0,5,-0.004081242544227037,0.001800728474695923,0.625,8,52.8,54.0,53.38,52.4,57.88,2,-0.007656051734479363
CONTROL_UNSUPPORTED,1,SH603882,2025-02-14,2025-02-17,2025-02-18,0.398843930635838,3.0,Q84,2025-02-17 10:40:00,2025-02-17 10:50:00,39.78,3,6,-0.0011024020739660578,0.03673653369393737,1.0,5,36.0,36.85,36.86,35.8,35.81,3,-0.10159772173271564
CONTROL_UNSUPPORTED,1,SZ002065,2025-02-19,2025-02-20,2025-02-21,0.7738264580369845,6.0,I65,2025-02-20 14:40:00,2025-02-20 14:50:00,13.49,3,9,-0.0016460251415590932,-0.007195295794725554,0.2692307692307692,26,13.59,13.38,13.55,13.16,13.09,1,-0.03159059350634241
CONTROL_UNSUPPORTED,1,SZ000967,2025-02-20,2025-02-21,2025-02-24,0.2755102040816326,3.0,C35,2025-02-21 10:20:00,2025-02-21 10:30:00,6.79,7,8,-0.0011428571428571122,-0.0012138167410008505,0.43333333333333335,30,6.74,6.5,6.68,6.73,6.5,1,-0.04462277347606669
CONTROL_UNSUPPORTED,1,SZ000032,2025-02-21,2025-02-24,2025-02-25,0.7606679035250461,5.0,E49,2025-02-24 13:25:00,2025-02-24 13:35:00,31.02,14,16,-0.0017436791630340842,0.10010537407797693,1.0,1,30.0,30.62,31.45,31.0,32.4,1,0.042400279355052195
CONTROL_UNSUPPORTED,1,SZ000032,2025-02-25,2025-02-26,2025-02-27,0.8766114180478823,6.0,E49,2025-02-26 14:40:00,2025-02-26 14:50:00,33.39,28,29,0.0073330760324199495,0.10009813542688928,1.0,1,32.5,32.84,33.37,32.82,32.1,1,-0.040555371640841664
CONTROL_UNSUPPORTED,1,SZ002195,2025-03-10,2025-03-11,2025-03-12,0.2705410821643286,4.0,I64,2025-03-11 13:10:00,2025-03-11 13:20:00,6.95,0,14,-0.005380794701986713,-0.01499913659970159,0.2,10,7.1,7.16,7.21,7.1,7.12,1,0.02241330250922502
CONTROL_UNSUPPORTED,1,SZ000032,2025-03-11,2025-03-12,2025-03-13,0.216362740266141,6.0,E49,2025-03-12 14:15:00,2025-03-12 14:25:00,26.99,30,37,0.0009400705052879932,0.10008103727714746,1.0,1,25.93,25.89,25.75,25.68,25.61,1,-0.05302612855486566
CONTROL_UNSUPPORTED,1,SH600598,2025-04-07,2025-04-08,2025-04-09,0.1280575539568345,1.0,A01,2025-04-08 10:55:00,2025-04-08 11:05:00,17.23,10,11,0.008510638297872353,0.055582539307113654,1.0,2,18.43,18.94,18.98,18.98,18.25,1,0.05708252571792927
CONTROL_UNSUPPORTED,1,SH600598,2025-04-08,2025-04-09,2025-04-10,0.2445887445887447,2.0,A01,2025-04-09 10:50:00,2025-04-09 11:00:00,18.98,0,4,-0.0029134917077542344,0.039345791467117475,0.5,2,17.3,18.32,18.3,18.78,18.64,1,-0.019876048461234364
CONTROL_UNSUPPORTED,1,SZ000617,2025-04-09,2025-04-10,2025-04-11,0.05312499999999987,1.0,J66,2025-04-10 11:20:00,2025-04-10 11:30:00,7.4,17,18,0.016329428470003515,0.007148402480614435,0.7333333333333333,30,7.1,7.03,6.97,6.95,6.98,1,-0.058641593569218164
CONTROL_UNSUPPORTED,1,SH600927,2025-06-09,2025-06-10,2025-06-11,0.2199341021416803,1.0,J67,2025-06-10 10:45:00,2025-06-10 10:55:00,16.28,0,1,-0.001607717041800738,-0.003751790997562343,0.10869565217391304,46,15.35,14.64,14.57,14.63,15.43,1,-0.054105221983136054
CONTROL_UNSUPPORTED,1,SZ002074,2025-06-24,2025-06-25,2025-06-26,0.22364729458917854,1.0,C38,2025-06-25 13:40:00,2025-06-25 13:50:00,33.37,27,29,0.002846975088967918,0.0016528925619834212,0.6285714285714286,35,33.06,34.18,33.95,33.5,33.13,1,-0.009175968165462178
CONTROL_UNSUPPORTED,1,SH601991,2025-07-21,2025-07-22,2025-07-23,0.10280373831775713,1.0,D44,2025-07-22 09:55:00,2025-07-22 10:05:00,3.89,0,1,-0.0014290837562623837,-0.001884549181055073,0.21875,32,4.08,4.05,4.07,4.01,3.95,1,0.013395092109359297
CONTROL_UNSUPPORTED,1,SH600392,2025-07-25,2025-07-28,2025-07-29,0.7312161115414408,2.0,C32,2025-07-28 14:50:00,2025-07-28 15:00:00,24.45,26,27,-0.003809523809523707,-0.010191367190339251,0.20833333333333334,24,23.94,24.27,24.29,24.1,24.4,1,-0.004039154433983616
CONTROL_UNSUPPORTED,1,SH601138,2025-07-30,2025-07-31,2025-08-01,0.5727788279773158,2.0,C39,2025-07-31 13:05:00,2025-07-31 13:15:00,35.46,10,11,-0.011849701371020482,0.004630799886137238,0.5714285714285714,98,34.0,33.8,33.71,33.98,33.67,1,-0.05237679394401917
CONTROL_UNSUPPORTED,1,SZ002837,2025-08-07,2025-08-08,2025-08-11,,,C35,2025-08-08 10:30:00,2025-08-08 10:40:00,45.92,2,3,0.0,0.005799116197230392,0.7647058823529411,34,47.99,48.93,49.06,49.86,50.25,1,0.09210775009012218
CONTROL_UNSUPPORTED,1,SH600737,2025-08-14,2025-08-15,2025-08-18,0.2747474747474745,2.0,C13,2025-08-15 10:35:00,2025-08-15 10:45:00,13.87,8,11,0.004491858506457058,-0.0006305170239596647,0.3333333333333333,9,14.65,15.27,15.27,15.27,15.27,1,0.09873732561531723
CONTROL_UNSUPPORTED,1,SZ002837,2025-08-14,2025-08-15,2025-08-18,,5.0,C35,2025-08-15 14:50:00,2025-08-15 15:00:00,63.28,13,19,0.009937888198757738,0.008482655404297046,0.8529411764705882,34,64.16,66.1,64.07,66.29,66.98,2,0.05635520138862926
CONTROL_UNSUPPORTED,1,SH600673,2025-08-15,2025-08-18,2025-08-19,0.18593314763231206,1.0,S91,2025-08-18 11:25:00,2025-08-18 13:05:00,18.73,20,21,0.00863311139819134,0.09982384028185542,1.0,1,17.82,17.42,17.41,17.55,17.3,1,-0.07819379302569407
CONTROL_UNSUPPORTED,1,SZ002837,2025-08-27,2025-08-28,2025-08-29,0.9658002735978113,7.0,C35,2025-08-28 11:10:00,2025-08-28 11:20:00,79.04,14,15,0.001554077551730093,-0.002170963364993117,0.36363636363636365,33,82.0,81.29,81.56,83.56,83.43,1,0.053432261056475694
CONTROL_UNSUPPORTED,1,SH603893,2025-08-27,2025-08-28,2025-08-29,0.2991865019584212,1.0,C39,2025-08-28 14:20:00,2025-08-28 14:30:00,235.0,16,23,-0.00011627906976741098,0.015999936134694637,0.826530612244898,98,236.8,232.08,237.0,239.9,237.9,2,0.010317515201569094
CONTROL_UNSUPPORTED,1,SH601138,2025-09-10,2025-09-11,2025-09-12,0.22870879120879128,3.0,C39,2025-09-11 10:30:00,2025-09-11 10:40:00,58.96,8,9,-0.0013898756184201333,0.014757982354716148,0.8571428571428571,98,58.88,60.4,60.07,61.42,61.37,1,0.03879523969351828
CONTROL_UNSUPPORTED,1,SZ002436,2025-09-11,2025-09-12,2025-09-15,0.3094645080946452,3.0,C39,2025-09-12 10:05:00,2025-09-12 10:15:00,23.08,2,3,-0.0018624766859508535,0.007089709349381246,0.6836734693877551,98,22.32,22.28,22.19,22.16,22.48,1,-0.027942837256152764
CONTROL_UNSUPPORTED,1,SH603228,2025-09-11,2025-09-12,2025-09-15,0.14457831325301207,3.0,C39,2025-09-12 11:05:00,2025-09-12 11:15:00,68.73,0,17,-0.004719265762562264,-0.0021903007024464682,0.4387755102040816,98,68.97,68.83,69.5,68.94,69.98,2,0.016152515505408083
CONTROL_UNSUPPORTED,1,SH603019,2025-09-15,2025-09-16,2025-09-17,0.37530201342281866,3.0,C39,2025-09-16 10:25:00,2025-09-16 10:35:00,112.71,1,2,-0.004730943334993354,0.0023060053017472937,0.5510204081632653,98,108.14,108.3,108.34,108.56,107.55,1,-0.04768797712456496
CONTROL_UNSUPPORTED,1,SZ002423,2025-09-16,2025-09-17,2025-09-18,-0.013382899628252787,1.0,J68,2025-09-17 14:20:00,2025-09-17 14:30:00,14.55,22,29,0.0020330663911134472,0.0016765540366261433,0.5,6,14.79,14.32,14.19,14.17,14.24,1,-0.023261518565070194
CONTROL_UNSUPPORTED,1,SH600143,2025-09-17,2025-09-18,2025-09-19,0.3380195599022007,2.0,C29,2025-09-18 10:50:00,2025-09-18 11:00:00,24.08,12,13,-0.0037558718560002924,-0.001494055680100026,0.5,8,23.26,22.67,22.2,21.91,21.93,1,-0.09110555007425047
CONTROL_UNSUPPORTED,1,SH600170,2025-09-22,2025-09-23,2025-09-24,0.30522088353413634,5.0,E48,2025-09-23 11:30:00,2025-09-23 13:10:00,3.53,20,21,-0.01975422955481021,-0.007018669516909548,0.21428571428571427,14,3.35,3.27,3.26,3.24,3.24,1,-0.08398706329762817
CONTROL_UNSUPPORTED,1,SZ002837,2025-09-24,2025-09-25,2025-09-26,0.0996520528879612,3.0,C35,2025-09-25 10:40:00,2025-09-25 10:50:00,86.07,11,12,-0.0016064257028112205,-0.006648199445983383,0.36363636363636365,33,86.05,84.0,83.38,83.28,82.46,1,-0.0438570440637398
CONTROL_UNSUPPORTED,1,SZ002130,2025-09-24,2025-09-25,2025-09-26,0.261007536691789,2.0,C39,2025-09-25 13:05:00,2025-09-25 13:15:00,34.91,5,6,-0.003759398496240629,0.007426541814659293,0.6701030927835051,97,34.2,33.49,33.2,33.39,33.47,2,-0.04316475116134433
CONTROL_UNSUPPORTED,1,SZ002600,2025-09-26,2025-09-29,2025-09-30,-0.05341055341055334,1.0,C39,2025-09-29 10:50:00,2025-09-29 11:00:00,16.13,10,13,-0.0009606147934677622,0.006508422664624813,0.5670103092783505,97,16.58,16.52,16.61,16.64,16.63,1,0.028937946983275564
CONTROL_UNSUPPORTED,1,SZ000630,2025-09-30,2025-10-09,2025-10-10,0.18847006651884723,1.0,C32,2025-10-09 09:50:00,2025-10-09 10:00:00,5.83,0,2,-0.0018187331164892795,0.03896290098946442,1.0,24,5.91,6.05,6.14,6.04,6.08,1,0.04079770729734378
CONTROL_UNSUPPORTED,1,SH600010,2025-10-13,2025-10-14,2025-10-15,0.125,2.0,C31,2025-10-14 10:10:00,2025-10-14 10:20:00,3.01,1,6,0.004283377641764008,0.0023980815347721673,0.5454545454545454,11,2.92,2.93,2.88,2.91,2.86,1,-0.05173255748740779
CONTROL_UNSUPPORTED,1,SH601212,2025-10-16,2025-10-17,2025-10-20,0.40094339622641506,5.0,C32,2025-10-17 13:55:00,2025-10-17 14:05:00,6.51,25,26,-0.011793916821849715,-0.007229965156794416,0.20833333333333334,24,6.0,5.88,5.88,5.88,5.88,1,-0.09857906547528439
CONTROL_UNSUPPORTED,1,SH603179,2025-10-23,2025-10-24,2025-10-27,-0.15954773869346717,1.0,C36,2025-10-24 13:30:00,2025-10-24 13:40:00,73.38,27,28,-0.0003186743148501092,0.008889567125010545,0.75,20,76.0,77.49,77.24,77.04,76.32,1,0.03798710110321757
CONTROL_UNSUPPORTED,1,SH601611,2025-10-23,2025-10-24,2025-10-27,0.3939393939393938,6.0,E48,2025-10-24 14:40:00,2025-10-24 14:50:00,13.61,37,38,0.0,-0.006948606321026729,0.14285714285714285,14,13.22,14.16,13.83,13.65,14.02,2,0.02806645996413315
CONTROL_UNSUPPORTED,1,SH601877,2025-11-06,2025-11-07,2025-11-10,0.012126865671641784,1.0,C38,2025-11-07 13:55:00,2025-11-07 14:05:00,35.78,32,33,0.0,0.005125576627370565,0.6129032258064516,31,35.17,34.46,34.18,33.97,33.89,1,-0.05471550387055735
CONTROL_UNSUPPORTED,1,SH601061,2025-11-10,2025-11-11,2025-11-12,0.49043977055449317,3.0,F51,2025-11-11 14:00:00,2025-11-11 14:10:00,17.14,33,34,-0.005827505827505908,-0.00016507098052159774,0.375,8,17.16,17.3,17.46,17.1,17.55,1,0.021874602909175422
CONTROL_UNSUPPORTED,1,SZ002466,2025-11-14,2025-11-17,2025-11-18,0.2161117078410313,2.0,C32,2025-11-17 14:20:00,2025-11-17 14:30:00,62.02,33,34,-0.0071634561110028305,-0.010810523198785948,0.4166666666666667,24,62.0,62.53,62.7,61.68,60.36,1,-0.02871032625117087
CONTROL_UNSUPPORTED,1,SH603260,2025-11-18,2025-11-19,2025-11-20,0.2401071723000825,2.0,C26,2025-11-19 14:30:00,2025-11-19 14:40:00,66.19,39,40,-0.001101840315489655,0.008058945429426645,0.6666666666666666,33,64.0,65.26,66.41,66.53,67.22,1,0.01353191665837139
CONTROL_UNSUPPORTED,1,SZ002463,2025-11-25,2025-11-26,2025-11-27,-0.16312499999999996,1.0,C39,2025-11-26 14:25:00,2025-11-26 14:35:00,73.44,20,21,-0.0013404825737265424,0.0025211951862317283,0.5816326530612245,98,71.36,72.97,73.02,72.76,73.32,1,-0.003628972873912506
CONTROL_UNSUPPORTED,1,SH601399,2025-12-04,2025-12-05,2025-12-08,0.11671087533156488,2.0,C35,2025-12-05 09:45:00,2025-12-05 09:55:00,4.62,0,1,-0.002781641168289384,-0.002742921621531058,0.375,32,4.79,4.75,4.64,4.64,4.65,1,0.004482279775338105
CONTROL_UNSUPPORTED,1,SH601212,2025-12-26,2025-12-29,2025-12-30,0.19308943089430897,2.0,C32,2025-12-29 10:25:00,2025-12-29 10:35:00,6.42,8,9,-0.0008032128514056103,-0.0005073566717402334,0.4583333333333333,24,5.62,5.69,5.81,5.79,5.86,1,-0.089051363118826
CONTROL_UNSUPPORTED,1,SH601698,2025-12-31,2026-01-05,2026-01-06,0.7244208494208493,4.0,I63,2026-01-05 13:55:00,2026-01-05 14:05:00,39.3,20,29,0.010189228529839944,0.00452272233094142,0.8333333333333334,6,39.98,41.3,41.92,42.42,42.08,1,0.06859831031334163
CONTROL_UNSUPPORTED,1,SH603156,2026-01-06,2026-01-07,2026-01-08,0.031024531024530955,1.0,C15,2026-01-07 10:55:00,2026-01-07 11:05:00,31.08,3,4,-0.0024449877750610804,-0.0046965200359743164,0.21428571428571427,14,30.92,30.35,30.66,30.28,30.48,1,-0.021264694091614578
CONTROL_UNSUPPORTED,1,SH600673,2026-01-06,2026-01-07,2026-01-08,0.18552695483244297,1.0,S91,2026-01-07 13:40:00,2026-01-07 13:50:00,26.85,27,29,-0.004891684136967167,0.09995903318312171,1.0,1,26.85,27.28,27.61,27.86,27.68,2,0.02885245477117304
CONTROL_UNSUPPORTED,1,SH600879,2026-01-09,2026-01-12,2026-01-13,1.1173431734317343,7.0,C37,2026-01-12 10:50:00,2026-01-12 11:00:00,31.53,9,10,0.0,0.013123359580052396,0.7368421052631579,19,32.23,30.07,28.91,28.4,28.4,1,-0.1010704196054103
CONTROL_UNSUPPORTED,1,SH601179,2026-01-12,2026-01-13,2026-01-14,0.3806060606060606,2.0,C38,2026-01-13 14:30:00,2026-01-13 14:40:00,12.52,33,40,-0.004103967168262557,-0.007593560516067743,0.34375,32,12.58,12.7,12.9,13.09,13.22,1,0.05380056876688433
CONTROL_UNSUPPORTED,1,SH601216,2026-01-13,2026-01-14,2026-01-15,0.08649789029535859,1.0,C26,2026-01-14 10:10:00,2026-01-14 10:20:00,5.64,3,4,0.007633587786259444,0.005548970623096672,0.875,32,5.5,5.49,5.44,5.46,5.62,1,-0.005537264356028526
CONTROL_UNSUPPORTED,1,SZ002429,2026-01-13,2026-01-14,2026-01-15,0.2268907563025211,1.0,C39,2026-01-14 13:15:00,2026-01-14 13:25:00,9.63,0,25,-0.0025445292620864812,0.0038075458636206427,0.5894736842105263,95,9.14,8.95,8.72,8.68,8.76,2,-0.09216040283514426
CONTROL_UNSUPPORTED,1,SZ002281,2026-01-13,2026-01-14,2026-01-15,0.04268292682926833,1.0,C39,2026-01-14 13:40:00,2026-01-14 13:50:00,77.06,29,30,-0.0020174848688634395,0.012734082397003688,0.7789473684210526,95,78.01,78.5,79.39,79.5,78.93,3,0.022220062855988987
CONTROL_UNSUPPORTED,1,SZ000559,2026-01-15,2026-01-16,2026-01-19,0.6149012567324952,6.0,C36,2026-01-16 13:50:00,2026-01-16 14:00:00,19.69,29,30,-0.004136086162313979,0.003971987038779101,0.5789473684210527,19,19.43,19.26,19.21,19.04,19.19,1,-0.027341109084727422
CONTROL_UNSUPPORTED,1,SH601212,2026-01-20,2026-01-21,2026-01-22,0.5038610038610039,3.0,C32,2026-01-21 10:15:00,2026-01-21 10:25:00,8.57,6,7,0.0,0.014044943820224587,0.6956521739130435,23,8.25,8.98,9.1,9.25,9.22,1,0.0736961639683873
CONTROL_UNSUPPORTED,1,SZ000426,2026-01-23,2026-01-26,2026-01-27,0.6033240997229916,1.0,B09,2026-01-26 10:00:00,2026-01-26 10:10:00,63.63,0,1,-0.0066225165562914245,0.05072021379373404,1.0,10,63.5,64.88,65.08,65.92,65.45,1,0.02654745352816601
CONTROL_UNSUPPORTED,1,SZ000630,2026-01-23,2026-01-26,2026-01-27,0.23381294964028787,1.0,C32,2026-01-26 13:40:00,2026-01-26 13:50:00,7.49,9,17,-0.004411764705882337,0.03308823529411753,0.8695652173913043,23,7.52,7.49,7.55,7.83,7.82,2,0.041972453497432616
CONTROL_UNSUPPORTED,1,SH601212,2026-01-26,2026-01-27,2026-01-28,1.033868092691622,6.0,C32,2026-01-27 13:15:00,2026-01-27 13:25:00,12.5,12,19,-0.009037745879851067,-0.02679031427099432,0.08695652173913043,23,12.57,13.2,13.47,13.75,13.8,1,0.1017939308276381
CONTROL_UNSUPPORTED,1,SZ000738,2026-01-26,2026-01-27,2026-01-28,0.12764955252001897,1.0,C37,2026-01-27 13:45:00,2026-01-27 13:55:00,26.26,27,28,-0.006833712984054552,0.021445591739475578,0.7368421052631579,19,26.31,26.45,26.06,26.1,25.82,2,-0.01872029102889672
CONTROL_UNSUPPORTED,1,SZ300017,2026-01-27,2026-01-28,2026-01-29,0.32615083251713983,1.0,I65,2026-01-28 10:30:00,2026-01-28 10:40:00,16.07,0,2,0.0008957133717208965,-0.0004943676650029927,0.5,22,15.32,15.09,16.02,16.24,16.37,1,0.016632771009106317
CONTROL_UNSUPPORTED,1,SH601212,2026-01-28,2026-01-29,2026-01-30,1.2131410256410255,7.0,C32,2026-01-29 11:15:00,2026-01-29 11:25:00,15.18,0,2,-0.0022226318700129255,0.012936966694192087,0.6956521739130435,23,13.67,13.67,13.67,13.67,13.67,1,-0.1012724698298072
CONTROL_UNSUPPORTED,1,SZ002155,2026-02-02,2026-02-03,2026-02-04,0.5789473684210524,5.0,B09,2026-02-03 13:50:00,2026-02-03 14:00:00,36.6,30,31,0.012461180124223592,-0.002330274338199656,0.5,10,39.5,38.53,37.53,37.8,36.92,1,0.006727447289449184
CONTROL_UNSUPPORTED,1,SZ002155,2026-02-05,2026-02-06,2026-02-09,0.492925604746691,6.0,B09,2026-02-06 11:10:00,2026-02-06 11:20:00,35.98,12,14,0.0,0.005732759536515086,0.8,10,36.5,36.68,36.56,36.46,35.94,1,-0.0031077582869781795
CONTROL_UNSUPPORTED,1,SZ000415,2026-02-05,2026-02-06,2026-02-09,0.15496368038740904,1.0,L71,2026-02-06 14:05:00,2026-02-06 14:15:00,5.24,34,35,0.001179245283018826,0.0985324947589099,1.0,1,5.25,5.41,5.48,5.39,5.4,2,0.02847508478351557
CONTROL_UNSUPPORTED,1,SH600339,2026-02-27,2026-03-02,2026-03-03,0.14285714285714302,2.0,B11,2026-03-02 09:55:00,2026-03-02 10:05:00,4.65,0,1,-0.004132231404958553,0.0807860262008735,0.8571428571428571,7,5.07,5.13,5.13,5.13,5.13,1,0.10102128431233082
CONTROL_UNSUPPORTED,1,SH601808,2026-02-27,2026-03-02,2026-03-03,0.0779552715654952,1.0,B11,2026-03-02 09:55:00,2026-03-02 10:05:00,18.41,0,1,-0.004132231404958553,0.0807860262008735,0.8571428571428571,7,19.46,20.05,19.67,20.13,20.42,2,0.10696337389003574
CONTROL_UNSUPPORTED,1,SZ000960,2026-02-27,2026-03-02,2026-03-03,0.11066599899849772,3.0,C32,2026-03-02 14:30:00,2026-03-02 14:40:00,48.79,33,34,-0.004380475594493172,0.016640986132511637,0.6521739130434783,23,45.69,45.86,46.7,45.88,44.38,3,-0.09220500885689897
CONTROL_UNSUPPORTED,1,SH600583,2026-03-02,2026-03-03,2026-03-04,0.2143950995405819,2.0,B11,2026-03-03 10:20:00,2026-03-03 10:30:00,8.71,5,6,-0.016516516516516644,0.09915014164305958,0.7142857142857143,7,8.35,7.85,8.12,8.05,7.98,1,-0.08564248489944193
CONTROL_UNSUPPORTED,1,SH601857,2026-03-02,2026-03-03,2026-03-04,0.21566632756866722,1.0,B07,2026-03-03 10:50:00,2026-03-03 11:00:00,13.15,13,14,-0.00835654596100277,0.08971109984794734,1.0,3,13.69,12.75,12.86,12.77,12.68,2,-0.03766827554868246
CONTROL_UNSUPPORTED,1,SH600688,2026-03-02,2026-03-03,2026-03-04,0.1368078175895766,1.0,C25,2026-03-03 11:05:00,2026-03-03 11:15:00,3.83,5,8,-0.00432432432432428,0.055326858808044665,1.0,2,3.89,3.48,3.61,3.55,3.51,3,-0.08538220919774064
CONTROL_UNSUPPORTED,1,SZ002429,2026-03-10,2026-03-11,2026-03-12,0.07849462365591386,4.0,C39,2026-03-11 11:30:00,2026-03-11 13:10:00,10.92,17,18,0.0,0.002157907001165693,0.52,100,10.61,10.96,10.96,11.0,10.89,1,-0.004740014108455259
CONTROL_UNSUPPORTED,1,SH601868,2026-03-11,2026-03-12,2026-03-13,0.4375000000000002,3.0,E48,2026-03-12 14:05:00,2026-03-12 14:15:00,3.73,30,34,-0.003072559678563014,0.008867550360087684,0.7857142857142857,14,3.8,3.86,3.83,3.69,3.76,1,0.006028572656078479
CONTROL_UNSUPPORTED,1,SZ002432,2026-03-18,2026-03-19,2026-03-20,0.41859914813062016,4.0,C35,2026-03-19 10:05:00,2026-03-19 10:15:00,65.68,4,5,-0.010425716768027726,-0.017123287671232945,0.12121212121212122,33,66.33,66.99,66.0,65.8,64.63,1,-0.017952907523325567
CONTROL_UNSUPPORTED,1,SH601872,2026-03-31,2026-04-01,2026-04-02,-0.16743002544529262,2.0,G55,2026-04-01 10:00:00,2026-04-01 10:10:00,17.99,0,4,0.00679117147707986,0.005996002664889977,0.7692307692307693,13,18.15,19.58,19.66,19.8,19.8,1,0.09841215280566695
CONTROL_UNSUPPORTED,1,SH601872,2026-04-01,2026-04-02,2026-04-03,0.01637492941840768,3.0,G55,2026-04-02 11:10:00,2026-04-02 11:20:00,19.79,1,18,-0.010245901639344246,0.0049261083743843415,0.6923076923076923,13,20.05,21.0,20.8,20.61,20.36,1,0.026746619928209592
CONTROL_UNSUPPORTED,1,SZ000617,2026-04-02,2026-04-03,2026-04-07,0.08296943231441056,2.0,J66,2026-04-03 10:15:00,2026-04-03 10:25:00,10.9,0,1,-0.009990917347865502,-0.005855772461412889,0.09375,32,10.72,11.22,11.39,11.16,11.24,1,0.029132078721467725
CONTROL_UNSUPPORTED,1,SH600487,2026-04-02,2026-04-03,2026-04-07,0.04891944990176822,1.0,C38,2026-04-03 10:35:00,2026-04-03 10:45:00,58.42,6,7,-0.006224066390041583,-0.005325339279887931,0.20588235294117646,34,58.35,60.6,60.46,61.1,60.29,2,0.029947371507646592
CONTROL_UNSUPPORTED,1,SZ002281,2026-04-08,2026-04-09,2026-04-10,0.14043639740018588,2.0,C39,2026-04-09 11:25:00,2026-04-09 13:05:00,107.04,8,20,-0.012396694214875992,-0.0002595504526726189,0.47,100,111.72,110.41,109.36,109.1,108.18,1,0.00863069133147687
CONTROL_UNSUPPORTED,1,SH603688,2026-04-10,2026-04-13,2026-04-14,-0.07107698365820048,1.0,C30,2026-04-13 10:35:00,2026-04-13 10:45:00,51.18,0,3,-0.0018417205672363046,0.012838240114260158,0.75,12,51.01,49.83,49.99,50.03,49.94,1,-0.026178051153426862
CONTROL_UNSUPPORTED,1,SZ002463,2026-04-13,2026-04-14,2026-04-15,0.09226410445922628,1.0,C39,2026-04-14 13:30:00,2026-04-14 13:40:00,97.5,3,28,-0.00033556867297501736,0.007749655127950783,0.7,100,98.6,97.35,96.9,96.2,95.47,1,-0.02277715927058155
CONTROL_UNSUPPORTED,1,SZ000657,2026-04-16,2026-04-17,2026-04-20,-0.046656869948567214,1.0,C33,2026-04-17 13:55:00,2026-04-17 14:05:00,57.0,28,29,-0.0019980623036237044,-0.00319995132356532,0.5,6,57.16,58.93,58.3,58.8,60.52,1,0.059632734135657506
CONTROL_UNSUPPORTED,1,SH600208,2026-04-21,2026-04-22,2026-04-23,0.2621359223300972,1.0,K70,2026-04-22 10:00:00,2026-04-22 10:10:00,4.2,3,4,-0.001413603858307022,0.0010881392818281599,0.5,10,4.1,4.16,4.15,4.17,4.16,1,-0.011503029623236904
CONTROL_UNSUPPORTED,1,SH600487,2026-04-21,2026-04-22,2026-04-23,0.4458413926499032,2.0,C38,2026-04-22 11:05:00,2026-04-22 11:15:00,65.75,10,11,0.0,-0.00034304042371724464,0.47058823529411764,34,66.77,67.82,69.99,69.21,68.35,2,0.037466456880876464
CONTROL_UNSUPPORTED,1,SZ002475,2026-04-24,2026-04-27,2026-04-28,0.315002988643156,1.0,C39,2026-04-27 13:30:00,2026-04-27 13:40:00,72.48,25,26,-0.0006680026720107257,0.02119167183835957,0.85,100,71.02,72.0,71.05,71.25,71.61,1,-0.013977576690731852
CONTROL_UNSUPPORTED,1,SH600606,2026-04-29,2026-04-30,2026-05-06,-0.03289473684210531,1.0,E48,2026-04-30 13:10:00,2026-04-30 13:20:00,1.61,21,22,-0.005930318754633124,-0.008632380174689036,0.2857142857142857,14,1.54,1.57,1.55,1.56,1.56,1,-0.03299209419664506
CONTROL_UNSUPPORTED,1,SH601991,2026-05-07,2026-05-08,2026-05-11,0.35849056603773577,2.0,D44,2026-05-08 11:05:00,2026-05-08 11:15:00,5.47,0,10,-0.0033333333333332993,-0.00289265067427813,0.28125,32,6.0,6.09,6.09,6.09,6.09,1,0.1111207771540943
CONTROL_UNSUPPORTED,1,SH600578,2026-05-14,2026-05-15,2026-05-18,0.23929961089494167,2.0,D44,2026-05-15 11:30:00,2026-05-15 13:10:00,7.0,21,22,-0.0019695538587158334,0.004284784660929186,0.65625,32,7.23,7.71,7.71,7.71,7.71,1,0.0992276406160828
CONTROL_UNSUPPORTED,1,SH603156,2026-05-15,2026-05-18,2026-05-19,0.47664141414141414,2.0,C15,2026-05-18 10:40:00,2026-05-18 10:50:00,51.46,1,2,-0.005259344969804125,-0.007842641721360177,0.21428571428571427,14,52.02,49.9,49.23,48.7,47.0,1,-0.0884943218016001
CONTROL_UNSUPPORTED,1,SZ002185,2026-05-25,2026-05-26,2026-05-27,0.32474629195940663,1.0,C39,2026-05-26 09:55:00,2026-05-26 10:05:00,18.67,0,3,-0.006217943761437195,-0.01966772156397767,0.24,100,19.75,20.02,20.47,20.52,20.54,1,0.09796228833358955
CONTROL_UNSUPPORTED,1,SZ002463,2026-05-25,2026-05-26,2026-05-27,0.186598237629515,1.0,C39,2026-05-26 13:35:00,2026-05-26 13:45:00,134.53,27,28,-0.004601486788921305,-0.018804208225636276,0.33,100,130.21,129.59,129.08,130.58,131.54,2,-0.02417936478618321
CONTROL_UNSUPPORTED,1,SZ000725,2026-05-25,2026-05-26,2026-05-27,0.23419203747072603,2.0,C39,2026-05-26 13:45:00,2026-05-26 13:55:00,5.8,26,27,-0.004496435604329829,-0.02127479584292713,0.34,100,5.8,6.0,5.97,5.89,5.8,3,-0.001998251061921974
CONTROL_UNSUPPORTED,1,SZ002185,2026-05-26,2026-05-27,2026-05-28,0.49719326383319973,2.0,C39,2026-05-27 10:25:00,2026-05-27 10:35:00,20.46,2,6,-0.009882128741809104,0.014405523578962964,0.71,100,20.15,20.45,20.36,21.16,20.84,1,0.01653746079518781
CONTROL_UNSUPPORTED,1,SZ000062,2026-06-01,2026-06-02,2026-06-03,-0.14530154277699858,1.0,F51,2026-06-02 13:05:00,2026-06-02 13:15:00,33.52,22,23,-0.007510112269553726,-0.0039999999999998925,0.2857142857142857,7,35.63,35.91,35.93,36.03,34.55,1,0.02866827045974296
CONTROL_UNSUPPORTED,1,SZ002384,2026-06-01,2026-06-02,2026-06-03,0.04070556309362283,1.0,C39,2026-06-02 13:25:00,2026-06-02 13:35:00,210.91,26,27,-0.0037930681689203327,0.011799722152009084,0.67,100,219.6,220.99,225.01,226.88,229.29,2,0.08497378509322417
CONTROL_UNSUPPORTED,1,SZ002436,2026-06-01,2026-06-02,2026-06-03,0.4064093226511287,3.0,C39,2026-06-02 13:35:00,2026-06-02 13:45:00,42.24,26,27,-0.002304587935429203,0.016221680061903054,0.76,100,42.33,41.89,41.77,41.81,41.95,3,-0.008850062311733575
CONTROL_UNSUPPORTED,1,SZ002353,2026-06-03,2026-06-04,2026-06-05,-0.04665422553985599,1.0,C35,2026-06-04 10:55:00,2026-06-04 11:05:00,157.34,14,15,-0.010461507780161139,-0.009124087591241059,0.3939393939393939,33,162.98,154.63,153.36,152.54,152.47,1,-0.03288847934035377
CONTROL_UNSUPPORTED,1,SZ002463,2026-06-03,2026-06-04,2026-06-05,0.23866781181410435,2.0,C39,2026-06-04 14:35:00,2026-06-04 14:45:00,141.5,36,40,-0.014658995004729836,0.001719211405347587,0.54,100,137.1,135.62,135.93,137.04,138.04,2,-0.026401686053623585
CONTROL_UNSUPPORTED,1,SH600378,2026-06-05,2026-06-08,2026-06-09,0.35780885780885785,3.0,C26,2026-06-08 14:30:00,2026-06-08 14:40:00,51.26,3,24,-0.024686741091627662,-0.029527196941570022,0.15625,32,50.6,51.95,52.11,52.2,51.08,1,-0.005502744132715343
CONTROL_UNSUPPORTED,1,SH600176,2026-06-08,2026-06-09,2026-06-10,-0.0644567219152854,1.0,C30,2026-06-09 11:00:00,2026-06-09 11:10:00,39.1,7,10,-0.0016604225778904524,3.289705038234114e-05,0.5,12,40.0,39.43,40.26,40.13,40.66,1,0.03781972152998048
CONTROL_UNSUPPORTED,1,SZ001696,2026-06-09,2026-06-10,2026-06-11,0.021536670547147807,2.0,C34,2026-06-10 13:30:00,2026-06-10 13:40:00,19.23,0,28,-0.01064588187376836,-0.04004734010987965,0.1,10,19.0,19.54,19.63,20.3,20.6,1,0.0691022375519712
CONTROL_UNSUPPORTED,1,SZ000032,2026-06-11,2026-06-12,2026-06-15,-0.06267029972752058,1.0,E49,2026-06-12 13:50:00,2026-06-12 14:00:00,18.92,27,32,0.01700108696221314,0.09941860465116292,1.0,1,19.2,19.66,19.8,19.91,20.24,1,0.06762977793375735
CONTROL_UNSUPPORTED,1,SZ000733,2026-06-15,2026-06-16,2026-06-17,0.15442812639074344,2.0,C39,2026-06-16 13:15:00,2026-06-16 13:25:00,56.98,24,25,-0.0061286096407967006,0.019667484945262714,0.74,100,56.1,57.42,57.53,57.3,58.06,1,0.016917893003594475
CONTROL_UNSUPPORTED,1,SH600378,2026-06-16,2026-06-17,2026-06-18,0.6661878770468255,6.0,C26,2026-06-17 11:25:00,2026-06-17 13:05:00,63.8,15,21,-0.007541546756452466,-0.0016291328230236268,0.46875,32,64.65,62.57,62.6,63.16,64.2,1,0.004258813194743194
CONTROL_UNSUPPORTED,1,SZ000100,2026-06-16,2026-06-17,2026-06-18,0.08139534883720945,2.0,C39,2026-06-17 13:05:00,2026-06-17 13:15:00,5.1,17,19,-0.007956834532374168,0.009145274374951273,0.61,100,5.21,5.09,5.12,5.12,5.12,2,0.0019154812868549254
CONTROL_UNSUPPORTED,1,SH600392,2026-06-17,2026-06-18,2026-06-22,0.21076987799747582,1.0,C32,2026-06-18 13:30:00,2026-06-18 13:40:00,31.66,5,10,-0.010397631581040845,0.0,0.4782608695652174,23,32.78,33.09,32.97,33.58,33.86,1,0.06735120717129872
CONTROL_UNSUPPORTED,1,SZ002436,2026-06-17,2026-06-18,2026-06-22,0.4251639833035181,4.0,C39,2026-06-18 14:20:00,2026-06-18 14:30:00,52.3,29,30,-0.013070202484553706,0.010851111106947364,0.65,100,53.5,53.88,53.48,54.21,54.5,2,0.039982702048283913
CONTROL_UNSUPPORTED,1,SH600460,2026-06-18,2026-06-22,2026-06-23,0.35197155785391065,4.0,C39,2026-06-22 10:00:00,2026-06-22 10:10:00,46.01,3,4,-0.011202879522182185,-0.0020490445173951266,0.48,100,45.2,45.69,46.94,46.2,45.9,1,-0.004384258286073028
CONTROL_UNSUPPORTED,1,SZ000657,2026-06-18,2026-06-22,2026-06-23,0.7365543995767942,4.0,C33,2026-06-22 10:00:00,2026-06-22 10:10:00,108.33,2,3,-0.011202879522182185,-0.02638327021288811,0.16666666666666666,6,113.99,109.99,105.01,106.0,108.9,2,0.003252935099757215
CONTROL_UNSUPPORTED,1,SZ002008,2026-06-22,2026-06-23,2026-06-24,-0.09809953513809133,1.0,C35,2026-06-23 13:45:00,2026-06-23 13:55:00,145.12,12,21,-0.007932168675744422,-0.013961605584642212,0.2727272727272727,33,136.73,141.75,141.17,140.69,147.57,1,0.014850593238645127
CONTROL_UNSUPPORTED,1,SH600909,2026-06-23,2026-06-24,2026-06-25,0.42506811989100823,2.0,J67,2026-06-24 10:15:00,2026-06-24 10:25:00,11.51,1,7,-0.010270108376695952,-0.014992503748125885,0.06666666666666667,45,11.99,12.31,11.46,11.47,11.42,1,-0.009801913738240464
CONTROL_UNSUPPORTED,1,SZ000032,2026-06-23,2026-06-24,2026-06-25,0.21904761904761916,5.0,E49,2026-06-24 10:20:00,2026-06-24 10:30:00,25.32,4,5,-0.011546409423774662,0.09982638888888884,1.0,1,26.48,26.69,26.61,26.29,25.58,2,0.008249792173618875
CONTROL_UNSUPPORTED,1,SZ002080,2026-06-23,2026-06-24,2026-06-25,0.025641025641025772,4.0,C30,2026-06-24 11:30:00,2026-06-24 13:10:00,83.29,9,15,-0.012323068711001528,-0.008181902854747847,0.25,12,87.04,88.01,89.88,91.56,92.93,3,0.11351065588684817
CONTROL_UNSUPPORTED,1,SZ000100,2026-06-24,2026-06-25,2026-06-26,0.04301075268817178,2.0,C39,2026-06-25 10:05:00,2026-06-25 10:15:00,5.31,3,4,-0.007144758383559879,0.006887467622027077,0.59,100,5.36,5.39,5.49,5.49,5.47,1,0.02807336472528954
CONTROL_UNSUPPORTED,1,SZ002138,2026-06-26,2026-06-29,2026-06-30,0.4044897959183673,4.0,C39,2026-06-29 10:30:00,2026-06-29 10:40:00,74.08,0,8,0.007598788582184879,-0.014025021812448635,0.37,100,75.07,72.4,72.17,71.79,70.91,1,-0.04470431942225839
CONTROL_UNSUPPORTED,1,SH603650,2026-06-26,2026-06-29,2026-06-30,0.4997378997029531,3.0,C26,2026-06-29 14:05:00,2026-06-29 14:15:00,94.1,0,7,0.007444214570710872,-0.001281944732204221,0.46875,32,93.99,93.01,90.68,90.7,92.92,2,-0.014513044513005169
CONTROL_UNSUPPORTED,1,SZ000021,2026-06-29,2026-06-30,2026-07-01,0.4792661472731843,2.0,C39,2026-06-30 14:45:00,2026-06-30 14:55:00,64.38,42,43,-0.006861245145345418,0.04588248801630346,0.95,100,63.53,65.86,65.06,65.85,64.68,1,0.002652269669383145
CONTROL_UNSUPPORTED,1,SZ000938,2026-07-09,2026-07-10,2026-07-13,0.3765432098765431,3.0,C39,2026-07-10 13:55:00,2026-07-10 14:05:00,39.25,9,32,0.011826362858946782,-0.009211650530748072,0.45,100,38.43,39.06,39.84,39.63,39.25,1,-0.001998251061922085
