trade_date,exit_date,instrument,rank,score,clean_mom20_rank,raw_mom20_rank,hit_count20,intraday_ret,tail_ret,limit_gap,entry_1445,exit_open,exit_0935,exit_0940,exit_0945,exit_1000
2021-05-17,2021-05-18,SZ300014,1,0.8571428571428571,0.9961880559085133,0.9809402795425667,0.0,0.08466114297854266,0.0015693967631191796,0.13505043580452458,102.11,103.0,105.62,104.6,105.0,104.9
2021-05-17,2021-05-18,SZ002568,2,0.8253968253968255,0.9440914866581956,0.8958068614993647,0.0,0.07241763488779251,0.005521563945679597,0.025452656574651344,134.76,133.5,134.63,134.47,133.45,133.55
2021-05-17,2021-05-18,SH600763,3,0.7777777777777777,0.9695044472681067,0.9313850063532402,0.0,0.03437317784256555,0.0069249325954305885,0.06623636517376474,354.79,353.5,356.48,353.25,352.73,350.0
2021-05-17,2021-05-18,SH600216,4,0.6984126984126985,0.9758576874205845,0.9415501905972046,0.0,0.0065088757396452035,0.010695187165775666,0.0840681951793063,17.01,17.21,17.34,17.38,17.29,17.27
2021-05-17,2021-05-18,SZ300015,5,0.6349206349206349,0.9822109275730623,0.9504447268106735,0.0,0.037471662888385104,0.0006430868167202064,0.1524421593830334,77.8,77.5,78.24,78.26,77.96,77.02
2021-05-18,2021-05-19,SH600132,1,0.9537037037037037,0.9974587039390089,0.9834815756035579,0.0,0.03263280793928769,0.009127731188316446,0.0571541636045001,176.89,172.73,171.55,172.47,170.63,170.0
2021-05-18,2021-05-19,SZ300274,2,0.7592592592592592,0.9872935196950444,0.9618805590851334,0.0,0.02099056603773586,0.003826086956521646,0.2003927003927004,86.58,86.71,84.94,85.28,86.37,87.26
2021-05-18,2021-05-19,SZ002568,3,0.75,0.9695044472681067,0.9377382465057179,0.0,0.013258426966292314,0.0055006318293318035,0.09780439121756479,135.27,134.85,133.89,132.8,132.86,134.33
2021-05-18,2021-05-19,SH600809,4,0.7314814814814815,0.9809402795425667,0.951715374841169,0.0,0.006078271872740348,0.012484082226669191,0.09511510387422795,445.25,440.0,442.81,442.02,442.61,444.75
2021-05-18,2021-05-19,SH603225,5,0.6759259259259259,0.9453621346886912,0.8983481575603558,0.0,0.012513601741022784,0.0054024851431657694,0.08651262761955936,18.61,18.53,18.37,18.28,18.46,18.63
2021-05-19,2021-05-20,SZ300015,1,0.8541666666666666,0.9911054637865311,0.9695044472681067,0.0,0.014322580645161231,0.004600638977635851,0.18916168426408864,78.61,77.34,78.06,78.27,77.5,77.42
2021-05-19,2021-05-20,SZ002812,2,0.8541666666666666,0.9542566709021602,0.9072426937738246,0.0,0.07250361794500737,0.0031131564699513614,0.024153285656456802,148.22,145.21,149.48,148.42,147.3,147.72
2021-05-19,2021-05-20,SZ300274,3,0.8333333333333334,0.9834815756035579,0.9555273189326556,0.0,0.030561642255795274,0.003030643169828151,0.16506266786034018,89.36,89.6,91.23,89.22,88.32,88.46
2021-05-19,2021-05-20,SZ000858,4,0.6458333333333334,0.9440914866581956,0.8907242693773825,0.0,0.01724832214765093,0.0028450443297605155,0.08679158144751598,303.14,304.7,307.0,307.0,304.7,305.58
2021-05-19,2021-05-20,SH603355,5,0.5625,0.98856416772554,0.9860228716645489,1.0,0.015313935681469992,0.0003772161448509781,0.08333333333333326,53.04,52.85,54.05,54.18,53.8,54.65
2021-05-20,2021-05-21,SZ002812,1,0.9259259259259259,0.98856416772554,0.96569250317662,0.0,0.01005440396666879,0.005829104375257188,0.10615667825731245,146.67,149.25,146.85,147.32,147.59,145.12
2021-05-20,2021-05-21,SZ300146,2,0.8148148148148149,0.974587039390089,0.9440914866581956,0.0,0.04228571428571426,0.0027487630566243038,0.1631030701754388,36.48,36.3,36.28,36.06,35.97,35.86
2021-05-20,2021-05-21,SZ002191,3,0.5925925925925926,0.9085133418043202,0.8475222363405337,0.0,0.024747937671860676,0.0017921146953405742,0.07602862254025045,11.18,11.08,11.1,11.04,10.99,10.94
2021-05-20,2021-05-21,SH600862,4,0.5185185185185185,0.9123252858958069,0.8538754764930114,0.0,0.0034364261168384758,0.003091721058055663,0.09760273972602729,29.2,29.18,28.75,28.79,28.56,28.47
2021-05-20,2021-05-21,SH600489,5,0.5185185185185185,0.8831003811944091,0.8195679796696315,0.0,0.006486486486486642,0.003232758620689724,0.11278195488721798,9.31,9.23,9.28,9.33,9.3,9.26
2021-05-25,2021-05-26,SZ300146,1,0.8074074074074074,0.9949302915082383,0.9809402795425667,0.0,0.025000000000000133,0.005330490405117239,0.17656415694591732,37.72,37.75,37.31,37.03,36.95,37.12
2021-05-25,2021-05-26,SZ300015,2,0.7999999999999999,0.9923954372623575,0.9720457433290979,0.0,0.047426331099026164,0.003027734043841601,0.14706592610480573,82.82,82.12,82.37,81.57,82.18,81.64
2021-05-25,2021-05-26,SZ300274,3,0.7925925925925926,0.9898605830164765,0.9580686149936467,0.0,0.029472241261137677,0.00468227424749168,0.17643142476697715,90.12,90.0,88.82,89.7,88.7,88.15
2021-05-25,2021-05-26,SZ002511,4,0.7703703703703705,0.9556400506970849,0.9097839898348158,0.0,0.045707226683137536,0.004449718184514895,0.050206733608978205,33.86,33.9,34.31,34.41,34.01,33.97
2021-05-25,2021-05-26,SZ300014,5,0.7481481481481481,0.9936628643852978,0.9733163913595934,0.0,0.046868884540117284,0.0024360535931788885,0.14608841947845597,106.99,107.13,105.71,105.11,105.42,105.23
2021-05-26,2021-05-27,SH601838,1,0.8148148148148149,0.982256020278834,0.9504447268106735,0.0,0.02566037735849047,0.002952029520295163,0.07358351729212664,13.59,13.47,13.38,13.43,13.28,13.19
2021-05-26,2021-05-27,SZ002353,2,0.7962962962962963,0.973384030418251,0.9351969504447268,0.0,0.010092961487383922,0.005552617662612391,0.13831185905863785,38.03,37.6,37.31,37.46,37.25,37.1
2021-05-26,2021-05-27,SZ002153,3,0.7037037037037037,0.9594423320659062,0.9135959339263025,0.0,0.013228257810301125,0.003624198494563746,0.07111111111111112,36.0,35.51,36.28,36.53,36.61,37.31
2021-05-26,2021-05-27,SZ000869,4,0.6666666666666666,0.9505703422053232,0.9008894536213469,0.0,0.010795882500627574,0.003990024937655878,0.08817685047193247,40.26,39.9,40.3,40.2,40.54,40.97
2021-05-26,2021-05-27,SH601628,5,0.6296296296296297,0.9581749049429658,0.9110546378653113,0.0,0.009384487993375767,0.003842986549547067,0.09078479628110481,36.57,36.22,36.14,36.28,36.28,36.11
2021-05-27,2021-05-28,SZ002049,1,0.8828828828828829,0.9923954372623575,0.9669631512071156,0.0,0.02028305456747148,0.007925233644859864,0.07803575402418228,134.81,133.33,135.19,133.59,133.79,133.51
2021-05-27,2021-05-28,SH600500,2,0.8288288288288288,0.9797211660329531,0.9364675984752223,0.0,0.039453717754172946,0.004398826979472137,0.05839416058394176,6.85,6.87,6.82,6.83,6.82,6.8
2021-05-27,2021-05-28,SZ002353,3,0.7747747747747749,0.9581749049429658,0.8996188055908514,0.0,0.044680851063829685,0.004603580562659859,0.06288187372708753,39.28,39.0,39.31,39.05,39.04,38.82
2021-05-27,2021-05-28,SZ300003,4,0.7747747747747747,0.9505703422053232,0.8894536213468869,0.0,0.06662591687041575,0.004605641911341385,0.12636103151862477,34.9,34.86,34.64,34.54,34.46,34.47
2021-05-27,2021-05-28,SZ300124,5,0.7477477477477478,0.9809885931558935,0.9390088945362135,0.0,0.008247422680412342,0.006587072869493671,0.19089979550102254,97.8,96.79,97.86,98.43,98.27,97.78
2021-05-28,2021-05-31,SZ002353,1,0.9242424242424243,0.9784537389100126,0.9326556543837357,0.0,0.016666666666666607,0.007880020335536253,0.08776796973518297,39.65,39.91,39.27,38.75,38.66,38.48
2021-05-28,2021-05-31,SH603290,2,0.7727272727272728,0.9708491761723701,0.9237611181702668,0.0,0.02140170348912629,0.003781601869556006,0.08444801896376553,236.24,240.01,237.25,234.5,239.6,236.38
2021-05-28,2021-05-31,SH601628,3,0.7272727272727274,0.9683143219264893,0.9212198221092758,0.0,0.005785123966942196,0.006062276109120912,0.09832922486989881,36.51,36.27,36.13,36.08,36.05,36.03
2021-05-28,2021-05-31,SH600958,4,0.7121212121212123,0.9074778200253485,0.841168996188056,0.0,0.06820566631689395,0.005928853754940677,0.028487229862475427,10.18,10.1,10.17,10.32,10.33,10.28
2021-05-28,2021-05-31,SH601888,5,0.6515151515151515,0.9581749049429658,0.9034307496823379,0.0,0.0052631578947368585,0.0062046359166472165,0.10235602094240837,343.8,342.99,337.83,335.12,336.28,334.8
2021-05-31,2021-06-01,SZ002460,1,0.8888888888888888,0.9873257287705957,0.9542566709021602,0.0,0.055902663597500846,0.003986555147346138,0.01798505138586104,128.44,129.69,133.0,130.66,129.65,127.66
2021-05-31,2021-06-01,SH601865,2,0.8412698412698413,0.9302915082382763,0.8640406607369758,0.0,0.07820240622788388,0.00894039735099339,0.02166064981949467,30.47,30.55,31.07,31.45,31.85,31.55
2021-05-31,2021-06-01,SH600141,3,0.8095238095238096,0.9923954372623575,0.9834815756035579,1.0,0.015564202334630517,0.006057268722466924,0.07827038861521629,18.27,18.24,18.06,18.04,17.94,18.01
2021-05-31,2021-06-01,SZ002049,4,0.6666666666666666,0.9809885931558935,0.9364675984752223,0.0,0.04542042042042049,0.0015823922894340203,0.05220825852782762,139.25,138.0,139.1,140.1,140.36,143.18
2021-05-31,2021-06-01,SH600893,5,0.6507936507936507,0.9315589353612167,0.9529860228716646,1.0,0.05434995112414476,0.0024163568773234445,0.03597255701835711,53.93,53.97,53.89,54.11,53.96,53.35
2021-06-01,2021-06-02,SH600141,1,0.8024691358024691,0.9898605830164765,0.9834815756035579,1.0,0.019736842105263275,0.005949161709032147,0.07526881720430101,18.6,18.57,18.13,18.3,18.22,18.24
2021-06-01,2021-06-02,SH601865,2,0.7901234567901234,0.9759188846641318,0.9224904701397713,0.0,0.0363338788870704,0.004760393525864659,0.05527479469361962,31.66,31.43,31.26,31.69,31.36,30.94
2021-06-01,2021-06-02,SZ002371,3,0.7530864197530863,0.9619771863117871,0.9034307496823379,0.0,0.07643990205472151,0.003722638606244111,0.02373652457719322,202.22,200.65,202.6,205.0,206.1,200.02
2021-06-01,2021-06-02,SZ002273,4,0.7160493827160493,0.9378960709759189,0.8373570520965693,0.0,0.06392694063926929,0.0057553956834532904,0.03576537911301858,13.98,13.94,14.05,13.82,13.87,13.85
2021-06-01,2021-06-02,SZ000938,5,0.6790123456790124,0.9467680608365019,0.8856416772554002,0.0,0.09059405940594067,0.00273099681383715,0.0068088969586925785,22.03,21.8,21.74,21.62,21.7,21.69
2021-06-02,2021-06-03,SH600970,1,0.8627450980392156,0.9645120405576679,0.9112801013941698,0.0,0.015479876160990669,0.014432989690721598,0.09146341463414642,9.84,9.9,9.92,9.94,9.94,9.87
2021-06-02,2021-06-03,SH603198,2,0.8431372549019608,0.982256020278834,0.9391634980988594,0.0,0.014989779695661953,0.00880361173814892,0.10114119489818751,44.69,44.09,44.14,44.96,45.28,45.02
2021-06-02,2021-06-03,SZ000869,3,0.8039215686274509,0.9607097591888466,0.908745247148289,0.0,0.030549396403054763,0.00673886883273167,0.0676547932106144,41.83,41.57,41.48,41.43,41.51,41.52
2021-06-02,2021-06-03,SZ002371,4,0.7450980392156863,0.9797211660329531,0.9366286438529785,0.0,0.012210316471467753,0.006941001487357434,0.09404234367306752,203.1,202.0,199.3,198.49,201.42,202.91
2021-06-02,2021-06-03,SZ002460,5,0.7058823529411765,0.9949302915082383,0.9670468948035488,0.0,0.0027865933895814265,0.010530421216848884,0.08838286375916615,129.55,128.83,127.61,126.86,125.86,125.56
2021-06-03,2021-06-04,SZ000938,1,0.9555555555555556,0.983502538071066,0.9378172588832487,0.0,0.059562587249883725,0.007522123893805244,0.03952569169960474,22.77,22.3,23.1,23.2,22.83,22.87
2021-06-03,2021-06-04,SZ002352,2,0.7555555555555555,0.9403553299492385,0.8781725888324873,0.0,0.031542699724518064,0.005099986578982696,0.06623047135799154,74.89,73.8,74.18,74.58,75.68,75.78
2021-06-03,2021-06-04,SH600763,3,0.6888888888888888,0.9746192893401016,0.9251269035532995,0.0,0.03139399322711367,0.0025903240603328825,0.07729364588099163,371.57,371.0,368.35,369.0,369.85,368.7
2021-06-03,2021-06-04,SZ000860,4,0.6888888888888888,0.8959390862944162,0.8274111675126904,0.0,0.041146900018618426,0.00920411478072558,0.06938483547925589,55.92,54.95,55.02,55.67,56.36,56.3
2021-06-03,2021-06-04,SZ002250,5,0.6666666666666666,0.949238578680203,0.8895939086294417,0.0,0.02472952086553315,0.00302571860816947,0.06259426847662142,26.52,26.9,26.96,27.08,27.1,27.62
2021-06-07,2021-06-08,SH600765,1,0.8712121212121211,0.9758883248730964,0.949238578680203,0.0,0.04480457578646346,0.006427915518824712,0.03877737226277356,21.92,21.81,22.14,22.01,22.44,22.23
2021-06-07,2021-06-08,SH600436,2,0.7727272727272728,0.9733502538071066,0.9454314720812182,0.0,0.034049382716049514,0.004075858927329978,0.05747510685546464,418.79,416.99,414.93,414.61,419.0,414.24
2021-06-07,2021-06-08,SZ002304,3,0.7272727272727272,0.9822335025380711,0.9581218274111675,0.0,0.00848484848484854,0.00713328433703686,0.0858087225274724,232.96,232.12,228.38,230.0,231.4,227.86
2021-06-07,2021-06-08,SH600809,4,0.7272727272727272,0.9670050761421319,0.9276649746192893,0.0,0.03857278624850213,0.002892825792035758,0.04859853985557705,502.69,498.0,490.66,495.7,500.9,496.2
2021-06-07,2021-06-08,SH600893,5,0.6893939393939394,0.9695431472081218,0.9860406091370558,1.0,0.0066006600660066805,0.007578701904391805,0.0846673095467696,51.85,51.5,51.65,52.35,52.66,51.84
2021-06-08,2021-06-09,SH600893,1,0.9722222222222222,0.9822335025380711,0.9885786802030457,1.0,0.07553398058252436,0.03455360478147185,0.03267737858819286,55.39,56.5,56.91,56.29,55.94,55.96
2021-06-08,2021-06-09,SH600316,2,0.8194444444444445,0.9263959390862944,0.9708121827411168,1.0,0.04564315352697079,0.017924766473112808,0.0637400793650793,40.32,41.0,41.26,40.72,40.5,40.55
2021-06-08,2021-06-09,SZ000738,3,0.7916666666666666,0.9479695431472082,0.9098984771573604,0.0,0.029535864978903037,0.011981566820276512,0.0719489981785062,21.96,22.16,22.09,21.91,21.79,21.74
2021-06-08,2021-06-09,SZ002594,4,0.6944444444444445,0.9911167512690355,0.9733502538071066,0.0,0.049536082474226806,0.0011308879929197158,0.02838760375227145,203.61,202.9,200.14,201.4,200.8,200.4
2021-06-08,2021-06-09,SH603893,5,0.6805555555555555,0.9543147208121827,0.9771573604060914,1.0,0.01691542288557213,0.0059055118110236116,0.09735812133072419,102.2,102.38,105.5,105.7,106.47,104.99
2021-06-09,2021-06-10,SH603893,1,0.8611111111111112,0.9708121827411168,0.9847715736040609,1.0,0.034381715178746,0.007036896158235217,0.06364494806421139,105.9,102.91,105.87,104.21,104.42,106.36
2021-06-09,2021-06-10,SZ300347,2,0.8148148148148149,0.9720812182741116,0.9467005076142132,0.0,0.029941117653593974,0.004932249322493254,0.1867752548406234,185.41,185.02,187.37,186.72,186.8,185.16
2021-06-09,2021-06-10,SH600660,3,0.75,0.9073604060913706,0.8743654822335025,0.0,0.05904546312016601,0.0073568993360848545,0.05272532953330966,56.14,55.3,56.13,56.54,55.91,55.71
2021-06-09,2021-06-10,SZ300207,4,0.7407407407407408,1.0,0.9936548223350253,0.0,0.004518072289156683,0.008162031438935902,0.18740629685157417,33.35,32.9,33.17,32.93,33.42,33.36
2021-06-09,2021-06-10,SZ002153,5,0.7314814814814815,0.9873096446700508,0.9631979695431472,0.0,0.0238473767885532,0.0038971161340608518,0.07556935817805388,38.64,38.7,38.41,38.2,38.43,38.51
2021-06-10,2021-06-11,SZ300223,1,0.8160919540229884,0.9720812182741116,0.9949238578680203,1.0,0.0634420697412823,0.0055307381408211675,0.14734503913687313,94.54,93.5,92.94,92.85,94.87,92.3
2021-06-10,2021-06-11,SH600970,2,0.8160919540229884,0.9314720812182741,0.8642131979695431,0.0,0.0766839378238342,0.0146484375,0.024061597690086645,10.39,10.45,10.61,10.53,10.59,10.44
2021-06-10,2021-06-11,SZ002371,3,0.7816091954022989,0.998730964467005,0.9873096446700508,0.0,0.03872593950504122,0.0028761061946902533,0.05334215751158178,226.65,227.0,224.76,223.3,223.99,222.67
2021-06-10,2021-06-11,SZ002268,4,0.689655172413793,0.950507614213198,0.9238578680203046,0.0,0.032835820895522394,0.005813953488372103,0.05876685934489401,20.76,20.49,20.24,20.03,20.07,20.14
2021-06-10,2021-06-11,SH600893,5,0.6781609195402298,0.9923857868020305,0.9911167512690355,1.0,0.010791366906474753,0.003213138164941176,0.09145907473309611,56.2,55.99,55.75,56.33,55.78,55.5
2021-06-11,2021-06-15,SH600500,1,0.7777777777777778,0.9302030456852792,0.899746192893401,0.0,0.04558404558404572,0.006858710562414272,0.05177111716621252,7.34,7.32,7.41,7.53,7.48,7.36
2021-06-11,2021-06-15,SZ300223,2,0.7222222222222222,0.983502538071066,0.9961928934010152,1.0,0.010267379679144373,0.0032926181625065887,0.19966123226762655,94.46,92.79,91.5,92.83,93.61,94.8
2021-06-11,2021-06-15,SH603290,3,0.6666666666666666,0.9746192893401016,0.9555837563451777,0.0,0.0032626427406199365,0.012345679012345734,0.08581300813008141,246.0,242.27,242.0,244.0,243.01,241.11
2021-06-11,2021-06-15,SZ002625,4,0.5,0.8845177664974619,0.9568527918781726,1.0,0.10989533777354898,0.0008580008580008069,0.006858122588941251,23.33,23.5,23.99,23.58,23.3,23.59
2021-06-11,2021-06-15,SZ002010,5,0.4444444444444444,0.8578680203045685,0.9428934010152284,1.0,0.020645161290322678,0.0025348542458809575,0.03792667509481684,7.91,7.93,7.87,7.77,7.96,7.88
2021-06-15,2021-06-16,SH601799,1,0.8333333333333334,0.9784263959390863,0.9568527918781726,0.0,0.029595765158806353,0.002530340658825736,0.07852301939705542,213.95,211.5,207.39,207.2,205.61,207.12
2021-06-15,2021-06-16,SZ300413,2,0.7222222222222222,0.8464467005076142,0.8045685279187818,0.0,0.07240930770342535,0.0029737766964044177,0.1289757412398922,74.2,73.59,71.95,71.4,71.7,71.41
2021-06-15,2021-06-16,SH603225,3,0.6666666666666666,0.9517766497461929,0.9175126903553299,0.0,0.0009828009828010131,0.005429417571569672,0.1026018654884635,20.37,20.21,20.26,20.28,20.3,20.18
2021-06-15,2021-06-16,SZ002916,4,0.5,0.9416243654822335,0.8921319796954315,0.0,0.012211221122112148,0.00010869565217386246,0.08357787197043787,92.01,91.88,92.2,92.88,92.74,94.7
2021-06-15,2021-06-16,SH603712,5,0.4444444444444444,0.9213197969543148,0.8807106598984772,0.0,0.010512129380053858,0.0008008542445274713,0.07095225393438231,37.49,37.55,37.3,37.29,37.53,37.38
2021-06-23,2021-06-24,SH601689,1,0.8888888888888888,0.9592875318066157,0.9541984732824428,1.0,0.033365806137359844,0.002362390739428344,0.07518265378270095,42.43,42.0,42.25,41.94,41.86,41.67
2021-06-23,2021-06-24,SZ002387,2,0.6666666666666666,0.9541984732824428,0.9185750636132316,0.0,0.020289855072463947,0.0009478672985780978,0.07670454545454541,10.56,10.57,10.63,10.54,10.49,10.49
2021-06-23,2021-06-24,SH600196,3,0.6666666666666666,0.851145038167939,0.8002544529262087,0.0,0.017009318148202945,0.003649102320829156,0.07547993019197197,68.76,69.0,67.78,67.32,67.51,68.0
2021-06-23,2021-06-24,SZ300002,4,0.5555555555555555,0.9083969465648855,0.861323155216285,0.0,0.016161616161616266,0.0019920318725101804,0.1789264413518885,5.03,4.98,4.95,4.95,4.93,4.93
2021-06-23,2021-06-24,SZ001872,5,0.5555555555555555,0.8765903307888041,0.8256997455470738,0.0,0.004819277108433662,0.0024038461538460343,0.09832134292565953,16.68,16.75,16.82,16.65,16.76,16.91
2021-06-24,2021-06-25,SZ300324,1,0.9047619047619048,0.9961880559085133,0.9701397712833545,0.0,0.101123595505618,0.002044989775051187,0.07755102040816331,4.9,4.8,4.75,4.75,4.68,4.67
2021-06-24,2021-06-25,SH600755,2,0.7142857142857143,0.9339263024142312,0.8945362134688691,0.0,0.06163522012578615,0.002375296912114022,0.034360189573459765,8.44,8.31,8.15,8.13,8.16,8.18
2021-06-24,2021-06-25,SZ002075,3,0.6666666666666666,0.951715374841169,0.9110546378653113,0.0,0.09204647006255606,0.0008190008190007703,0.00572831423895237,12.22,12.11,12.19,11.99,12.1,12.0
2021-06-24,2021-06-25,SH600436,4,0.5714285714285714,0.9301143583227446,0.8869123252858958,0.0,0.004435625072954252,0.002913752913752843,0.0951539802440442,430.25,432.3,436.4,433.0,436.73,441.0
2021-06-24,2021-06-25,SZ002242,5,0.4761904761904761,0.8691232528589581,0.820838627700127,0.0,0.040202501488981524,0.002008032128514081,0.05811623246492981,34.93,34.93,34.83,34.96,35.03,34.77
2021-06-25,2021-06-28,SZ002371,1,0.9166666666666666,0.9987293519695044,0.9936467598475223,1.0,0.03323959065697979,0.0047477970221816435,0.07254375685177505,264.53,266.0,270.67,270.0,271.92,270.5
2021-06-25,2021-06-28,SZ000825,2,0.6875,0.8284625158831004,0.866581956797967,1.0,0.04400000000000004,0.006426735218509005,0.03703703703703698,7.83,7.72,7.66,7.79,7.96,7.85
2021-06-25,2021-06-28,SH600884,3,0.6666666666666666,0.9822109275730623,0.96569250317662,1.0,0.0032879286049789513,0.003759398496240518,0.10065543071161054,21.36,21.41,21.25,21.3,21.28,21.36
2021-06-25,2021-06-28,SH603355,4,0.6666666666666666,0.9555273189326556,0.9123252858958069,0.0,0.016841072596468276,0.0024177949709864865,0.08457951439138123,62.19,62.19,62.02,61.58,61.0,60.51
2021-06-25,2021-06-28,SZ002985,5,0.6041666666666666,0.8818297331639136,0.8259212198221093,0.0,0.016366778489376843,0.005430410297666999,0.0788157631526305,99.98,99.91,99.8,100.28,100.09,101.18
2021-06-28,2021-06-29,SZ300376,1,0.9259259259259259,0.9961928934010152,0.9644670050761421,0.0,0.03850931677018621,0.0072289156626503814,0.16387559808612462,8.36,8.23,8.17,8.1,8.13,8.05
2021-06-28,2021-06-29,SH600563,2,0.9259259259259259,0.9860406091370558,0.9517766497461929,0.0,0.08215258855585827,0.005252167310004552,0.027571446556716506,158.86,158.0,156.11,155.12,155.83,154.0
2021-06-28,2021-06-29,SZ002594,3,0.8395061728395062,0.9911167512690355,0.9885786802030457,1.0,0.03359320788603615,0.0048412698412698685,0.06425242871811077,253.22,257.4,254.85,253.5,257.14,257.37
2021-06-28,2021-06-29,SH600060,4,0.8024691358024691,0.9873096446700508,0.9873096446700508,1.0,0.04228707564026202,0.0034403669724769603,0.037142857142857144,17.5,17.43,17.39,17.34,17.26,17.09
2021-06-28,2021-06-29,SH603605,5,0.7407407407407408,0.9276649746192893,0.8743654822335025,0.0,0.028915277703818187,0.006668750651245281,0.06236414449849925,193.22,193.3,197.9,197.5,195.54,193.71
2021-06-30,2021-07-01,SH600563,1,0.9444444444444445,0.9847715736040609,0.9517766497461929,0.0,0.0706727889798362,0.020487124191297612,0.033998383989060965,160.89,158.36,156.7,154.69,154.25,152.6
2021-06-30,2021-07-01,SZ002223,2,0.7999999999999999,0.9898477157360406,0.9631979695431472,0.0,0.036235803136830835,0.004719454640797149,0.061586638830897655,38.32,38.59,38.2,38.22,38.0,38.09
2021-06-30,2021-07-01,SH603290,3,0.7666666666666666,0.9441624365482234,0.9708121827411168,1.0,0.07744107744107742,0.0039215686274509665,0.008750000000000036,320.0,314.7,310.0,309.03,309.94,310.23
2021-06-30,2021-07-01,SZ300166,4,0.7333333333333334,0.8972081218274112,0.9695431472081218,1.0,0.07445887445887434,0.013061224489795853,0.14262691377921022,12.41,12.59,12.46,12.31,12.98,12.92
2021-06-30,2021-07-01,SH600348,5,0.6888888888888888,0.9200507614213198,0.9365482233502538,1.0,0.03776223776223775,0.01089918256130784,0.049865229110512166,7.42,7.33,7.46,7.6,7.69,7.68
2021-07-02,2021-07-05,SH601828,1,0.9583333333333334,0.9707750952986023,0.9682337992376112,1.0,0.08837970540098206,0.04313725490196085,0.018796992481203034,13.3,13.03,13.13,13.36,13.18,12.77
2021-07-02,2021-07-05,SH601238,2,0.7083333333333334,0.9047013977128335,0.8373570520965693,0.0,0.031372549019607954,0.003816793893129722,0.0714828897338402,13.15,13.16,13.25,13.38,13.33,13.32
2021-07-02,2021-07-05,SH600584,3,0.5833333333333334,0.8983481575603558,0.8526048284625158,0.0,0.010852713178294504,0.004364569961488929,0.05700408997955031,39.12,39.55,38.64,39.4,38.96,38.42
2021-07-02,2021-07-05,SH601598,4,0.5416666666666666,0.8792884371029225,0.829733163913596,0.0,0.024193548387096753,0.0019723865877712132,0.07874015748031504,5.08,5.04,5.2,5.17,5.09,5.12
2021-07-02,2021-07-05,SZ002396,5,0.5,0.8729351969504447,0.8246505717916137,0.0,0.008466603951081897,0.005157055789967391,0.10074626865671643,21.44,21.3,21.21,21.13,21.26,21.16
2021-07-07,2021-07-08,SH600563,1,0.888888888888889,0.9784263959390863,0.934010152284264,0.0,0.05918918918918914,0.006549377167073267,0.04478183210002551,156.76,156.01,155.0,157.21,157.82,157.0
2021-07-07,2021-07-08,SZ300618,2,0.6666666666666666,0.8730964467005076,0.8185279187817259,0.0,0.0873166114529107,0.004920721705850228,0.12034820457018491,91.9,91.0,92.57,93.66,94.88,93.73
2021-07-07,2021-07-08,SZ002594,3,0.6444444444444445,0.9860406091370558,0.9796954314720813,1.0,0.04745901639344274,0.0011751801942965212,0.07813600438218948,255.58,253.0,258.88,260.45,259.32,260.81
2021-07-07,2021-07-08,SZ300182,4,0.6222222222222222,0.9048223350253807,0.9758883248730964,1.0,0.013833992094861802,0.011834319526627057,0.20077972709551672,5.13,5.1,5.02,5.01,5.04,5.28
2021-07-07,2021-07-08,SH603392,5,0.6,0.9251269035532995,0.8807106598984772,0.0,0.020824329102982153,0.004251865022612211,0.09072014164196918,259.81,259.0,259.71,260.68,262.35,259.38
2021-07-12,2021-07-13,SZ300124,1,0.8809523809523809,0.9949238578680203,0.9670050761421319,0.0,0.033333333333333215,0.00749999999999984,0.17915632754342448,80.6,79.08,78.82,78.34,79.01,77.63
2021-07-12,2021-07-13,SH600563,2,0.7619047619047619,0.983502538071066,0.9441624365482234,0.0,0.05549468256525936,0.0018353113911659946,0.0371275036638985,163.76,166.0,162.81,161.47,161.87,160.58
2021-07-12,2021-07-13,SH603486,3,0.6428571428571429,0.9809644670050761,0.9428934010152284,0.0,0.006636061997181919,0.003579844118180242,0.11369485709125393,221.47,220.44,227.07,227.79,225.69,228.4
2021-07-12,2021-07-13,SZ300296,4,0.5952380952380952,0.9771573604060914,0.934010152284264,0.0,0.012956419316843215,0.002331002331002363,0.18023255813953498,8.6,8.62,8.54,8.48,8.49,8.44
2021-07-12,2021-07-13,SH603195,5,0.5952380952380952,0.9555837563451777,0.8959390862944162,0.0,0.0015748031496063408,0.00810144417048253,0.0857791754018169,228.96,224.73,225.79,227.55,228.69,223.62
2021-07-13,2021-07-14,SZ002340,1,0.8974358974358975,0.9479695431472082,0.9530456852791879,1.0,0.04166666666666674,0.01744186046511631,0.066938775510204,12.25,12.0,11.87,11.81,11.83,11.8
2021-07-13,2021-07-14,SZ002129,2,0.8461538461538461,0.9936548223350253,0.9822335025380711,1.0,0.02299685306221244,0.004994054696789485,0.08518693800283961,42.26,42.01,41.65,41.75,41.71,41.46
2021-07-13,2021-07-14,SH600765,3,0.6666666666666666,0.9200507614213198,0.8591370558375635,0.0,0.00917030567685595,0.005219660722053154,0.0990913024664648,23.11,22.8,22.79,22.83,22.87,22.65
2021-07-13,2021-07-14,SZ002920,4,0.6666666666666666,0.8946700507614214,0.8324873096446701,0.0,0.02980613203518656,0.004833333333333245,0.07190247138828987,120.58,110.0,108.93,108.93,108.93,108.93
2021-07-13,2021-07-14,SH600160,5,0.6153846153846154,0.934010152284264,0.9251269035532995,1.0,0.05703771849126049,0.0008710801393727596,0.06353350739773722,11.49,11.35,11.54,11.49,11.38,11.48
2021-07-14,2021-07-15,SH603486,1,0.75,0.9746192893401016,0.9289340101522843,0.0,0.04169489994127473,0.0012591724197819065,0.099522983521249,230.6,229.27,236.28,235.56,237.78,243.82
2021-07-14,2021-07-15,SH600132,2,0.625,0.916243654822335,0.8451776649746193,0.0,0.03517640863612437,0.0029591836734694787,0.06318038457625397,196.58,197.55,202.99,201.24,199.92,200.47
2021-07-14,2021-07-15,SH603077,3,0.625,0.9149746192893401,0.8413705583756346,0.0,0.032110091743119185,0.004464285714285587,0.06222222222222218,2.25,2.23,2.22,2.24,2.25,2.23
2021-07-14,2021-07-15,SH600060,4,0.625,0.9073604060913706,0.9302030456852792,1.0,0.015862524785194898,0.009192383453709763,0.08132726089785303,15.37,15.36,14.81,15.09,15.19,14.95
2021-07-14,2021-07-15,SH603156,5,0.5833333333333334,0.8946700507614214,0.8197969543147208,0.0,0.03961060758643842,0.0042153047989623715,0.06490151759767504,30.97,30.74,30.58,30.48,30.61,30.86
2021-07-15,2021-07-16,SZ002812,1,0.8695652173913043,1.0,0.9873257287705957,1.0,0.10582697614023684,0.0023908485673298507,0.019264641127256787,272.52,269.81,260.75,261.71,263.66,260.61
2021-07-15,2021-07-16,SZ002408,2,0.8260869565217391,0.9771863117870723,0.9049429657794676,0.0,0.03389830508474567,0.005243445692883819,0.07600596125186287,13.42,13.52,13.35,13.35,13.54,13.62
2021-07-15,2021-07-16,SH600132,3,0.782608695652174,0.9531051964512041,0.8910012674271229,0.0,0.0346747658820552,0.003929273084479323,0.06286692759295498,204.4,203.0,200.22,200.77,199.18,200.26
2021-07-15,2021-07-16,SZ000960,4,0.7101449275362318,0.8846641318124208,0.8225602027883396,0.0,0.042630937880633324,0.008244994110718551,0.05490654205607459,17.12,17.24,17.38,17.73,18.3,18.16
2021-07-15,2021-07-16,SZ002371,5,0.6521739130434782,0.9898605830164765,0.9759188846641318,1.0,0.06092651757188494,0.00015059333775080397,0.04884512301623167,332.07,328.0,334.09,339.89,347.58,344.1
2021-07-16,2021-07-19,SZ002064,1,0.9047619047619048,0.9898605830164765,0.9340937896070975,0.0,0.030728122912491607,0.002599090318388564,0.06351263771872984,15.43,15.55,15.51,15.26,15.32,15.17
2021-07-16,2021-07-19,SH600216,2,0.7142857142857143,0.9100126742712294,0.8479087452471483,0.0,0.02582582582582571,0.00411522633744843,0.0427400468384076,17.08,17.35,17.76,17.83,18.03,17.96
2021-07-16,2021-07-19,SH600782,3,0.6190476190476191,0.9847908745247148,0.944233206590621,1.0,0.018309859154929775,0.00277392510402219,0.08852005532503449,7.23,7.33,7.25,7.27,7.14,7.18
2021-07-16,2021-07-19,SZ002110,4,0.619047619047619,0.8745247148288974,0.8314321926489227,1.0,0.02822085889570558,0.0011947431302272715,0.07637231503579933,8.38,8.53,8.52,8.52,8.47,8.52
2021-07-16,2021-07-19,SH600787,5,0.42857142857142855,0.8288973384030418,0.8086185044359949,1.0,0.020676691729323293,0.0018450184501843658,0.07550644567219167,5.43,5.42,5.46,5.52,5.57,5.62
2021-07-20,2021-07-21,SZ300296,1,0.823529411764706,0.9391634980988594,0.8605830164765526,0.0,0.09343715239154604,0.035827186512118026,0.11698880976602233,9.83,9.85,9.93,9.94,9.84,9.93
2021-07-20,2021-07-21,SH603799,2,0.8039215686274509,0.9873257287705957,0.9771863117870723,1.0,0.04589147286821693,0.004616530156366094,0.056626148828935685,134.92,136.0,136.01,134.45,135.99,138.79
2021-07-20,2021-07-21,SH601100,3,0.7647058823529411,0.9974651457541192,0.9835234474017744,1.0,0.00990000000000002,0.00557602310066696,0.1097138330527776,100.99,101.55,101.3,102.93,102.58,100.9
2021-07-20,2021-07-21,SH603077,4,0.7647058823529411,0.9847908745247148,0.9366286438529785,0.0,0.05579399141630903,0.004081632653061051,0.05691056910569103,2.46,2.48,2.47,2.46,2.45,2.44
2021-07-20,2021-07-21,SZ000990,5,0.607843137254902,0.9746514575411914,0.9138149556400507,0.0,0.027891156462585,0.003986710963455042,0.08735936465916616,15.11,15.14,15.08,15.05,15.06,15.02
2021-07-22,2021-07-23,SZ002249,1,0.9499999999999998,0.9797211660329531,0.9556400506970849,1.0,0.07132243684992567,0.009803921568627416,0.006934812760055475,7.21,7.13,7.17,7.26,7.3,7.39
2021-07-22,2021-07-23,SZ002493,2,0.85,0.991128010139417,0.9366286438529785,0.0,0.01856375183194925,0.009685230024213176,0.052757793764987904,20.85,21.01,21.15,21.35,21.28,21.47
2021-07-22,2021-07-23,SZ002110,3,0.7333333333333334,0.9112801013941698,0.9226869455006337,1.0,0.07028360049321836,0.005793742757821407,0.03571428571428581,8.68,8.79,8.78,8.84,8.84,8.91
2021-07-22,2021-07-23,SZ300059,4,0.6166666666666667,0.9024081115335868,0.8276299112801014,0.0,0.015702239022971742,0.010121457489878694,0.17463498425422275,34.93,35.1,34.5,34.36,34.49,34.43
2021-07-22,2021-07-23,SZ300014,5,0.6,0.9721166032953105,0.9100126742712294,0.0,0.00414673046252001,0.005509861854188225,0.1836086404066073,125.92,129.94,129.57,129.49,130.15,129.36
2021-07-23,2021-07-26,SH601100,1,0.7777777777777777,0.991128010139417,0.9746514575411914,1.0,0.00555023923444975,0.006609828527636807,0.09392843547773122,105.08,103.45,103.57,101.61,102.06,102.59
2021-07-23,2021-07-26,SH600022,2,0.7407407407407408,0.9771863117870723,0.917617237008872,0.0,0.01941747572815533,0.004784688995215447,0.08095238095238089,2.1,2.1,2.1,2.06,2.09,2.08
2021-07-23,2021-07-26,SH600307,3,0.5555555555555555,0.9556400506970849,0.8897338403041825,0.0,0.00366300366300365,0.00366300366300365,0.0948905109489051,2.74,2.75,2.77,2.74,2.75,2.72
2021-07-23,2021-07-26,SH600765,4,0.5555555555555555,0.8593155893536122,0.8732572877059569,1.0,0.0354234527687296,0.0031558185404338968,0.07628784899724739,25.43,26.0,25.72,25.79,26.42,27.05
2021-07-23,2021-07-26,SZ000960,5,0.5185185185185185,0.9290240811153359,0.8656527249683144,0.0,0.024932249322493272,0.001058761249338236,0.0401903754627182,18.91,19.05,19.1,18.88,18.98,19.28
2021-07-26,2021-07-27,SH600409,1,0.7619047619047619,0.9581749049429658,0.9518377693282636,1.0,0.027861445783132543,0.008124076809453484,0.08278388278388271,13.65,13.55,13.79,13.91,13.92,13.66
2021-07-26,2021-07-27,SZ002812,2,0.7380952380952381,0.982256020278834,0.9138149556400507,0.0,0.015265078679904232,0.008851627997660483,0.10621521335807027,258.72,256.96,255.54,259.0,261.87,258.8
2021-07-26,2021-07-27,SH603986,3,0.7380952380952381,0.9366286438529785,0.8631178707224335,0.0,0.016664118636294134,0.01526717557251911,0.08075187969924813,199.5,205.0,206.0,208.0,206.0,206.19
2021-07-26,2021-07-27,SZ000990,4,0.6428571428571428,0.9657794676806084,0.8948035487959443,0.0,0.003285151116951379,0.009920634920634885,0.08840864440078589,15.27,15.45,14.72,14.54,14.8,15.0
2021-07-26,2021-07-27,SZ000758,5,0.5952380952380952,0.9252217997465145,0.9024081115335868,1.0,0.0034662045060658286,0.014010507880910739,0.09671848013816908,5.79,5.9,5.94,5.92,5.97,5.88
2021-08-03,2021-08-04,SH600486,1,1.0,0.984375,0.88671875,0.0,0.04372481719146393,0.010766673892622425,0.0616242493565915,139.88,138.0,136.66,138.45,137.62,138.06
2021-08-03,2021-08-04,SZ002180,2,0.7777777777777778,0.9166666666666666,0.91015625,0.0,0.03515084417381664,0.004296455424274814,0.06096256684491985,37.4,37.13,38.78,38.5,39.55,40.0
2021-08-03,2021-08-04,SH600845,3,0.5555555555555555,0.90625,0.8736979166666666,1.0,0.018857142857142684,0.003658879819870453,0.05931015143017393,71.32,71.41,68.68,68.71,70.25,72.28
2021-08-03,2021-08-04,SZ000988,4,0.5,0.9752604166666666,0.9479166666666666,1.0,0.013443640124094935,0.002044989775051187,0.10306122448979593,29.4,29.74,29.85,29.8,30.05,29.85
2021-08-03,2021-08-04,SH600989,5,0.3888888888888889,0.9153645833333334,0.8919270833333334,1.0,0.0160493827160495,0.0006079027355623268,0.09295261239368147,16.46,16.0,16.15,16.22,16.16,16.24
2021-08-04,2021-08-05,SZ002821,1,0.8888888888888888,0.99609375,0.9309895833333334,0.0,0.03200000000000003,0.013302162478082913,0.056201550387597,433.44,427.31,433.2,424.5,431.79,436.33
2021-08-04,2021-08-05,SZ000400,2,0.7777777777777778,0.9869791666666666,0.921875,0.0,0.022433718558803495,0.006693440428380271,0.09773936170212782,15.04,15.11,15.04,15.2,15.17,15.29
2021-08-04,2021-08-05,SH600563,3,0.7666666666666667,0.9817708333333334,0.9049479166666666,0.0,0.02876480541455151,0.006067291781577389,0.06743421052631571,182.4,183.0,179.11,179.23,179.3,178.72
2021-08-04,2021-08-05,SH603712,4,0.7666666666666666,0.9921875,0.9283854166666666,0.0,0.018872549019607998,0.0072692028107583795,0.09020928554245855,41.57,41.59,42.35,42.78,42.22,41.92
2021-08-04,2021-08-05,SZ300024,5,0.7444444444444445,0.9036458333333334,0.97265625,1.0,0.05504587155963314,0.01024890190336758,0.15289855072463765,13.8,13.26,13.34,13.32,13.4,13.15
2021-08-05,2021-08-06,SZ000738,1,0.7708333333333334,0.951885565669701,0.8426527958387516,0.0,0.06820234869015351,0.0038200339558573937,0.017758985200845734,23.65,23.6,23.49,23.58,23.88,23.72
2021-08-05,2021-08-06,SZ002414,2,0.7708333333333334,0.9492847854356307,0.8374512353706112,0.0,0.0495152354570636,0.007981376787495886,0.04717914879577689,30.31,30.09,30.32,30.21,30.39,30.46
2021-08-05,2021-08-06,SH600875,3,0.7083333333333334,0.9401820546163849,0.811443433029909,0.0,0.02763385146804831,0.011045029736618694,0.07310924369747895,11.9,12.0,12.04,12.16,12.15,12.4
2021-08-05,2021-08-06,SZ300274,4,0.6875,0.9219765929778934,0.9726918075422627,1.0,0.04519999999999991,0.02820041972717746,0.17336394948335254,156.78,153.03,155.08,151.76,151.4,158.49
2021-08-05,2021-08-06,SZ000400,5,0.625,0.9869960988296489,0.8972691807542262,0.0,0.0059563203176704604,0.0072895957587806315,0.08552631578947367,15.2,15.15,14.92,14.82,14.74,14.87
2021-08-06,2021-08-09,SH603712,1,0.7708333333333334,0.988296488946684,0.9063719115734721,0.0,0.01688867745004763,0.004700352526439522,0.08163742690058484,42.75,43.1,43.85,42.71,42.65,42.35
2021-08-06,2021-08-09,SZ002266,2,0.75,0.9440832249674902,0.8374512353706112,0.0,0.054249547920433905,0.006908462867012188,0.037735849056603765,5.83,5.84,5.91,5.83,5.86,5.76
2021-08-06,2021-08-09,SZ002745,3,0.6875,0.9856957087126138,0.9453836150845254,1.0,0.00591715976331364,0.008902077151335286,0.10235294117647054,17.0,17.27,16.84,16.73,16.7,16.72
2021-08-06,2021-08-09,SH600563,4,0.6875,0.9583875162548765,0.8517555266579974,0.0,0.01568736141906868,0.005653128430296306,0.08601211591988212,183.23,183.72,179.0,178.0,178.48,179.91
2021-08-06,2021-08-09,SH600760,5,0.6458333333333334,0.9830949284785435,0.8894668400520156,0.0,0.0037669850665948967,0.012072707542051031,0.10816244471250513,74.61,74.62,74.89,75.2,74.8,75.41
2021-08-09,2021-08-10,SZ300223,1,0.7666666666666666,0.9986996098829649,0.9934980494148244,1.0,0.046111360863142936,0.0025850926324859635,0.1896371784639943,162.89,165.03,160.26,159.81,161.66,160.0
2021-08-09,2021-08-10,SH601100,2,0.7555555555555555,0.9791937581274383,0.9635890767230169,1.0,0.048980696373804866,0.003105322177175962,0.05924843064751917,116.29,115.77,114.68,114.52,112.98,112.4
2021-08-09,2021-08-10,SZ002281,3,0.7222222222222222,0.9700910273081924,0.8660598179453837,0.0,0.020370370370370372,0.0043747721472839896,0.08203266787658792,27.55,27.29,27.21,27.14,27.25,27.15
2021-08-09,2021-08-10,SZ000400,4,0.7000000000000001,0.9869960988296489,0.8920676202860858,0.0,0.031936127744510934,0.0025856496444731647,0.05802707930367501,15.51,15.33,15.45,15.72,16.26,16.2
2021-08-09,2021-08-10,SH600409,5,0.7000000000000001,0.9583875162548765,0.8543563068920677,0.0,0.04479999999999995,0.003843197540353671,0.02833078101071962,13.06,12.92,13.26,13.17,13.18,13.06
2021-08-10,2021-08-11,SH603712,1,0.9047619047619048,0.9973958333333334,0.9700520833333334,0.0,0.09788732394366195,0.005374032674118734,0.0295060936497753,46.77,46.1,46.18,46.59,46.52,46.29
2021-08-10,2021-08-11,SZ002985,2,0.8571428571428571,0.9921875,0.9778645833333334,1.0,0.05270723526593191,0.006566890653634694,0.04984069185252604,131.82,132.18,129.36,132.8,131.0,131.8
2021-08-10,2021-08-11,SZ000547,3,0.7857142857142857,0.99609375,0.9661458333333334,0.0,0.013992129427197186,0.008699434536755257,0.09573091849935311,23.19,23.1,22.87,23.36,23.1,22.91
2021-08-10,2021-08-11,SH600845,4,0.6666666666666666,0.9583333333333334,0.9140625,1.0,0.010717956247247251,0.011906511833014832,0.10270191748983137,68.84,68.71,68.34,68.0,68.06,67.42
2021-08-10,2021-08-11,SH600875,5,0.6547619047619048,0.9739583333333334,0.8606770833333334,0.0,0.025041736227044975,0.004088307440719419,0.08306188925081437,12.28,12.65,12.45,12.57,12.55,12.43
2021-08-11,2021-08-12,SZ002985,1,0.8666666666666667,0.9934895833333334,0.98828125,1.0,0.006430624905432003,0.01171191725606513,0.09479064872585119,133.03,131.51,132.06,130.79,130.77,130.62
2021-08-11,2021-08-12,SH600875,2,0.8333333333333334,0.9635416666666666,0.8515625,0.0,0.02924901185770734,0.007739938080495223,0.04224270353302617,13.02,12.8,12.76,12.81,12.76,12.79
2021-08-11,2021-08-12,SZ002465,3,0.6333333333333333,0.9401041666666666,0.8333333333333334,0.0,0.005797101449275477,0.007744433688286589,0.09510086455331423,10.41,10.41,10.37,10.32,10.3,10.29
2021-08-11,2021-08-12,SZ002179,4,0.5666666666666668,0.9817708333333334,0.90234375,0.0,0.0026996158239018797,0.0064616988014589705,0.09443926685306003,96.57,95.2,96.25,95.79,96.15,96.21
2021-08-11,2021-08-12,SZ002202,5,0.5,0.921875,0.8072916666666666,0.0,0.016405135520684677,0.0042283298097252064,0.08561403508771925,14.25,14.2,14.08,13.94,13.98,14.1
2021-08-12,2021-08-13,SZ000988,1,0.8333333333333334,0.9674054758800521,0.954367666232073,1.0,0.033454786353096955,0.006776379477250849,0.06442307692307692,31.2,30.62,30.73,31.04,30.93,30.97
2021-08-12,2021-08-13,SZ300316,2,0.7619047619047619,0.9947848761408083,0.9530638852672751,0.0,0.013819875776397428,0.004461538461538517,0.18333588604686768,65.29,64.26,64.81,64.43,63.66,64.4
2021-08-12,2021-08-13,SZ000932,3,0.7380952380952381,0.9465449804432855,0.8500651890482399,0.0,0.044914134742404244,0.0025348542458809575,0.07458912768647274,7.91,7.79,7.85,7.82,7.84,7.91
2021-08-12,2021-08-13,SZ300296,4,0.6666666666666666,0.9491525423728814,0.8552803129074316,0.0,0.04103671706263512,0.0020790020790022457,0.15560165975103724,9.64,9.57,9.45,9.43,9.37,9.43
2021-08-12,2021-08-13,SH600875,5,0.5952380952380952,0.9882659713168188,0.9061277705345502,0.0,0.0007812499999999556,0.003132341425215346,0.1131928181108508,12.81,12.75,12.91,12.77,12.75,12.73
2021-08-13,2021-08-16,SZ002985,1,0.8461538461538461,0.9882659713168188,0.9765319426336375,1.0,0.027903225806451548,0.0051257787240752695,0.08363408128040173,127.46,127.02,126.01,127.27,126.85,124.11
2021-08-13,2021-08-16,SH601899,2,0.7179487179487181,0.9152542372881356,0.8109517601043025,0.0,0.03761467889908254,0.009821428571428648,0.07073386383731206,11.31,11.44,11.57,11.65,11.77,11.62
2021-08-13,2021-08-16,SZ002385,3,0.6410256410256411,0.9582790091264668,0.9439374185136897,1.0,0.01740139211136893,0.0022857142857142243,0.07867730900798198,8.77,8.76,8.64,8.71,8.67,8.58
2021-08-13,2021-08-16,SH600893,4,0.641025641025641,0.9713168187744459,0.9582790091264668,1.0,0.00288878189696673,0.009531502423263394,0.10017602816450633,62.49,62.02,62.97,63.01,62.56,62.0
2021-08-13,2021-08-16,SZ002648,5,0.5384615384615384,0.9491525423728814,0.8539765319426337,0.0,0.04555808656036442,0.00021791239921542527,0.046623093681917194,45.9,45.5,46.5,46.97,47.69,47.66
2021-08-19,2021-08-20,SH600795,1,0.8095238095238094,0.9490861618798956,0.8537859007832899,0.0,0.016260162601626105,0.008064516129032251,0.08400000000000007,2.5,2.5,2.48,2.48,2.49,2.47
2021-08-19,2021-08-20,SH601003,2,0.6666666666666666,0.912532637075718,0.8028720626631853,0.0,0.009022556390977376,0.009022556390977376,0.11624441132637853,6.71,6.69,6.73,6.73,6.73,6.74
2021-08-19,2021-08-20,SZ002745,3,0.6666666666666666,0.8851174934725848,0.8994778067885117,1.0,0.06812499999999999,0.006478209658421719,0.028086600351082458,17.09,17.08,16.93,16.77,16.93,16.91
2021-08-19,2021-08-20,SZ002049,4,0.5714285714285714,0.9399477806788512,0.839425587467363,0.0,0.052688172043010795,0.0012784454103809129,0.04908069458631248,195.8,200.0,207.99,208.23,212.98,214.34
2021-08-19,2021-08-20,SZ002709,5,0.5238095238095237,0.8302872062663186,0.9295039164490861,1.0,0.0712629861766978,0.0015251244180445322,0.029013384627714967,124.77,124.85,125.29,127.15,126.36,129.05
2021-08-24,2021-08-25,SH600329,1,0.8095238095238096,0.9623376623376624,0.87109375,0.0,0.08611111111111103,0.0035290343278793213,0.018222506393861915,31.28,31.0,31.22,32.6,33.25,32.15
2021-08-24,2021-08-25,SZ002049,2,0.7619047619047619,0.9792207792207792,0.96875,1.0,0.038311539343886425,0.00137174211248281,0.1012814847547503,226.3,240.0,246.59,237.62,235.7,230.45
2021-08-24,2021-08-25,SH601377,3,0.7142857142857143,0.9584415584415584,0.9518229166666666,1.0,0.006039689387403069,0.006039689387403069,0.09948542024013718,11.66,10.86,10.73,10.6,10.61,10.58
2021-08-24,2021-08-25,SZ300033,4,0.6904761904761906,0.9558441558441558,0.8658854166666666,0.0,0.0219662469863382,0.0038593105867905653,0.16443861948449112,114.45,112.46,112.55,112.83,112.56,112.44
2021-08-24,2021-08-25,SH600282,5,0.6428571428571428,0.9324675324675324,0.8307291666666666,0.0,0.01225490196078427,0.0048661800486617945,0.0871670702179177,4.13,4.14,4.11,4.13,4.15,4.15
2021-08-25,2021-08-26,SH600141,1,0.9583333333333334,0.9922077922077922,0.9700520833333334,1.0,0.08798486281929985,0.01890135853514474,0.020000000000000018,34.5,34.61,34.51,34.52,34.62,35.39
2021-08-25,2021-08-26,SH600329,2,0.8541666666666666,0.9974025974025974,0.9375,0.0,0.08709677419354844,0.004770423375074717,0.022255192878338326,33.7,33.38,32.71,32.86,32.92,33.46
2021-08-25,2021-08-26,SH600985,3,0.7291666666666666,0.964935064935065,0.8697916666666666,0.0,0.06666666666666665,0.0051132213294375894,0.02107558139534893,13.76,13.4,13.4,13.45,13.43,13.24
2021-08-25,2021-08-26,SH603885,4,0.6666666666666666,0.9402597402597402,0.8203125,0.0,0.03898916967509036,0.00911640953716697,0.06740792216817226,14.39,14.21,14.08,14.09,13.98,14.14
2021-08-25,2021-08-26,SH600642,5,0.5625,0.9324675324675324,0.8072916666666666,0.0,0.0362776025236593,0.006125574272588086,0.05631659056316596,6.57,6.5,6.56,6.51,6.52,6.47
2021-08-27,2021-08-30,SZ002128,1,0.9523809523809524,0.9935064935064936,0.953125,1.0,0.032098765432098775,0.008849557522123908,0.12121212121212133,12.54,12.65,12.54,12.46,12.56,12.93
2021-08-27,2021-08-30,SH600282,2,0.7857142857142857,0.9805194805194806,0.8919270833333334,0.0,0.02168674698795181,0.0071258907363420665,0.08962264150943389,4.24,4.27,4.25,4.24,4.22,4.2
2021-08-27,2021-08-30,SZ300033,3,0.7619047619047619,0.9753246753246754,0.8828125,0.0,0.01961658493089602,0.0076665491716600975,0.17691298644512488,114.35,115.0,112.93,112.48,113.78,112.22
2021-08-27,2021-08-30,SH600500,4,0.7619047619047619,0.9688311688311688,0.87109375,0.0,0.016181229773462924,0.009646302250803762,0.08280254777070062,9.42,9.66,9.96,10.13,9.99,10.28
2021-08-27,2021-08-30,SZ000717,5,0.5952380952380952,0.9181818181818182,0.875,1.0,0.028846153846153744,0.005639097744360777,0.08785046728971979,5.35,5.45,5.48,5.44,5.41,5.34
2021-08-30,2021-08-31,SH600438,1,0.9111111111111111,0.9818181818181818,0.9635416666666666,1.0,0.04699378023496892,0.010505252626313188,0.04141914191419138,60.6,59.86,59.55,59.95,60.59,58.94
2021-08-30,2021-08-31,SZ300207,2,0.7444444444444445,0.9831168831168832,0.9088541666666666,0.0,0.027105263157894743,0.008527131782945618,0.2574942352036893,39.03,38.99,38.65,38.5,39.18,40.05
2021-08-30,2021-08-31,SH600893,3,0.7444444444444445,0.9467532467532468,0.8359375,0.0,0.04277421326000619,0.012309061248702236,0.012012891883973031,68.26,68.45,68.81,67.48,67.86,68.97
2021-08-30,2021-08-31,SH600426,4,0.7111111111111111,0.9558441558441558,0.84765625,0.0,0.018410041841004032,0.01614249930420253,0.07039167351410569,36.51,37.0,36.17,35.9,36.09,36.2
2021-08-30,2021-08-31,SZ000012,5,0.7111111111111111,0.8636363636363636,0.890625,1.0,0.08065915004336532,0.009724473257698651,0.017656500802568198,12.46,12.52,12.17,12.13,12.11,11.94
2021-08-31,2021-09-01,SH600019,1,0.9,1.0,0.9635890767230169,0.0,0.05377456049638041,0.008910891089108919,0.04023552502453387,10.19,10.2,10.45,10.46,10.35,10.3
2021-08-31,2021-09-01,SZ002128,2,0.8833333333333333,0.9908972691807543,0.951885565669701,1.0,0.06718146718146722,0.007288629737609353,0.0354558610709117,13.82,13.89,13.89,13.69,13.63,13.51
2021-08-31,2021-09-01,SH600022,3,0.8000000000000002,0.9804941482444733,0.9011703511053316,0.0,0.0393013100436681,0.008474576271186418,0.06302521008403361,2.38,2.41,2.49,2.5,2.47,2.44
2021-08-31,2021-09-01,SH601877,4,0.7999999999999999,0.976592977893368,0.9596879063719116,1.0,0.05141044900684366,0.011725024092515302,0.04000635021431975,62.99,62.16,62.28,62.26,62.72,61.5
2021-08-31,2021-09-01,SH600580,5,0.65,0.9219765929778934,0.8101430429128739,0.0,0.03764544832306638,0.012692050768203123,0.07124010554089688,15.16,15.14,15.01,15.23,15.13,15.19
2021-09-01,2021-09-02,SZ002602,1,0.7619047619047619,0.929778933680104,0.8270481144343304,0.0,0.0641025641025641,0.0030211480362536403,0.03614457831325302,6.64,6.59,6.67,6.7,6.76,6.78
2021-09-01,2021-09-02,SH600426,2,0.7142857142857143,0.9089726918075423,0.8062418725617685,0.0,0.0453920220082531,0.016042780748663166,0.05421052631578949,38.0,36.85,36.68,37.18,37.08,37.17
2021-09-01,2021-09-02,SZ300144,3,0.6666666666666666,0.9427828348504551,0.8452535760728218,0.0,0.021568627450980316,0.0025657472738935816,0.17338451695457446,15.63,15.61,15.53,15.51,15.57,15.16
2021-09-01,2021-09-02,SZ300182,4,0.5238095238095238,0.9466840052015605,0.8543563068920677,0.0,0.002053388090349051,0.002053388090349051,0.2151639344262295,4.88,4.86,4.8,4.85,4.88,4.86
2021-09-01,2021-09-02,SZ002050,5,0.5238095238095237,0.9245773732119635,0.8218465539661899,0.0,0.003984063745019917,0.005586592178770999,0.10238095238095246,25.2,25.14,25.04,24.96,24.9,25.08
2021-09-02,2021-09-03,SH600808,1,0.84,0.9960988296488946,0.9726918075422627,1.0,0.023372287145241977,0.004918032786885185,0.07667210440456773,6.13,6.18,6.18,6.16,6.24,6.18
2021-09-02,2021-09-03,SH601766,2,0.84,0.9635890767230169,0.8153446033810143,0.0,0.03083700440528636,0.011527377521613813,0.07407407407407418,7.02,6.95,6.99,6.94,6.87,6.89
2021-09-02,2021-09-03,SH601877,3,0.8133333333333334,0.9739921976592978,0.8881664499349805,0.0,0.07672369103162269,0.0046759109964527035,0.007863906275076049,62.31,61.47,63.4,62.88,63.18,61.68
2021-09-02,2021-09-03,SH600985,4,0.7733333333333333,0.9947984395318595,0.9401820546163849,0.0,0.07750865051903122,0.003221649484536071,0.010918432883750828,15.57,15.2,15.0,15.09,15.38,15.75
2021-09-02,2021-09-03,SH600008,5,0.6933333333333334,0.951885565669701,0.8504551365409623,0.0,0.015789473684210575,0.005208333333333259,0.08031088082901561,3.86,3.88,3.91,3.87,3.86,3.87
2021-09-03,2021-09-06,SZ002010,1,0.8484848484848485,0.9778645833333334,0.90625,1.0,0.04031354983202684,0.019758507135016368,0.057050592034445735,9.29,8.92,9.16,9.11,9.15,8.9
2021-09-03,2021-09-06,SH600258,2,0.7575757575757577,0.99609375,0.94140625,0.0,0.06528925619834713,0.003894080996884819,0.05120248254460824,25.78,25.6,25.86,25.35,25.75,26.1
2021-09-03,2021-09-06,SH600985,3,0.7272727272727272,0.984375,0.9557291666666666,1.0,0.019736842105263275,0.006493506493506551,0.10709677419354846,15.5,15.87,15.67,15.86,15.64,15.56
2021-09-03,2021-09-06,SH600917,4,0.6666666666666666,0.82421875,0.8841145833333334,1.0,0.08668076109936562,0.008832188420019538,0.011673151750972943,10.28,10.0,10.27,10.32,10.03,10.02
2021-09-03,2021-09-06,SH600859,5,0.5757575757575757,0.9075520833333334,0.9114583333333334,1.0,0.04183705567788598,0.006075334143377686,0.061594202898550776,33.12,33.0,33.69,32.79,32.87,33.8
2021-09-06,2021-09-07,SH600282,1,0.8333333333333334,0.9778645833333334,0.884765625,0.0,0.04186046511627928,0.006741573033707926,0.05357142857142838,4.48,4.43,4.45,4.43,4.52,4.64
2021-09-06,2021-09-07,SH600233,2,0.75,0.96875,0.8697916666666666,0.0,0.06181818181818177,0.004299226139294898,0.02910958904109595,11.68,11.64,11.51,11.33,11.26,11.39
2021-09-06,2021-09-07,SH603156,3,0.7333333333333334,0.9453125,0.8802083333333334,1.0,0.07070396557024283,0.007520971940989218,0.03560149296583415,34.83,34.54,34.2,33.76,34.06,35.18
2021-09-06,2021-09-07,SH600507,4,0.6333333333333333,0.92578125,0.8020833333333334,0.0,0.04033214709371302,0.01270207852193983,0.05587229190421894,8.77,8.77,8.88,8.88,9.05,9.29
2021-09-06,2021-09-07,SZ002183,5,0.6166666666666666,0.9921875,0.9739583333333334,1.0,0.0146276595744681,0.0026281208935610145,0.07470511140235914,7.63,7.69,7.61,7.64,7.6,7.49
2021-09-07,2021-09-08,SZ300033,1,0.9444444444444445,0.9973958333333334,0.9375,0.0,0.0682268940896471,0.004850746268656669,0.123282584478277,134.65,132.6,131.63,134.8,137.5,142.2
2021-09-07,2021-09-08,SH600019,2,0.8472222222222222,1.0,0.953125,0.0,0.06882989183874133,0.002767527675276771,0.035878564857405815,10.87,10.69,10.58,10.46,10.5,10.62
2021-09-07,2021-09-08,SH601225,3,0.7361111111111112,0.9869791666666666,0.9674479166666666,1.0,0.013990672884743649,0.007947019867549754,0.07424441524310121,15.22,15.0,14.92,14.84,14.88,15.2
2021-09-07,2021-09-08,SZ002110,4,0.7083333333333334,0.9765625,0.875,0.0,0.04607843137254908,0.0028195488721804995,0.04686035613870665,10.67,10.51,10.49,10.4,10.42,10.48
2021-09-07,2021-09-08,SH601688,5,0.6944444444444443,0.9856770833333334,0.9049479166666666,0.0,0.04403567447045709,0.002676659528908054,0.06033101975440469,18.73,18.89,19.05,19.18,19.17,19.13
2021-09-08,2021-09-09,SH600985,1,0.9090909090909092,0.9869791666666666,0.9609375,1.0,0.049819927971188394,0.005172413793103514,0.051457975986278104,17.49,17.65,17.71,17.59,17.5,17.62
2021-09-08,2021-09-09,SH600808,2,0.8484848484848485,0.9778645833333334,0.9583333333333334,1.0,0.020967741935483897,0.0079617834394905,0.10110584518167443,6.33,6.32,6.33,6.45,6.35,6.39
2021-09-08,2021-09-09,SH600409,3,0.7575757575757575,0.9388020833333334,0.8177083333333334,0.0,0.039482200647249055,0.008793969849246075,0.04919053549190555,16.06,16.09,15.99,16.11,16.06,16.39
2021-09-08,2021-09-09,SH600120,4,0.5757575757575757,0.9505208333333334,0.8294270833333334,0.0,0.019955654101995624,0.004366812227074135,0.07173913043478253,4.6,4.62,4.63,4.59,4.59,4.53
2021-09-08,2021-09-09,SH601225,5,0.5454545454545454,0.9856770833333334,0.9635416666666666,1.0,0.009333333333333416,0.0033134526176277213,0.09841479524438568,15.14,15.22,15.06,14.98,14.89,15.33
2021-09-09,2021-09-10,SH600282,1,0.9523809523809522,0.9934895833333334,0.9205729166666666,0.0,0.08385744234800852,0.013725490196078383,0.021276595744680993,5.17,5.15,4.99,5.02,5.06,5.11
2021-09-09,2021-09-10,SZ000709,2,0.746031746031746,0.9479166666666666,0.8333333333333334,0.0,0.05900621118012417,0.005899705014749346,0.038123167155425186,3.41,3.38,3.36,3.35,3.37,3.4
2021-09-09,2021-09-10,SZ000630,3,0.746031746031746,0.9361979166666666,0.8098958333333334,0.0,0.05910165484633567,0.0205011389521641,0.044642857142856984,4.48,4.45,4.46,4.53,4.59,4.75
2021-09-09,2021-09-10,SH600022,4,0.7142857142857143,0.9830729166666666,0.9036458333333334,0.0,0.048387096774193505,0.0038610038610038533,0.05384615384615388,2.6,2.57,2.56,2.56,2.56,2.57
2021-09-09,2021-09-10,SZ000559,5,0.6984126984126985,0.9596354166666666,0.8502604166666666,0.0,0.03703703703703698,0.007194244604316502,0.04714285714285715,7.0,7.06,7.17,7.27,7.16,7.09
2021-09-15,2021-09-16,SH601866,1,0.8222222222222223,0.9908972691807543,0.9622886866059818,1.0,0.008264462809917328,0.010351966873705987,0.09836065573770503,4.88,4.9,4.9,4.9,4.98,4.96
2021-09-15,2021-09-16,SH600008,2,0.8222222222222223,0.9726918075422627,0.8556566970091027,0.0,0.03787878787878807,0.004889975550122383,0.06569343065693412,4.11,4.11,4.12,4.13,4.11,4.07
2021-09-15,2021-09-16,SH600755,3,0.7999999999999999,0.9791937581274383,0.8699609882964889,0.0,0.011013215859030812,0.006578947368421018,0.08932461873638342,9.18,9.2,9.24,9.23,9.23,9.16
2021-09-15,2021-09-16,SZ000830,4,0.6888888888888888,0.9024707412223667,0.8660598179453837,1.0,0.027131782945736482,0.007179054054054168,0.08050314465408803,23.85,24.33,24.46,24.79,25.18,24.73
2021-09-15,2021-09-16,SZ300257,5,0.6222222222222222,0.9635890767230169,0.8413524057217165,0.0,0.010739856801909253,0.004744958481613493,0.19362455726092076,16.94,17.02,16.85,16.75,16.74,16.64
2021-09-24,2021-09-27,SH600233,1,0.7999999999999999,0.9987212276214834,0.9739583333333334,1.0,0.025513819985825803,0.0034674063800277377,0.09122322045611608,14.47,14.46,14.17,14.0,14.22,14.45
2021-09-24,2021-09-27,SZ002317,2,0.7333333333333334,0.9411764705882353,0.8190104166666666,0.0,0.007889546351084853,0.003929273084479545,0.09686888454011733,10.22,10.0,10.01,10.07,10.14,10.08
2021-09-24,2021-09-27,SZ000739,3,0.7333333333333334,0.8887468030690537,0.8684895833333334,1.0,0.027989821882951738,0.004475385380407815,0.059900990099009954,40.4,38.8,39.71,40.3,40.58,40.85
2021-09-24,2021-09-27,SZ000799,4,0.4000000000000001,0.9398976982097187,0.9114583333333334,1.0,0.0034763799296999576,0.0027791716524492305,0.09072712575541786,259.79,263.0,268.78,268.0,265.0,272.0
2021-09-24,2021-09-27,SZ002468,5,0.3333333333333333,0.928388746803069,0.8033854166666666,0.0,0.004884004884005089,0.0024360535931788885,0.0874848116646414,8.23,8.24,8.05,7.99,7.95,7.98
2021-09-29,2021-09-30,SZ300558,1,0.9166666666666666,0.9884910485933504,0.9207161125319693,0.0,0.02706227583958265,0.004357530024444722,0.18275132275132266,94.5,94.08,94.52,94.53,94.12,93.24
2021-09-29,2021-09-30,SZ000876,2,0.7222222222222222,0.9782608695652174,0.9578005115089514,1.0,0.05488239486813984,0.0013531799729364913,0.0695945945945946,14.8,14.6,15.0,14.98,14.86,15.04
2021-09-29,2021-09-30,SH603605,3,0.6944444444444445,0.948849104859335,0.8414322250639387,0.0,0.019965477560414335,0.004021295876755815,0.09211936593896297,177.27,177.56,175.5,176.29,175.88,174.18
2021-09-29,2021-09-30,SH600900,4,0.6111111111111112,0.921994884910486,0.8017902813299232,0.0,0.021266759130836865,0.0031789282470482405,0.0851063829787233,22.09,22.2,22.21,22.08,22.06,22.05
2021-09-29,2021-09-30,SZ300347,5,0.5833333333333334,0.9961636828644501,0.948849104859335,0.0,0.011786091239591956,0.0007539728569772031,0.21593740944653717,172.55,171.28,173.37,175.01,173.72,172.89
2021-10-11,2021-10-12,SZ002124,1,0.75,0.9272030651340997,0.8416347381864623,0.0,0.051696284329563635,0.0061823802163833985,0.043010752688172005,6.51,6.5,6.52,6.41,6.48,6.47
2021-10-11,2021-10-12,SH603290,2,0.6666666666666666,0.9042145593869731,0.80970625798212,0.0,0.01875661375661375,0.026742387884605145,0.04905346802046284,385.09,385.99,383.71,380.99,386.0,382.59
2021-10-11,2021-10-12,SZ001914,3,0.625,0.979565772669221,0.9310344827586207,0.0,0.001310615989515096,0.0079155672823219,0.10209424083769636,15.28,15.05,15.3,15.4,15.55,15.48
2021-10-11,2021-10-12,SZ002157,4,0.625,0.9706257982120051,0.9106002554278416,0.0,0.013861386138613874,0.0039215686274509665,0.078125,10.24,10.18,10.11,9.96,10.07,10.0
2021-10-11,2021-10-12,SZ002714,5,0.5,0.9885057471264368,0.9489144316730523,0.0,0.003839122486288815,0.0014590552617179675,0.09579311600801321,54.91,55.0,55.75,54.55,54.95,55.53
2021-10-12,2021-10-13,SH603885,1,0.8666666666666667,0.9565772669220945,0.9003831417624522,0.0,0.021446078431372584,0.009691096305269431,0.0971805638872223,16.67,16.6,17.31,17.16,16.97,17.0
2021-10-12,2021-10-13,SZ300357,2,0.7833333333333333,0.979565772669221,0.9399744572158365,0.0,0.01953727506426728,0.005578093306288112,0.18389645318540948,59.49,59.0,59.84,59.6,59.91,59.81
2021-10-12,2021-10-13,SZ002299,3,0.6333333333333334,0.9476372924648787,0.9719029374201787,1.0,0.015411712901805208,0.0056694286960312645,0.08282740676496103,23.06,23.15,22.87,22.72,22.56,21.91
2021-10-12,2021-10-13,SZ002901,4,0.6166666666666667,0.8467432950191571,0.9233716475095786,1.0,0.034798534798534675,0.006591840370568258,0.061238938053097325,56.5,56.56,56.55,56.09,56.14,56.09
2021-10-12,2021-10-13,SH600809,5,0.6,0.9782886334610472,0.9386973180076629,0.0,0.010641677255400106,0.0020472440944880876,0.09809838126669823,318.15,320.5,322.48,323.6,320.5,323.75
2021-10-15,2021-10-18,SH601799,1,0.8888888888888888,0.9757343550446999,0.9399744572158365,0.0,0.039018691588785126,0.01206190259444706,0.06858556330110188,222.35,220.8,224.51,224.7,222.82,220.05
2021-10-15,2021-10-18,SZ300274,2,0.7407407407407408,0.9527458492975734,0.9067688378033205,0.0,0.04209831738700087,0.002475561762092182,0.1659596023554739,157.93,160.5,158.05,160.86,163.11,158.98
2021-10-15,2021-10-18,SH600809,3,0.6296296296296297,0.9961685823754789,0.9833971902937421,0.0,0.04201201201201199,0.00014411713841022689,0.07928182368367964,346.99,338.44,329.7,324.85,322.63,325.38
2021-10-15,2021-10-18,SH603392,4,0.5925925925925926,0.9144316730523627,0.9655172413793104,1.0,0.07484923731819793,0.0012805155107604715,0.013407590759075827,242.4,242.59,246.69,239.0,238.53,239.7
2021-10-15,2021-10-18,SH603605,5,0.5740740740740741,0.8748403575989783,0.8033205619412516,0.0,0.04191847049774755,0.0045021186440676875,0.04634853677827566,189.65,189.99,191.75,190.34,192.24,192.49
2021-10-20,2021-10-21,SZ000061,1,0.8333333333333334,0.9757343550446999,0.946360153256705,0.0,0.013432835820895495,0.027231467473525006,0.10014727540500723,6.79,6.73,6.71,6.64,6.63,6.59
2021-10-20,2021-10-21,SZ002594,2,0.8333333333333334,0.9540229885057471,0.9042145593869731,0.0,0.016643356643356588,0.004942453254069834,0.077417801623332,290.76,291.0,288.99,288.69,288.8,289.55
2021-10-20,2021-10-21,SZ002129,3,0.7380952380952381,0.9233716475095786,0.8620689655172413,0.0,0.03756243756243771,0.004643064422518828,0.058732909686115775,51.93,51.59,51.18,51.1,50.55,50.0
2021-10-20,2021-10-21,SZ000938,4,0.6666666666666666,0.9259259259259259,0.8633461047254151,0.0,0.014936519790888614,0.002952029520295163,0.08388520971302427,27.18,26.82,27.4,27.43,27.55,27.55
2021-10-20,2021-10-21,SZ002223,5,0.5476190476190476,0.9553001277139208,0.9054916985951469,0.0,0.0023460410557183398,0.0026400704018771926,0.10298420128730257,34.18,33.99,34.43,34.85,34.75,35.16
2021-10-21,2021-10-22,SH600754,1,0.7301587301587301,0.9731457800511509,0.9424552429667519,0.0,0.017000000000000126,0.0015757337010045003,0.0745329400196657,50.85,50.33,50.49,50.13,49.87,49.6
2021-10-21,2021-10-22,SZ000938,2,0.7142857142857143,0.9578005115089514,0.921994884910486,0.0,0.027964205816554788,0.00181686046511631,0.08052230685527739,27.57,27.61,27.37,27.44,27.3,27.76
2021-10-21,2021-10-22,SH603589,3,0.6984126984126983,0.9616368286445013,0.9271099744245525,0.0,0.0226068527022254,0.0015568240788790266,0.07374784110535404,57.9,57.68,58.27,58.15,57.99,57.42
2021-10-21,2021-10-22,SH600887,4,0.6507936507936507,0.9309462915601023,0.8797953964194374,0.0,0.01109643328929999,0.005781865965834632,0.0922393519728244,38.27,38.49,38.63,38.93,38.95,38.9
2021-10-21,2021-10-22,SH601689,5,0.6349206349206349,0.979539641943734,0.9833759590792839,1.0,0.016125564394753766,0.00042337002540215884,0.07786711807024971,47.26,48.51,51.31,48.96,48.3,45.54
2021-10-22,2021-10-25,SH603288,1,0.8181818181818182,0.9961685823754789,0.9948914431673053,1.0,0.02735331363444482,0.002884456897972676,0.05760539074698001,121.69,120.1,119.51,118.7,118.76,118.06
2021-10-22,2021-10-25,SZ300002,2,0.7575757575757577,0.929757343550447,0.8646232439335888,0.0,0.04173913043478272,0.003350083752093891,0.1552587646076795,5.99,5.91,5.84,5.79,5.81,5.76
2021-10-22,2021-10-25,SH600885,3,0.7575757575757575,0.9744572158365262,0.946360153256705,0.0,0.010075566750629816,0.008100558659217993,0.08187863674147966,72.18,71.39,72.02,71.8,72.07,71.66
2021-10-22,2021-10-25,SH603317,4,0.6666666666666666,0.9642401021711366,0.9246487867177522,0.0,0.025839793281653867,0.002525252525252375,0.07178841309823691,23.82,23.75,23.82,23.55,23.7,23.66
2021-10-22,2021-10-25,SH601799,5,0.6060606060606061,0.9833971902937421,0.9591315453384419,0.0,0.004928189242467074,0.0033270852858482414,0.09233571528653495,214.11,211.83,213.47,213.61,212.89,214.22
2021-10-25,2021-10-26,SZ002507,1,0.8968253968253969,0.9897828863346104,0.966794380587484,0.0,0.047923322683705916,0.004594180704440953,0.042987804878048985,32.8,32.9,33.43,33.96,34.72,33.77
2021-10-25,2021-10-26,SH601689,2,0.8968253968253969,0.9808429118773946,0.9885057471264368,1.0,0.05094130675526043,0.005083668714255474,0.05036880927291887,47.45,50.4,49.91,49.38,49.19,49.3
2021-10-25,2021-10-26,SZ300014,3,0.8333333333333334,0.9936143039591315,0.9808429118773946,0.0,0.03554649410513244,0.0036082474226803996,0.15707926724875865,116.82,121.0,120.36,119.84,118.4,119.2
2021-10-25,2021-10-26,SH603605,4,0.8095238095238094,0.9591315453384419,0.9195402298850575,0.0,0.022263157894736763,0.006738195200331587,0.08438449261185199,194.23,192.9,194.14,192.65,194.67,195.72
2021-10-25,2021-10-26,SZ002557,5,0.7777777777777777,0.9476372924648787,0.979565772669221,1.0,0.06708425944635277,0.003610794374762527,0.0200719560689262,52.81,53.04,51.95,52.3,52.02,51.8
2021-10-26,2021-10-27,SH600754,1,0.8666666666666667,0.9897828863346104,0.9731800766283525,0.0,0.039460638508824086,0.0036377560788820595,0.07230064860740182,52.42,52.19,52.55,52.9,53.46,53.78
2021-10-26,2021-10-27,SZ002507,2,0.75,0.9910600255427842,0.9757343550446999,0.0,0.019452887537994012,0.0026905829596410857,0.07006559332140738,33.54,33.34,32.47,32.3,32.31,32.71
2021-10-26,2021-10-27,SZ002938,3,0.7333333333333334,0.8863346104725415,0.8148148148148148,0.0,0.06372239747634079,0.009883198562443685,0.04359430604982206,33.72,33.5,33.7,33.66,33.35,33.55
2021-10-26,2021-10-27,SZ300408,4,0.7000000000000001,0.9220945083014048,0.8646232439335888,0.0,0.03624678663239078,0.004235176880916791,0.15107913669064743,40.31,40.37,39.68,39.4,39.01,38.69
2021-10-26,2021-10-27,SH600885,5,0.6833333333333332,0.9642401021711366,0.9323116219667944,0.0,0.001886538202398702,0.008545849158979824,0.07343644922663084,74.35,73.98,73.2,72.87,73.59,73.19
2021-11-04,2021-11-05,SH601689,1,0.8383838383838383,1.0,0.9974489795918368,1.0,0.02281004408663989,0.006222892702244076,0.06371814092953532,53.36,53.78,54.1,54.79,55.55,54.47
2021-11-04,2021-11-05,SH600765,2,0.8080808080808081,0.9885204081632653,0.9846938775510204,1.0,0.07809278350515458,0.0019161676646706205,0.01769065264164471,41.83,41.89,41.45,41.13,41.19,41.67
2021-11-04,2021-11-05,SZ002624,3,0.797979797979798,0.9655612244897959,0.9349489795918368,0.0,0.03918128654970743,0.00395480225988698,0.061902082160945504,17.77,17.85,18.09,18.3,18.0,18.2
2021-11-04,2021-11-05,SH600486,4,0.6666666666666666,0.9170918367346939,0.875,0.0,0.024501283006373553,0.007488807488807536,0.07869435242789047,123.77,123.3,122.05,121.98,122.64,121.32
2021-11-04,2021-11-05,SZ000963,5,0.6565656565656566,0.9260204081632653,0.9719387755102041,1.0,0.009628610729023324,0.01718403547671854,0.0926430517711172,36.7,36.2,36.03,36.14,36.12,35.83
2021-11-05,2021-11-08,SH600885,1,0.875,0.9732142857142857,0.9438775510204082,0.0,0.02201342281879204,0.0022377254179282158,0.07630680325715788,76.14,75.7,76.88,77.63,77.66,76.41
2021-11-05,2021-11-08,SH601799,2,0.75,0.9936224489795918,0.9757653061224489,0.0,0.007286298205082531,0.0006620470494769215,0.10647494707127736,226.72,224.02,227.38,229.8,229.97,225.59
2021-11-05,2021-11-08,SZ300474,3,0.7083333333333334,0.9617346938775511,0.9209183673469388,0.0,0.004516129032257954,0.008419689119170792,0.1255619781631343,155.7,149.54,153.56,157.48,156.4,152.04
2021-11-05,2021-11-08,SH603486,4,0.5833333333333334,0.9655612244897959,0.9744897959183674,1.0,0.0011096433289299323,0.004559915164369155,0.11068299377177238,189.46,184.11,190.04,191.65,189.16,188.64
2021-11-05,2021-11-08,SZ000559,5,0.4583333333333333,0.8877551020408163,0.8227040816326531,0.0,0.001612903225806317,0.001612903225806317,0.09822866344605474,6.21,6.2,6.22,6.11,6.15,6.15
2021-11-08,2021-11-09,SH603650,1,0.8245614035087719,0.9323979591836735,0.9668367346938775,1.0,0.04949152542372892,0.010773751224290029,0.05991602067183455,61.92,61.5,59.85,59.3,59.39,57.78
2021-11-08,2021-11-09,SZ000887,2,0.7017543859649122,0.9783163265306123,0.9566326530612245,0.0,0.011242270938729648,0.005589714924538747,0.0889382990550307,17.99,18.3,17.88,17.73,17.75,17.7
2021-11-08,2021-11-09,SH600885,3,0.6842105263157895,0.9821428571428571,0.9604591836734694,0.0,0.017173051519154603,0.0026041666666667407,0.0864935064935064,77.0,76.95,76.81,78.0,78.1,77.56
2021-11-08,2021-11-09,SZ300474,4,0.6666666666666666,0.9987244897959183,0.985969387755102,0.0,0.0066203022602648876,0.003667155620749485,0.2291237627051086,150.53,153.34,153.17,153.23,151.42,151.17
2021-11-08,2021-11-09,SH601012,5,0.6666666666666666,0.9400510204081632,0.889030612244898,0.0,0.0319172847830973,0.0030587721214767605,0.07819647135700292,91.82,94.45,94.83,93.65,94.07,93.2
2021-11-09,2021-11-10,SH600765,1,0.963963963963964,0.9948979591836735,0.9936224489795918,1.0,0.06998333730064288,0.007847533632286963,0.03470522803114551,44.95,45.26,44.89,45.34,44.94,44.44
2021-11-09,2021-11-10,SH603650,2,0.9279279279279279,0.9681122448979592,0.9783163265306123,1.0,0.05447154471544713,0.016139141335004714,0.05366229760986907,64.85,61.8,60.8,61.7,61.14,62.65
2021-11-09,2021-11-10,SZ002371,3,0.8288288288288289,0.9477040816326531,0.9005102040816326,0.0,0.047395833333333304,0.005525138128453122,0.04321233217304821,402.2,399.8,398.71,399.0,395.8,403.77
2021-11-09,2021-11-10,SH600893,4,0.8108108108108109,0.9285714285714286,0.875,0.0,0.05357444651005583,0.006457862447529994,0.047962784728905916,62.34,62.5,62.53,62.98,62.39,62.2
2021-11-09,2021-11-10,SZ300699,5,0.7207207207207208,0.9209183673469388,0.8660714285714286,0.0,0.030575298377363502,0.0051007062516348345,0.1630448926480157,76.85,78.25,78.12,78.15,77.57,77.56
2021-11-10,2021-11-11,SZ300207,1,0.9411764705882352,0.9936224489795918,0.9757653061224489,0.0,0.08653061224489811,0.006807866868381307,0.11664162283997004,53.24,53.0,53.2,52.9,53.99,54.71
2021-11-10,2021-11-11,SZ002371,2,0.8725490196078431,0.9770408163265306,0.9502551020408163,0.0,0.02681340670335164,0.01906464104855532,0.08306538049303325,410.52,401.94,407.49,406.9,409.77,414.5
2021-11-10,2021-11-11,SZ300088,3,0.8529411764705883,0.9387755102040817,0.9910714285714286,1.0,0.06547619047619047,0.012934518997574695,0.07821229050279332,12.53,12.6,12.5,12.64,12.49,12.42
2021-11-10,2021-11-11,SZ300316,4,0.8431372549019608,0.9910714285714286,0.9693877551020408,0.0,0.03571428571428581,0.005167632972019165,0.16815047021943563,79.75,79.29,78.83,79.29,79.13,78.76
2021-11-10,2021-11-11,SH603650,5,0.7941176470588235,0.9834183673469388,0.985969387755102,1.0,0.06488673139158574,0.003660210462101743,0.06154079927062761,65.81,64.78,65.39,65.4,66.28,65.19
2021-11-12,2021-11-15,SZ002434,1,0.9333333333333332,0.9783163265306123,0.9579081632653061,0.0,0.09471516815374059,0.010773130544993625,0.006896551724137945,15.95,15.83,15.81,15.88,16.0,15.86
2021-11-12,2021-11-15,SH600580,2,0.7733333333333333,0.9655612244897959,0.9311224489795918,0.0,0.04039087947882747,0.005667506297229119,0.06199123356293046,15.97,16.09,16.19,15.96,15.93,16.25
2021-11-12,2021-11-15,SH600529,3,0.7200000000000001,1.0,0.9923469387755102,0.0,0.011369134010643434,0.005289733108920336,0.09519253767041369,41.81,41.51,41.68,41.9,42.17,41.47
2021-11-12,2021-11-15,SZ300418,4,0.7066666666666667,0.9936224489795918,0.9808673469387755,0.0,0.018990073370737992,0.003826530612244916,0.20118593816179575,23.61,23.99,23.87,23.58,23.35,23.64
2021-11-12,2021-11-15,SZ300450,5,0.7066666666666667,0.9681122448979592,0.9375,0.0,0.030084945729117463,0.004255808603634836,0.1689382659489176,87.31,87.29,86.43,86.0,86.36,85.98
2021-11-15,2021-11-16,SZ002456,1,0.8484848484848485,0.9400510204081632,0.8903061224489796,0.0,0.014857142857142902,0.005662514156285381,0.07545045045045051,8.88,8.84,8.8,8.74,8.76,8.73
2021-11-15,2021-11-16,SZ002555,2,0.8181818181818182,0.9438775510204082,0.8928571428571429,0.0,0.05797665369649807,0.002211573903428077,0.04634056638470008,27.19,26.99,26.66,26.92,26.92,26.85
2021-11-15,2021-11-16,SZ300136,3,0.787878787878788,0.9387755102040817,0.889030612244898,0.0,0.028879476318829367,0.0030030030030030463,0.158682634730539,26.72,26.79,26.43,26.31,26.4,26.43
2021-11-15,2021-11-16,SZ002273,4,0.6969696969696969,0.9349489795918368,0.9349489795918368,1.0,0.017058823529411793,0.002318840579710102,0.07345286292654718,17.29,17.23,17.06,17.15,17.33,17.23
2021-11-15,2021-11-16,SH600754,5,0.6060606060606061,0.9260204081632653,0.8762755102040817,0.0,0.005145797598627766,0.010693342531907568,0.10238907849829348,58.6,58.48,57.89,57.77,58.02,58.43
2021-11-16,2021-11-17,SZ300058,1,0.9666666666666667,0.9974489795918368,0.985969387755102,0.0,0.11208151382823872,0.08677098150782347,0.10078534031413611,7.64,7.34,7.45,7.59,7.58,7.5
2021-11-16,2021-11-17,SZ002624,2,0.7666666666666666,0.9987244897959183,0.9897959183673469,0.0,0.05759682224428997,0.0018814675446847673,0.05774647887323936,21.3,20.9,20.89,20.66,21.09,21.15
2021-11-16,2021-11-17,SZ300413,3,0.7666666666666666,0.9846938775510204,0.9540816326530612,0.0,0.036654729302717515,0.0046957942017151755,0.15301767933346877,49.21,48.98,47.98,48.5,49.26,48.88
2021-11-16,2021-11-17,SZ300296,4,0.6666666666666666,0.9489795918367347,0.8941326530612245,0.0,0.02207293666026877,0.0056657223796034994,0.1755868544600938,10.65,10.76,10.62,10.6,10.66,10.53
2021-11-16,2021-11-17,SH601689,5,0.6,0.9808673469387755,0.9604591836734694,1.0,0.019381875327396436,0.004300705315671838,0.07656731757451185,58.38,58.65,57.76,57.54,57.13,55.5
2021-11-17,2021-11-18,SH600765,1,0.8771929824561404,0.9948979591836735,0.9783163265306123,0.0,0.0657894736842104,0.0032030749519538215,0.034057045551298515,46.98,46.14,46.56,46.38,46.84,46.45
2021-11-17,2021-11-18,SZ000768,2,0.7894736842105262,0.9617346938775511,0.9170918367346939,0.0,0.026035502958579926,0.004053271569195216,0.06459054209919257,34.68,34.52,34.73,34.65,35.13,34.7
2021-11-17,2021-11-18,SZ002001,3,0.7543859649122807,0.9260204081632653,0.8698979591836735,0.0,0.059106529209622005,0.00653167864141091,0.038611291369240686,30.82,31.06,30.94,30.85,30.59,30.74
2021-11-17,2021-11-18,SH600754,4,0.6842105263157895,0.9693877551020408,0.9272959183673469,0.0,0.019982623805386623,0.00256191289496166,0.09250425894378189,58.7,58.54,58.08,57.91,57.78,57.71
2021-11-17,2021-11-18,SZ002555,5,0.631578947368421,0.9872448979591837,0.9566326530612245,0.0,0.02376599634369292,0.0010725777618878496,0.07964285714285713,28.0,27.86,27.64,27.8,27.7,27.6
2021-11-18,2021-11-19,SZ002595,1,0.7999999999999999,0.9336734693877551,0.8788265306122449,0.0,0.01469534050179222,0.011432654519471175,0.07841752031084437,28.31,28.08,28.45,28.51,28.81,28.29
2021-11-18,2021-11-19,SH600765,2,0.7333333333333334,0.9936224489795918,0.9744897959183674,0.0,0.05851755526657998,0.0004096681687832948,0.05753480753480744,48.84,48.88,48.45,48.35,48.27,48.38
2021-11-18,2021-11-19,SH600038,3,0.6666666666666666,0.8915816326530612,0.9349489795918368,1.0,0.02973011978640483,0.0018253299634933828,0.06839523475823417,71.35,70.8,71.28,70.97,70.69,71.08
2021-11-18,2021-11-19,SZ000547,4,0.4000000000000001,0.8724489795918368,0.8125,0.0,0.0017584994138335475,0.0005854800936768711,0.10883557636044472,17.09,17.04,16.98,16.92,16.94,16.97
2021-11-18,2021-11-19,SH603317,5,0.4000000000000001,0.8201530612244898,0.9260204081632653,1.0,0.00112401648557503,0.007541478129713397,0.09842814371257491,26.72,26.72,26.65,26.74,26.74,26.45
2021-11-22,2021-11-23,SH600563,1,0.956989247311828,0.9923469387755102,0.9744897959183674,0.0,0.05577167019027485,0.011750881316098694,0.028835756337858953,249.69,246.6,245.54,246.45,242.88,243.71
2021-11-22,2021-11-23,SH601689,2,0.924731182795699,0.9706632653061225,0.9477040816326531,1.0,0.08156283759452654,0.007209926224010621,0.016314299983352765,60.07,59.89,60.15,60.14,59.65,59.94
2021-11-22,2021-11-23,SZ000887,3,0.8494623655913979,0.9451530612244898,0.8966836734693877,0.0,0.09388888888888891,0.006646216768916302,0.007618080243778413,19.69,19.35,19.77,19.77,19.94,20.48
2021-11-22,2021-11-23,SZ300014,4,0.8172043010752689,0.9400510204081632,0.8877551020408163,0.0,0.047213855421686546,0.009875826011182864,0.10721219529733217,139.07,137.5,136.41,137.15,134.91,137.03
2021-11-22,2021-11-23,SZ000768,5,0.8064516129032256,0.985969387755102,0.9553571428571429,0.0,0.019422713784731593,0.006123535676251235,0.07859222016406453,37.79,37.41,37.27,37.5,37.6,37.13
2021-11-23,2021-11-24,SZ300058,1,0.8833333333333333,0.9987244897959183,0.9885204081632653,0.0,0.029717682020802272,0.005805515239477588,0.19191919191919204,6.93,6.99,6.95,7.04,7.05,6.99
2021-11-23,2021-11-24,SZ300088,2,0.8833333333333333,0.985969387755102,0.9846938775510204,1.0,0.0463629096722622,0.00692307692307681,0.168831168831169,13.09,13.0,13.09,13.14,13.06,13.14
2021-11-23,2021-11-24,SZ002153,3,0.85,0.9885204081632653,0.9604591836734694,0.0,0.02123216150365459,0.012073128665057054,0.10054533060668036,29.34,29.54,29.54,29.26,29.18,28.96
2021-11-23,2021-11-24,SZ002624,4,0.8333333333333334,0.9910714285714286,0.9681122448979592,0.0,0.022959183673469274,0.006526104417670542,0.08279301745635914,20.05,19.87,19.89,20.02,20.01,19.83
2021-11-23,2021-11-24,SZ002241,5,0.7999999999999999,0.9936224489795918,0.9757653061224489,0.0,0.024105461393596928,0.0035061819523898308,0.09543949981610877,54.38,54.0,53.86,54.07,53.87,53.77
2021-11-24,2021-11-25,SZ300014,1,0.75,0.9808673469387755,0.9400510204081632,0.0,0.006930693069306937,0.004231908590774491,0.1918808821463689,142.38,144.48,140.68,141.56,142.09,142.49
2021-11-24,2021-11-25,SZ002434,2,0.7083333333333334,0.9948979591836735,0.9910714285714286,1.0,0.009461856889414477,0.001173020527859281,0.09548916227299342,17.07,17.5,16.53,15.87,15.54,15.5
2021-11-24,2021-11-25,SZ000887,3,0.7083333333333334,0.9362244897959183,0.9451530612244898,1.0,0.011523046092184464,0.0029806259314457684,0.08816245666171363,20.19,20.38,19.86,19.98,19.9,20.09
2021-11-24,2021-11-25,SH603568,4,0.6666666666666666,0.9260204081632653,0.8647959183673469,0.0,0.04347826086956519,0.000608642726719566,0.05900243309002429,32.88,32.5,31.76,31.97,32.0,32.22
2021-11-24,2021-11-25,SZ002625,5,0.4583333333333333,0.8737244897959183,0.8035714285714286,0.0,0.023111111111111082,0.0004345936549325913,0.07775847089487398,23.02,22.93,22.88,22.92,22.78,22.79
2021-11-25,2021-11-26,SZ002153,1,0.9666666666666667,0.9897828863346104,0.9655172413793104,0.0,0.05390463026952319,0.06123869171885876,0.04950819672131135,30.5,29.4,27.41,29.35,29.43,29.33
2021-11-25,2021-11-26,SH600529,2,0.7999999999999999,0.9987228607918263,0.9808429118773946,0.0,0.02418003351687803,0.0021082220660577633,0.07456755493221134,42.78,42.53,43.05,43.16,42.64,42.52
2021-11-25,2021-11-26,SZ300072,3,0.6333333333333333,0.979565772669221,0.9374201787994891,0.0,0.009708737864077666,0.0013755158184320937,0.2005494505494505,7.28,7.25,7.29,7.26,7.26,7.26
2021-11-25,2021-11-26,SZ002625,4,0.6333333333333333,0.9118773946360154,0.8505747126436781,0.0,0.011338857392062973,0.003027681660899617,0.09529969814575234,23.19,23.11,23.11,23.1,23.18,23.16
2021-11-25,2021-11-26,SZ002138,5,0.6,0.9527458492975734,0.9029374201787995,0.0,0.006720082708710384,0.004124774426398581,0.0929396662387676,38.95,38.98,38.69,38.43,38.35,38.3
2021-11-26,2021-11-29,SZ000970,1,0.7647058823529411,0.9897828863346104,0.9782886334610472,1.0,0.05927475592747555,0.0033025099075296716,0.03686635944700467,15.19,14.91,15.7,15.81,16.13,16.0
2021-11-26,2021-11-29,SH600563,2,0.7647058823529411,0.9833971902937421,0.9450830140485313,0.0,0.0483636674357002,0.006893721789084983,0.053468090308908645,245.38,240.0,242.99,244.0,242.66,244.83
2021-11-26,2021-11-29,SZ002153,3,0.7450980392156863,0.9987228607918263,0.979565772669221,0.0,0.0139455782312925,0.019842627437564042,0.10332103321033226,29.81,28.98,28.91,28.97,29.15,29.81
2021-11-26,2021-11-29,SZ002174,4,0.7450980392156863,0.8697318007662835,0.9425287356321839,1.0,0.06595477386934667,0.042383292383292304,0.024749558043606568,16.97,16.23,16.05,16.15,16.0,16.03
2021-11-26,2021-11-29,SZ300014,5,0.7254901960784315,0.9948914431673053,0.9719029374201787,0.0,0.03177557209815274,0.004563452117307687,0.16327075956977755,149.69,145.76,151.88,150.51,152.76,152.17
2021-12-06,2021-12-07,SH600729,1,0.7407407407407408,0.9667093469910372,0.910371318822023,0.0,0.034302759134973826,0.0007215007215006786,0.0573179524152847,27.74,27.86,27.7,27.68,27.97,27.69
2021-12-06,2021-12-07,SH601636,2,0.7037037037037037,0.9948783610755442,0.9667093469910372,0.0,0.030939226519336893,0.0005361930294907058,0.06055734190782425,18.66,19.0,19.04,19.03,19.21,19.46
2021-12-06,2021-12-07,SH600633,3,0.6296296296296297,0.9231754161331626,0.8437900128040973,0.0,0.019767441860465196,0.0011415525114155667,0.07069555302166486,8.77,8.68,8.5,8.39,8.34,8.63
2021-12-06,2021-12-07,SH601098,4,0.5925925925925926,0.9487836107554417,0.8834827144686299,0.0,0.018259935553168738,0.001055966209081216,0.07911392405063289,9.48,9.48,9.57,9.53,9.58,9.58
2021-12-06,2021-12-07,SH600765,5,0.5925925925925926,0.8617157490396927,0.939820742637644,1.0,0.018928715263793805,0.0029732408325073845,0.08695652173913038,50.6,50.0,50.82,49.8,50.2,49.24
2021-12-08,2021-12-09,SH603198,1,0.8690476190476191,0.9859335038363172,0.9322250639386189,0.0,0.1103876886652857,0.003611073960144484,0.005597014925373012,75.04,74.91,74.98,73.99,72.72,72.43
2021-12-08,2021-12-09,SH600150,2,0.8333333333333334,0.9501278772378516,0.887468030690537,0.0,0.05025125628140703,0.0072289156626506035,0.04106858054226481,25.08,24.95,25.04,25.29,25.26,24.95
2021-12-08,2021-12-09,SH600745,3,0.7619047619047619,0.9245524296675192,0.8580562659846548,0.0,0.06385826771653558,0.005956369592733379,0.04699874176596852,135.11,135.01,135.3,137.5,138.33,139.1
2021-12-08,2021-12-09,SH600958,4,0.7142857142857144,0.9833759590792839,0.9296675191815856,0.0,0.018601667735728133,0.0031585596967782514,0.07556675062972285,15.88,15.82,15.77,15.78,15.84,15.86
2021-12-08,2021-12-09,SH600580,5,0.7023809523809524,0.9910485933503836,0.989769820971867,1.0,0.02077151335311589,0.0019417475728153999,0.0741279069767442,20.64,20.69,20.66,20.76,20.53,20.32
2021-12-09,2021-12-10,SH600729,1,0.9166666666666666,0.9974424552429667,0.9654731457800512,0.0,0.03275801338499473,0.0113832355984822,0.05832196452933158,29.32,29.01,28.7,28.6,28.97,29.39
2021-12-09,2021-12-10,SZ002128,2,0.861111111111111,0.9846547314578005,0.9475703324808185,0.0,0.0745069393718043,0.003410641200545683,0.023113528212100665,14.71,14.6,14.6,14.58,14.81,14.8
2021-12-09,2021-12-10,SZ300115,3,0.7222222222222222,0.9156010230179028,0.8478260869565217,0.0,0.09686609686609682,0.0020822488287350893,0.0940259740259739,19.25,18.96,19.55,19.32,19.4,19.34
2021-12-09,2021-12-10,SH601800,4,0.6111111111111112,0.9450127877237852,0.8823529411764706,0.0,0.012626262626262541,0.003754693366708306,0.09850374064837908,8.02,7.99,7.95,8.1,8.14,8.12
2021-12-09,2021-12-10,SZ000786,5,0.5833333333333334,0.9028132992327366,0.8324808184143222,0.0,0.056987788331071876,0.0019292604501608412,0.04204107830551984,31.16,30.8,30.63,30.63,30.66,30.52
2021-12-10,2021-12-13,SH600580,1,0.8840579710144927,0.9757033248081841,0.9859335038363172,1.0,0.020770010131712313,0.015625,0.08535980148883393,20.15,19.75,19.6,19.07,19.35,19.62
2021-12-10,2021-12-13,SH603589,2,0.8695652173913043,0.9616368286445013,0.9782608695652174,1.0,0.04144736842105279,0.010210593490746822,0.06948831332912198,79.15,79.99,80.1,80.85,81.57,81.97
2021-12-10,2021-12-13,SH600418,3,0.7681159420289855,0.959079283887468,0.9769820971867008,1.0,0.04267352185089979,0.003960396039603964,0.07840236686390534,20.28,20.68,20.68,20.55,20.61,20.7
2021-12-10,2021-12-13,SH600600,4,0.7101449275362319,0.9565217391304348,0.8925831202046036,0.0,0.013557380179492151,0.009029559927763442,0.09702336096458164,106.16,105.0,105.5,106.13,107.02,107.71
2021-12-10,2021-12-13,SH603198,5,0.6956521739130435,0.9309462915601023,0.9654731457800512,1.0,0.023558758314855988,0.007227601254602423,0.0926076360682373,73.86,73.81,73.43,74.61,74.4,74.98
2021-12-13,2021-12-14,SZ300058,1,0.9555555555555556,0.9731457800511509,0.9731457800511509,1.0,0.1470245040840139,0.0061412487205732,0.007121057985757906,9.83,9.6,9.84,9.78,9.57,9.7
2021-12-13,2021-12-14,SH603589,2,0.7888888888888889,0.9974424552429667,0.9936061381074168,1.0,0.016502062757844715,0.005067985166872679,0.07674332800393557,81.31,80.95,82.09,83.08,82.12,83.28
2021-12-13,2021-12-14,SZ300413,3,0.7555555555555555,0.8938618925831202,0.8312020460358056,0.0,0.07042253521126751,0.018136850783182057,0.12004048582995952,49.4,48.87,49.0,48.72,48.88,49.26
2021-12-13,2021-12-14,SZ000338,4,0.7444444444444445,0.9744245524296675,0.9347826086956522,0.0,0.018749999999999822,0.003357582540570725,0.07361963190184051,17.93,17.75,17.6,17.6,17.52,17.4
2021-12-13,2021-12-14,SH600486,5,0.7444444444444445,0.9309462915601023,0.8734015345268542,0.0,0.03167248974631631,0.004511166987132276,0.06625929470661851,135.83,134.0,133.16,132.79,132.54,131.29
2021-12-14,2021-12-15,SZ002008,1,0.7777777777777778,0.9604591836734694,0.9158163265306123,0.0,0.03756345177664988,0.005114083398898517,0.06203522504892378,51.1,50.95,50.6,50.8,50.62,50.49
2021-12-14,2021-12-15,SZ001979,2,0.611111111111111,0.8418367346938775,0.9030612244897959,1.0,0.008110300081102917,0.010569105691056846,0.10941271118262264,12.43,12.35,12.38,12.52,12.64,12.65
2021-12-14,2021-12-15,SZ000799,3,0.5555555555555556,0.9744897959183674,0.9349489795918368,0.0,0.006525423728813484,0.001391172378904626,0.10596110128820402,237.54,237.5,235.4,234.5,235.7,237.12
2021-12-14,2021-12-15,SZ300251,4,0.5555555555555555,0.9005102040816326,0.8354591836734694,0.0,0.0072727272727273196,0.0036231884057971175,0.20036101083032487,11.08,11.04,11.06,11.12,11.06,11.04
2021-12-14,2021-12-15,SH603198,5,0.5,0.9808673469387755,0.9808673469387755,1.0,0.003099730458220984,0.001210653753026758,0.10815531371758702,74.43,74.8,74.11,73.75,73.76,74.27
2021-12-16,2021-12-17,SZ000338,1,0.9333333333333335,0.9642401021711366,0.9208173690932312,0.0,0.0791738382099827,0.02228260869565224,0.018075491759702356,18.81,18.5,18.55,18.38,18.32,18.46
2021-12-16,2021-12-17,SZ300058,2,0.9333333333333332,0.9961685823754789,0.9897828863346104,1.0,0.04457364341085257,0.024714828897338448,0.14842300556586285,10.78,11.07,10.81,10.65,11.3,11.04
2021-12-16,2021-12-17,SZ300182,3,0.8666666666666667,0.9744572158365262,0.9361430395913155,0.0,0.03418803418803429,0.011705685618728978,0.1520661157024794,6.05,5.95,6.14,6.05,6.12,5.92
2021-12-16,2021-12-17,SH601088,4,0.8666666666666667,0.9527458492975734,0.8939974457215837,0.0,0.055889145496535786,0.008826125330979595,0.0284339457567806,22.86,22.76,22.56,22.51,22.48,22.4
2021-12-16,2021-12-17,SH601928,5,0.7666666666666666,0.9284802043422733,0.8633461047254151,0.0,0.0471063257065949,0.0064683053040104355,0.05141388174807182,7.78,7.81,7.7,7.65,7.67,7.65
2021-12-17,2021-12-20,SH601611,1,0.8431372549019608,0.9425287356321839,0.9501915708812261,1.0,0.030858244937319146,0.015194681861348647,0.06173994387277837,10.69,10.53,10.71,10.64,10.64,10.59
2021-12-17,2021-12-20,SH601991,2,0.7843137254901961,0.9782886334610472,0.9425287356321839,0.0,0.039735099337748325,0.0031948881789138905,0.060509554140127264,3.14,3.25,3.19,3.26,3.21,3.17
2021-12-17,2021-12-20,SH601117,3,0.784313725490196,0.9272030651340997,0.9489144316730523,1.0,0.055419722901385526,0.008566978193146335,0.04247104247104261,12.95,12.87,13.14,13.09,13.2,12.88
2021-12-17,2021-12-20,SH600801,4,0.6862745098039215,0.9386973180076629,0.8697318007662835,0.0,0.024008350730688965,0.004094165813715467,0.07543323139653424,19.62,19.57,19.96,19.8,19.58,19.31
2021-12-17,2021-12-20,SH600025,5,0.6470588235294118,0.9348659003831418,0.8633461047254151,0.0,0.02238805970149249,0.004398826979472137,0.08175182481751841,6.85,6.9,6.83,6.8,6.74,6.64
2021-12-20,2021-12-21,SZ300033,1,0.9019607843137255,0.9897828863346104,0.9604086845466155,0.0,0.02959107806691441,0.004643064422518828,0.17432120161756215,138.48,140.09,141.03,142.25,142.16,142.54
2021-12-20,2021-12-21,SH601800,2,0.8627450980392156,0.9680715197956578,0.929757343550447,0.0,0.05217391304347818,0.005938242280285166,0.05667060212514752,8.47,8.38,8.4,8.32,8.33,8.35
2021-12-20,2021-12-21,SH600329,3,0.7647058823529411,0.9374201787994891,0.8748403575989783,0.0,0.06646410938093439,0.003932785126921745,0.02065527065527073,28.08,27.95,28.2,27.74,27.91,28.35
2021-12-20,2021-12-21,SZ002372,4,0.7450980392156863,0.9450830140485313,0.8876117496807152,0.0,0.018571428571428683,0.01134751773049647,0.08976157082748948,21.39,21.38,22.11,22.13,22.38,22.38
2021-12-20,2021-12-21,SZ300251,5,0.7058823529411765,0.9514687100893997,0.9003831417624522,0.0,0.027728085867620766,0.003493449781659441,0.17319408181026974,11.49,11.4,11.58,11.54,11.55,11.63
2021-12-22,2021-12-23,SH600329,1,0.8571428571428571,0.9846547314578005,0.9411764705882353,0.0,0.06142857142857139,0.0037149611617697254,0.03667563930013462,29.72,29.61,29.73,30.02,30.0,29.92
2021-12-22,2021-12-23,SZ002271,2,0.7380952380952381,0.9910485933503836,0.959079283887468,0.0,0.02384937238493734,0.004928131416837678,0.07928075194115247,48.94,48.73,49.8,49.51,48.9,48.81
2021-12-22,2021-12-23,SZ001914,3,0.6666666666666666,0.9948849104859335,0.9884910485933504,1.0,0.047863247863247915,0.0005440696409140244,0.05057096247960846,18.39,18.0,18.3,18.23,18.21,18.41
2021-12-22,2021-12-23,SZ300115,4,0.6428571428571428,0.9872122762148338,0.9475703324808185,0.0,0.057788944723618174,0.00047528517110273505,0.12399049881235147,21.05,21.07,21.09,21.24,21.25,21.37
2021-12-22,2021-12-23,SH601985,5,0.6190476190476191,0.9641943734015346,0.9130434782608695,0.0,0.003875968992248069,0.005174644243208126,0.09523809523809534,7.77,7.73,7.71,7.85,8.0,8.02
2021-12-23,2021-12-24,SZ300182,1,0.8939393939393939,0.9910485933503836,0.9667519181585678,0.0,0.05977382875605808,0.004594180704440953,0.13567073170731714,6.56,6.62,6.61,6.68,6.53,6.68
2021-12-23,2021-12-24,SZ300058,2,0.8636363636363636,1.0,0.9987212276214834,1.0,0.023020257826887658,0.005429864253393646,0.19981998199819984,11.11,11.27,11.09,11.13,10.97,11.37
2021-12-23,2021-12-24,SZ002385,3,0.7727272727272728,0.9846547314578005,0.9501278772378516,0.0,0.038277511961722466,0.0037002775208139216,0.060829493087557696,10.85,10.88,10.85,10.86,10.97,10.96
2021-12-23,2021-12-24,SZ000999,4,0.7575757575757577,0.9782608695652174,0.9424552429667519,0.0,0.013148542999289248,0.008489564909798464,0.08628551385478778,28.51,28.47,28.02,28.0,28.07,28.94
2021-12-23,2021-12-24,SH600795,5,0.7272727272727272,0.9769820971867008,0.9373401534526854,0.0,0.05460750853242313,0.0032467532467532756,0.05177993527508096,3.09,3.12,3.17,3.15,3.15,3.13
2021-12-24,2021-12-27,SZ300251,1,0.8888888888888888,0.9821200510855683,0.9553001277139208,0.0,0.0491400491400491,0.007075471698113178,0.1467603434816549,12.81,12.61,12.9,12.84,12.74,12.54
2021-12-24,2021-12-27,SZ002557,2,0.8888888888888888,0.946360153256705,0.896551724137931,0.0,0.06768879465013855,0.008628659476116907,0.01680415520928835,65.46,65.3,64.7,65.05,64.82,65.25
2021-12-24,2021-12-27,SZ300498,3,0.8571428571428571,0.9885057471264368,0.9655172413793104,0.0,0.0234375,0.007692307692307665,0.1821882951653946,19.65,19.45,19.74,19.62,19.53,19.23
2021-12-24,2021-12-27,SZ002372,4,0.7936507936507936,0.9680715197956578,0.933588761174968,0.0,0.028097650852141776,0.005858494817485349,0.07616487455197118,22.32,22.25,22.87,22.97,23.11,23.02
2021-12-24,2021-12-27,SZ000729,5,0.6825396825396824,0.9923371647509579,0.9693486590038314,0.0,0.003529411764705781,0.00589622641509413,0.09613130128956637,8.53,8.5,8.54,8.61,8.53,8.35
2021-12-27,2021-12-28,SZ002372,1,0.8823529411764706,0.9642401021711366,0.929757343550447,0.0,0.04853932584269649,0.01039411000433077,0.05143591941705972,23.33,23.32,22.7,22.86,22.65,22.66
2021-12-27,2021-12-28,SZ002507,2,0.7254901960784315,0.9323116219667944,0.8837803320561941,0.0,0.040602312449583344,0.00991649269311079,0.05736434108527133,38.7,38.88,38.87,38.68,38.86,38.51
2021-12-27,2021-12-28,SH600195,3,0.6862745098039215,0.9770114942528736,0.9514687100893997,0.0,0.0038138825324181003,0.013867488443759513,0.09194528875379926,13.16,13.07,12.97,12.92,12.95,12.76
2021-12-27,2021-12-28,SH600085,4,0.6470588235294118,0.9757343550446999,0.9501915708812261,0.0,0.008096229470275329,0.008796296296296191,0.1023405231757688,43.58,43.51,43.17,43.42,43.7,43.05
2021-12-27,2021-12-28,SZ000786,5,0.627450980392157,0.9629629629629629,0.9757343550446999,1.0,0.04127526330771403,0.0013687380235423152,0.05112083105522158,36.58,36.4,35.71,35.99,35.6,35.83
2021-12-28,2021-12-29,SZ300033,1,0.787878787878788,0.9642401021711366,0.929757343550447,0.0,0.016947935368043288,0.008905671131376414,0.1574747546077253,141.61,139.58,139.08,138.03,138.3,140.13
2021-12-28,2021-12-29,SZ002572,2,0.7575757575757575,0.946360153256705,0.9744572158365262,1.0,0.04813084112149535,0.0035794183445190253,0.043245653143111795,22.43,22.2,22.23,22.15,22.7,22.5
2021-12-28,2021-12-29,SZ000729,3,0.6969696969696969,0.9936143039591315,0.9719029374201787,0.0,0.023282887077997527,0.0022805017103761926,0.07167235494880564,8.79,8.79,8.69,8.66,8.7,8.69
2021-12-28,2021-12-29,SH601919,4,0.6666666666666666,0.9450830140485313,0.8978288633461047,0.0,0.04137931034482745,0.0035787321063394106,0.04788588894549162,19.63,19.65,19.88,19.72,19.61,19.67
2021-12-28,2021-12-29,SZ000963,5,0.6060606060606061,0.9540229885057471,0.909323116219668,0.0,0.00543900543900544,0.0043984476067271405,0.10200927357032463,38.82,39.0,39.26,39.58,39.28,38.92
2021-12-29,2021-12-30,SH603712,1,0.8518518518518517,0.9578544061302682,0.9157088122605364,0.0,0.04207920792079212,0.005493193217100734,0.11092636579572446,42.1,42.3,41.9,42.35,42.15,42.27
2021-12-29,2021-12-30,SZ002352,2,0.5925925925925926,0.9220945083014048,0.8620689655172413,0.0,0.006115317414094212,0.006701631701631516,0.08509406657018825,69.1,68.3,68.67,69.13,69.4,68.81
2021-12-29,2021-12-30,SZ300058,3,0.5555555555555556,1.0,0.9923371647509579,0.0,0.006000000000000005,0.0019920318725101804,0.18489065606361832,10.06,10.12,10.06,10.13,10.06,10.21
2021-12-29,2021-12-30,SH600325,4,0.5555555555555556,0.9476372924648787,0.89272030651341,0.0,0.015100671140939603,0.0016556291390728006,0.08429752066115692,6.05,6.0,6.04,6.01,6.05,6.03
2021-12-29,2021-12-30,SH600754,5,0.5555555555555555,0.909323116219668,0.8416347381864623,0.0,0.00915371329879111,0.003951890034364247,0.08762621940783832,58.43,58.0,57.83,57.51,57.47,57.3
2021-12-31,2022-01-04,SZ002271,1,0.8787878787878788,0.9948914431673053,0.9833971902937421,0.0,0.03549019607843151,0.0060963993141551764,0.07025184624124226,52.81,52.0,50.02,50.4,50.39,51.0
2021-12-31,2022-01-04,SZ000786,2,0.8030303030303031,0.9655172413793104,0.9782886334610472,1.0,0.0363846375974588,0.003635346756152291,0.06854276957369754,35.89,35.3,34.94,34.73,34.44,34.3
2021-12-31,2022-01-04,SZ000729,3,0.6515151515151515,0.9910600255427842,0.9757343550446999,0.0,0.00952380952380949,0.01193317422434359,0.09905660377358494,8.48,8.4,8.32,8.29,8.3,8.29
2021-12-31,2022-01-04,SH600332,4,0.6515151515151515,0.913154533844189,0.8467432950191571,0.0,0.05665634674922626,0.0032333921222809092,0.040433636097275016,34.13,35.3,35.37,35.13,34.84,34.97
2021-12-31,2022-01-04,SH600258,5,0.6212121212121212,0.9220945083014048,0.8620689655172413,0.0,0.02626421011368074,0.004604758250191798,0.07983193277310918,26.18,26.0,26.13,26.12,26.31,26.34
2022-01-04,2022-01-05,SZ300058,1,0.9595959595959597,1.0,0.9987228607918263,0.0,0.13424657534246576,0.004042037186742231,0.0370370370370372,12.42,12.0,12.22,12.25,12.15,12.47
2022-01-04,2022-01-05,SZ300133,2,0.9191919191919192,0.9731800766283525,0.9323116219667944,0.0,0.06754772393538921,0.0055325034578146415,0.11691884456671242,7.27,7.33,7.29,7.32,7.21,7.32
2022-01-04,2022-01-05,SZ002385,3,0.8080808080808081,0.9476372924648787,0.9016602809706258,0.0,0.04476190476190478,0.005499541704858002,0.051959890610756565,10.97,10.88,10.91,11.02,10.89,10.88
2022-01-04,2022-01-05,SZ000778,4,0.7373737373737373,0.9399744572158365,0.8914431673052363,0.0,0.025229357798165042,0.006756756756756577,0.06487695749440725,4.47,4.48,4.47,4.49,4.5,4.64
2022-01-04,2022-01-05,SZ000963,5,0.7070707070707071,0.9604086845466155,0.9157088122605364,0.0,0.05323383084577116,0.001419110690633829,0.04440245630609341,42.34,42.01,41.3,41.41,41.46,41.78
2022-01-05,2022-01-06,SH603444,1,0.8205128205128206,0.9821428571428571,0.9566326530612245,0.0,0.010628109598000535,0.011053209637090111,0.09832200804326718,432.66,427.48,421.91,428.49,429.57,424.2
2022-01-05,2022-01-06,SH600029,2,0.794871794871795,0.9132653061224489,0.8635204081632653,0.0,0.03751803751803773,0.00983146067415741,0.06536856745479835,7.19,7.33,6.92,6.91,6.93,6.92
2022-01-05,2022-01-06,SH603885,3,0.6666666666666666,0.9630102040816326,0.9630102040816326,1.0,0.014204545454545414,0.0050675675675675436,0.11148459383753484,17.85,17.94,17.65,17.66,17.61,17.5
2022-01-05,2022-01-06,SH600325,4,0.6410256410256411,0.9145408163265306,0.8647959183673469,0.0,0.026446280991735627,0.001612903225806317,0.07407407407407396,6.21,6.13,6.2,6.17,6.15,6.17
2022-01-05,2022-01-06,SZ002555,5,0.5641025641025642,0.9808673469387755,0.9540816326530612,0.0,0.016549295774648032,0.0006932409012132545,0.0727398683754763,28.87,28.22,28.53,28.93,28.61,28.42
2022-01-07,2022-01-10,SZ300482,1,0.8833333333333333,0.9616858237547893,0.9233716475095786,0.0,0.06889952153110057,0.006306306306306242,0.11414503133393028,44.68,45.72,45.82,45.65,46.4,47.03
2022-01-07,2022-01-10,SZ300058,2,0.85,0.9974457215836526,0.9936143039591315,1.0,0.014718614718614687,0.01647875108412844,0.19624573378839583,11.72,11.12,10.99,10.97,11.02,11.12
2022-01-07,2022-01-10,SZ002372,3,0.85,0.9744572158365262,0.9438058748403576,0.0,0.031839128613322165,0.0040766408479411265,0.06780349167681687,24.63,24.58,24.52,24.36,24.23,24.27
2022-01-07,2022-01-10,SH600195,4,0.7166666666666667,0.9719029374201787,0.9361430395913155,0.0,0.012195121951219523,0.005299015897047621,0.09036144578313254,13.28,13.24,13.28,13.1,13.21,13.47
2022-01-07,2022-01-10,SZ300413,5,0.6666666666666666,0.9885057471264368,0.966794380587484,0.0,0.004976958525345632,0.005533013648100438,0.20432868672046944,54.52,54.2,53.7,52.76,52.56,53.66
2022-01-10,2022-01-11,SZ000876,1,0.9313725490196078,0.9706257982120051,0.9386973180076629,0.0,0.09449760765550241,0.006047278724574001,0.015300546448087315,18.3,18.22,17.9,18.01,17.86,17.87
2022-01-10,2022-01-11,SZ000069,2,0.8921568627450981,0.9923371647509579,0.9706257982120051,0.0,0.028241335044929317,0.007547169811320753,0.07490636704119846,8.01,7.95,7.86,7.88,7.97,8.08
2022-01-10,2022-01-11,SZ002572,3,0.8529411764705882,0.9821200510855683,0.9553001277139208,0.0,0.030633655056651277,0.004909983633387682,0.06514657980456029,24.56,24.3,24.06,24.04,23.87,23.96
2022-01-10,2022-01-11,SZ000090,4,0.7549019607843137,0.9399744572158365,0.89272030651341,0.0,0.03241491085899506,0.0031496062992126816,0.05965463108320246,6.37,6.36,6.34,6.29,6.33,6.33
2022-01-10,2022-01-11,SZ002408,5,0.7549019607843137,0.9220945083014048,0.8697318007662835,0.0,0.028677150786308836,0.0063348416289590315,0.06654676258992809,11.12,11.14,11.11,11.08,11.03,11.11
2022-01-11,2022-01-12,SH600332,1,0.7948717948717948,0.9591315453384419,0.9182630906768838,0.0,0.032352941176470695,0.0048668766103636685,0.06951566951566934,35.1,34.5,34.75,35.19,34.95,34.94
2022-01-11,2022-01-12,SZ000960,2,0.7435897435897436,0.8850574712643678,0.8314176245210728,0.0,0.03773584905660354,0.005625879043600568,0.05547785547785544,21.45,22.43,22.97,23.08,23.35,23.18
2022-01-11,2022-01-12,SZ002831,3,0.6410256410256411,0.9182630906768838,0.8646232439335888,0.0,0.021764705882352908,0.005499276410998677,0.08779504893494527,34.74,34.65,34.4,34.42,34.52,34.49
2022-01-11,2022-01-12,SH601838,4,0.6153846153846153,0.9514687100893997,0.9042145593869731,0.0,0.039127163280662236,0.0007246376811593791,0.04851556842867488,13.81,13.7,13.69,13.69,13.75,13.82
2022-01-11,2022-01-12,SH600376,5,0.5897435897435898,0.8825031928480205,0.8275862068965517,0.0,0.030456852791878042,0.004950495049504955,0.0755336617405582,6.09,6.05,6.01,6.02,6.11,6.11
2022-01-13,2022-01-14,SZ300482,1,0.9285714285714285,0.9987228607918263,0.9910600255427842,0.0,0.011549183592194368,0.017628205128205066,0.16653543307086616,50.8,51.21,52.33,53.34,52.57,52.98
2022-01-13,2022-01-14,SZ000501,2,0.6666666666666666,0.9259259259259259,0.8876117496807152,0.0,0.015440508628519423,0.0026905829596413078,0.0805008944543828,11.18,11.2,11.28,11.14,11.16,11.15
2022-01-13,2022-01-14,SZ002019,3,0.6428571428571429,0.9923371647509579,0.9744572158365262,0.0,0.0035087719298245723,0.0035087719298245723,0.08941058941058944,20.02,20.42,20.08,20.38,20.52,20.47
2022-01-13,2022-01-14,SH601933,4,0.6428571428571429,0.9042145593869731,0.8646232439335888,0.0,0.03248259860788871,0.0022522522522521182,0.06292134831460672,4.45,4.47,4.43,4.39,4.37,4.35
2022-01-13,2022-01-14,SH601857,5,0.5952380952380952,0.9029374201787995,0.8633461047254151,0.0,0.009191176470588092,0.00365630712979903,0.06739526411657559,5.49,5.46,5.39,5.32,5.31,5.3
2022-01-19,2022-01-20,SZ300144,1,0.850877192982456,0.959079283887468,0.9296675191815856,0.0,0.024782317481580884,0.00591715976331364,0.18169934640522856,15.3,15.2,15.2,15.19,15.25,15.44
2022-01-19,2022-01-20,SZ002396,2,0.7982456140350878,0.969309462915601,0.9411764705882353,0.0,0.01950078003120126,0.0038402457757296116,0.08913542463657231,26.14,26.13,26.37,26.37,26.31,26.38
2022-01-19,2022-01-20,SZ000069,3,0.7456140350877193,0.9974424552429667,0.9872122762148338,0.0,0.006142506142505999,0.006142506142505999,0.09523809523809534,8.19,8.21,8.39,8.47,8.51,8.49
2022-01-19,2022-01-20,SZ000090,4,0.736842105263158,0.9705882352941176,0.9424552429667519,0.0,0.006420545746388395,0.006420545746388395,0.0861244019138756,6.27,6.23,6.27,6.3,6.31,6.26
2022-01-19,2022-01-20,SH600446,5,0.7280701754385964,0.9309462915601023,0.887468030690537,0.0,0.01298701298701288,0.006109979633401208,0.09716599190283404,14.82,15.15,14.9,14.85,14.98,14.99
2022-01-20,2022-01-21,SH600009,1,0.8541666666666666,0.967989756722151,0.9321382842509603,0.0,0.030052440500201838,0.004523996852871637,0.06990405326023108,51.07,52.0,53.49,53.88,54.9,54.0
2022-01-20,2022-01-21,SZ002244,2,0.7708333333333334,1.0,0.9910371318822023,0.0,0.023450586264656792,0.003284072249589487,0.0851063829787233,6.11,6.03,6.01,5.96,6.02,6.04
2022-01-20,2022-01-21,SZ002353,3,0.7708333333333334,0.9884763124199744,0.9654289372599232,0.0,0.016574585635359185,0.004805591961555278,0.08260869565217388,46.0,45.93,45.49,45.6,45.7,45.31
2022-01-20,2022-01-21,SH600446,4,0.7083333333333334,0.9167733674775929,0.8706786171574904,0.0,0.02508250825082503,0.003878474466709747,0.04764971023824849,15.53,15.3,15.12,15.18,15.25,15.31
2022-01-20,2022-01-21,SH601128,5,0.7083333333333334,0.9014084507042254,0.852752880921895,0.0,0.020380434782608647,0.0053547523427042165,0.07456724367509993,7.51,7.43,7.35,7.31,7.4,7.35
2022-02-09,2022-02-10,SZ000708,1,0.9885057471264368,0.9865771812080537,0.974496644295302,0.0,0.04579831932773115,0.009326845093268421,0.055845721173162,24.89,24.4,24.21,24.67,24.6,24.85
2022-02-09,2022-02-10,SZ001965,2,0.8735632183908045,0.9664429530201343,0.8966442953020134,0.0,0.03583815028901749,0.009009009009008917,0.05803571428571419,8.96,8.84,8.76,8.8,8.77,8.95
2022-02-09,2022-02-10,SH600009,3,0.8045977011494253,0.9718120805369127,0.9530201342281879,0.0,0.022319795096963135,0.004855241862974369,0.06621331424481025,55.88,55.41,56.11,55.97,55.99,56.86
2022-02-09,2022-02-10,SZ000807,4,0.7931034482758621,0.9731543624161074,0.9557046979865772,0.0,0.013097072419106404,0.005351681957186605,0.04562737642585546,13.15,13.5,13.77,13.75,13.72,13.65
2022-02-09,2022-02-10,SH600188,5,0.7931034482758621,0.9557046979865772,0.938255033557047,0.0,0.0406130268199234,0.002954209748892156,0.05670103092783507,27.16,26.32,25.78,25.83,26.22,26.99
2022-02-10,2022-02-11,SH600926,1,0.8333333333333334,0.9704697986577181,0.9530201342281879,0.0,0.02553485162180813,0.005412719891745521,0.07335127860026924,14.86,14.88,14.96,14.98,15.02,14.96
2022-02-10,2022-02-11,SZ002092,2,0.8333333333333334,0.9248322147651007,0.8778523489932886,0.0,0.056772908366533814,0.008555133079847899,0.047125353440150786,10.61,10.75,11.2,11.24,11.2,11.38
2022-02-10,2022-02-11,SH600919,3,0.7738095238095238,0.9771812080536912,0.9610738255033557,0.0,0.016152716593245353,0.004354136429608246,0.08236994219653182,6.92,6.89,7.06,7.13,7.11,7.09
2022-02-10,2022-02-11,SH600009,4,0.7380952380952381,0.9892617449664429,0.9731543624161074,0.0,0.045298682548276625,0.0017295053614665434,0.057838397790055174,57.92,57.77,57.45,57.72,57.18,57.38
2022-02-10,2022-02-11,SH600029,5,0.7261904761904763,0.9140939597315436,0.8671140939597315,0.0,0.02774108322324964,0.0051679586563306845,0.06940874035989708,7.78,7.72,7.68,7.74,7.85,7.79
2022-02-11,2022-02-14,SH601088,1,0.9629629629629629,0.9812080536912752,0.9718120805369127,0.0,0.03351735015772883,0.008076923076923093,0.07439908431896214,26.21,26.06,25.76,25.96,25.9,26.14
2022-02-11,2022-02-14,SH601155,2,0.9259259259259259,0.9879194630872483,0.9798657718120806,0.0,0.02647887323943654,0.0055187637969094094,0.04088913282107587,36.44,35.8,35.84,35.48,35.09,34.77
2022-02-11,2022-02-14,SH601857,3,0.7592592592592592,0.9583892617449664,0.9369127516778524,0.0,0.056363636363636394,0.0017241379310344307,0.044750430292599175,5.81,5.99,5.9,5.83,5.81,5.81
2022-02-11,2022-02-14,SZ300144,4,0.7407407407407408,0.9570469798657718,0.9355704697986578,0.0,0.018979833926453082,0.004678362573099282,0.18626309662398133,17.18,17.32,17.01,16.95,16.85,16.74
2022-02-11,2022-02-14,SH600919,5,0.6851851851851851,0.9771812080536912,0.9651006711409396,0.0,0.02322206095791013,0.0014204545454545858,0.07801418439716312,7.05,7.05,6.91,6.9,6.9,6.87
2022-02-15,2022-02-16,SZ002092,1,0.8076923076923076,0.9946308724832215,0.9879194630872483,0.0,0.01449275362318847,0.0035842293906809264,0.08214285714285707,11.2,11.27,11.3,11.21,11.18,11.25
2022-02-15,2022-02-16,SZ300144,2,0.7179487179487181,0.974496644295302,0.959731543624161,0.0,0.00494132180358231,0.006184291898577499,0.21757836508912098,16.27,16.25,16.44,16.52,16.42,16.61
2022-02-15,2022-02-16,SH601615,3,0.717948717948718,0.9181208053691275,0.87248322147651,0.0,0.04159802306425031,0.0035714285714285587,0.043890865954922864,25.29,25.32,25.04,25.02,24.9,25.39
2022-02-15,2022-02-16,SH600446,4,0.7051282051282052,0.9114093959731544,0.9798657718120806,1.0,0.043451272501551896,0.0035820895522387097,0.07019631171921481,16.81,17.11,17.05,16.78,16.64,16.65
2022-02-15,2022-02-16,SH601225,5,0.6794871794871794,0.9852348993288591,0.974496644295302,0.0,0.0036603221083455484,0.0036603221083455484,0.12107950401167011,13.71,13.72,13.67,13.7,13.61,13.86
2022-02-16,2022-02-17,SH601857,1,0.9037037037037038,0.9704697986577181,0.9449664429530201,0.0,0.021818181818181737,0.005366726296959001,0.10676156583629881,5.62,5.58,5.58,5.58,5.57,5.56
2022-02-16,2022-02-17,SH600546,2,0.888888888888889,0.9852348993288591,0.9932885906040269,1.0,0.04223968565815328,0.0037842951750235443,0.05843543826578701,10.61,10.51,10.52,10.44,10.45,10.55
2022-02-16,2022-02-17,SH601128,3,0.8444444444444444,0.9677852348993289,0.9422818791946309,0.0,0.013280212483399723,0.005270092226614009,0.07994757536041952,7.63,7.67,7.59,7.58,7.59,7.65
2022-02-16,2022-02-17,SZ300144,4,0.7999999999999999,0.9758389261744966,0.9543624161073826,0.0,0.008000000000000007,0.008000000000000007,0.18986568986568986,16.38,16.3,15.91,16.1,16.08,15.94
2022-02-16,2022-02-17,SH600600,5,0.7703703703703703,0.9557046979865772,0.9234899328859061,0.0,0.011502666527240413,0.004360917869380199,0.08745994003928459,96.73,97.5,96.37,96.41,96.6,96.71
2022-02-17,2022-02-18,SH600546,1,0.8095238095238096,0.9932795698924731,0.9959677419354839,1.0,0.008563273073263655,0.004739336492890933,0.10283018867924532,10.6,10.55,10.79,10.83,10.72,10.9
2022-02-17,2022-02-18,SH603379,2,0.8095238095238096,0.9327956989247311,0.8938172043010753,0.0,0.014718614718614687,0.005145797598627766,0.0921501706484642,23.44,23.1,23.23,23.37,23.19,23.24
2022-02-17,2022-02-18,SH601899,3,0.8095238095238094,0.9798387096774194,0.9637096774193549,0.0,0.031078610603290757,0.001776198934280604,0.06560283687943258,11.28,11.34,11.24,11.21,11.17,11.11
2022-02-17,2022-02-18,SH600188,4,0.7380952380952381,0.9973118279569892,0.9946236559139785,1.0,0.020000000000000018,0.0010330578512396382,0.0935672514619883,29.07,29.32,29.75,29.83,29.61,29.94
2022-02-17,2022-02-18,SH603799,5,0.6428571428571429,0.9220430107526881,0.8790322580645161,0.0,0.05100131012539766,0.0010696140475978666,0.049951028403526054,112.31,111.51,111.97,112.45,111.3,111.77
2022-02-21,2022-02-22,SZ000937,1,0.8627450980392157,0.9395161290322581,0.9838709677419355,1.0,0.09118541033434635,0.043604651162790775,0.013927576601671321,7.18,6.9,6.95,7.0,7.0,6.86
2022-02-21,2022-02-22,SH601699,2,0.8137254901960785,0.9865591397849462,0.9637096774193549,0.0,0.06177325581395343,0.004123711340206171,0.01848049281314168,14.61,14.49,14.51,14.67,14.64,14.47
2022-02-21,2022-02-22,SH601088,3,0.8039215686274509,0.989247311827957,0.967741935483871,0.0,0.02001539645881456,0.00875523410734691,0.07056603773584902,26.5,26.18,26.5,26.66,26.85,26.36
2022-02-21,2022-02-22,SH601225,4,0.7450980392156863,0.9946236559139785,0.9798387096774194,0.0,0.01720578114246396,0.0047586675730795225,0.07983761840324766,14.78,14.73,14.83,14.93,14.94,14.8
2022-02-21,2022-02-22,SH601155,5,0.7450980392156863,0.9610215053763441,0.9260752688172043,0.0,0.015411456818842817,0.021650087770626048,0.0733104238258877,34.92,34.51,34.81,35.06,35.18,35.11
2022-02-22,2022-02-23,SZ000983,1,0.8632478632478633,0.978494623655914,0.9879032258064516,1.0,0.04694835680751175,0.009049773755656076,0.08430493273542594,11.15,10.97,10.94,10.9,11.09,11.04
2022-02-22,2022-02-23,SZ002129,2,0.8034188034188036,0.9448924731182796,0.9193548387096774,0.0,0.02369774200760122,0.013053097345132603,0.0805852806289582,45.79,45.99,46.5,46.8,46.72,46.8
2022-02-22,2022-02-23,SH600160,3,0.8034188034188036,0.9381720430107527,0.9798387096774194,1.0,0.04320557491289212,0.01217038539553772,0.06212424849699394,14.97,14.8,14.79,14.79,14.77,14.85
2022-02-22,2022-02-23,SH600546,4,0.7777777777777778,0.9959677419354839,0.9946236559139785,1.0,0.03982300884955747,0.0051325919589393365,0.07319148936170206,11.75,11.67,11.63,11.53,11.67,11.42
2022-02-22,2022-02-23,SZ002244,5,0.7777777777777778,0.9919354838709677,0.978494623655914,0.0,0.007739938080495223,0.015600624024960874,0.10445468509984646,6.51,6.53,6.47,6.45,6.47,6.37
2022-02-24,2022-02-25,SH600188,1,0.85,0.9986541049798116,0.9959623149394348,1.0,0.026038233355306417,0.022331691297208467,0.08352071956312224,31.13,30.57,30.85,30.69,30.0,30.79
2022-02-24,2022-02-25,SH600141,2,0.8333333333333334,0.9892328398384926,0.9730820995962315,0.0,0.035013262599469464,0.02039748953974896,0.06483854433623759,39.02,39.44,39.35,39.1,38.88,39.6
2022-02-24,2022-02-25,SZ002709,3,0.6833333333333332,0.9165545087483177,0.8896366083445492,0.0,0.02626262626262621,0.024296804113317805,0.07903543307086625,101.6,102.22,102.74,101.8,101.27,102.8
2022-02-24,2022-02-25,SH600546,4,0.65,0.9825033647375505,0.9919246298788694,1.0,0.018099547511312153,0.017179023508137492,0.10311111111111115,11.25,11.1,11.27,11.24,11.23,11.48
2022-02-24,2022-02-25,SH600392,5,0.65,0.955585464333782,0.9394347240915208,0.0,0.020558777016341567,0.020558777016341567,0.084710743801653,19.36,19.58,19.44,19.63,19.71,19.9
2022-02-28,2022-03-01,SZ300122,1,0.945736434108527,0.9973118279569892,0.9879032258064516,0.0,0.03258964143426302,0.0067588564325669065,0.1677598580137356,129.59,129.0,128.4,128.09,128.78,127.7
2022-02-28,2022-03-01,SH600160,2,0.8449612403100776,0.989247311827957,0.9932795698924731,1.0,0.022377622377622197,0.004810996563573866,0.08891928864569087,14.62,14.64,14.58,14.62,14.75,14.99
2022-02-28,2022-03-01,SH600141,3,0.8217054263565892,1.0,0.9919354838709677,0.0,0.03362831858407089,0.0024521824423737737,0.0643346379647749,40.88,41.0,40.25,40.26,39.9,39.79
2022-02-28,2022-03-01,SH603379,4,0.7674418604651163,0.9946236559139785,0.9825268817204301,0.0,0.01716738197424883,0.003386960203217493,0.08185654008438825,23.7,23.74,23.93,24.31,24.0,24.12
2022-02-28,2022-03-01,SZ002709,5,0.7674418604651163,0.9018817204301075,0.8723118279569892,0.0,0.03686997450480467,0.005515405096994996,0.057026669188575685,105.74,107.5,106.61,106.17,107.5,107.47
2022-03-02,2022-03-03,SH600188,1,0.9904761904761905,0.9986559139784946,0.9946236559139785,1.0,0.06059701492537317,0.018051575931232078,0.015198423867154531,35.53,35.3,35.6,36.47,36.3,36.01
2022-03-02,2022-03-03,SZ000807,2,0.9428571428571427,0.9959677419354839,0.9798387096774194,0.0,0.04295774647887329,0.00679809653297081,0.029709655638082255,14.81,15.42,15.47,15.46,15.7,15.57
2022-03-02,2022-03-03,SH601699,3,0.8857142857142857,0.978494623655914,0.9596774193548387,0.0,0.027118644067796627,0.006644518272425293,0.05676567656765674,15.15,15.04,15.41,15.66,15.87,15.87
2022-03-02,2022-03-03,SH600409,4,0.8571428571428572,0.9489247311827957,0.9220430107526881,0.0,0.05549263873159682,0.00756756756756749,0.050429184549356076,9.32,9.51,9.45,9.66,9.54,9.56
2022-03-02,2022-03-03,SZ002532,5,0.8095238095238094,0.9529569892473119,0.9274193548387096,0.0,0.02645502645502651,0.006224066390041472,0.046391752577319645,9.7,9.87,9.89,9.89,9.96,9.99
2022-03-03,2022-03-04,SH601898,1,0.9166666666666666,0.9973082099596231,0.9973082099596231,0.0,0.032697547683923744,0.003973509933774766,0.05408970976253302,7.58,7.6,7.47,7.42,7.47,7.36
2022-03-03,2022-03-04,SH601872,2,0.9166666666666666,0.9798115746971736,0.9609690444145357,0.0,0.03463203463203457,0.004201680672269115,0.05648535564853541,4.78,4.68,4.63,4.62,4.58,4.6
2022-03-03,2022-03-04,SH601969,3,0.9027777777777778,0.9246298788694481,0.8977119784656796,0.0,0.05175438596491233,0.007563025210084007,0.028356964136780682,11.99,11.9,11.76,11.63,11.59,11.6
2022-03-03,2022-03-04,SH601088,4,0.75,0.9690444145356663,0.9488559892328399,0.0,0.026176024279211063,0.003338278931750649,0.06950092421441778,27.05,26.8,26.75,26.6,26.58,26.54
2022-03-03,2022-03-04,SH600985,5,0.7222222222222222,0.9811574697173621,0.9623149394347241,0.0,0.010079193664506825,0.003576537911301747,0.07982893799002144,14.03,13.84,13.79,13.7,13.78,13.72
2022-03-04,2022-03-07,SZ002841,1,0.75,0.9341397849462365,0.896505376344086,0.0,0.009175419533985263,0.0023983691090059267,0.09881564780476126,83.59,82.81,81.58,81.86,81.71,81.4
2022-03-04,2022-03-07,SH600153,2,0.75,0.9166666666666666,0.8776881720430108,0.0,0.003816793893129722,0.005736137667303964,0.09885931558935379,10.52,10.36,10.48,10.48,10.51,10.5
2022-03-04,2022-03-07,SZ300144,3,0.6666666666666666,0.8655913978494624,0.8158602150537635,0.0,0.01775523145212432,0.005639097744360999,0.19626168224299056,16.05,15.65,15.41,15.42,15.45,15.34
2022-03-04,2022-03-07,SH600348,4,0.625,0.9905913978494624,0.9690860215053764,0.0,0.003937007874015741,0.0007849293563579884,0.10509803921568617,12.75,13.15,12.87,12.82,12.93,12.8
2022-03-04,2022-03-07,SH601869,5,0.625,0.8830645161290323,0.8387096774193549,0.0,0.007201309328968897,0.0035877364644487653,0.11082222944426401,30.77,30.78,30.32,30.36,30.28,30.27
2022-03-17,2022-03-18,SH603392,1,0.7777777777777778,0.963758389261745,0.934228187919463,0.0,0.042952159628175224,0.0007689350249904248,0.054706108336534776,260.3,260.0,251.78,252.0,253.6,257.72
2022-03-17,2022-03-18,SH600153,2,0.7777777777777777,0.934228187919463,0.8953020134228188,0.0,0.05858585858585852,0.0009551098376312517,0.021946564885496178,10.48,10.32,10.67,10.8,10.72,10.71
2022-03-17,2022-03-18,SH601869,3,0.611111111111111,0.8818791946308725,0.8456375838926175,0.0,0.019299499642601914,0.0088432967810399,0.07328190743338014,28.52,28.32,28.6,28.6,28.53,28.56
2022-03-17,2022-03-18,SZ002430,4,0.5555555555555556,0.9409395973154362,0.9046979865771813,0.0,0.026080743122543826,0.0003483106931381208,0.049791086350974956,28.72,28.61,28.82,28.57,28.69,28.81
2022-03-17,2022-03-18,SH600582,5,0.4444444444444445,0.8711409395973154,0.9167785234899329,1.0,0.01909307875894961,0.004705882352941115,0.07259953161592514,4.27,4.31,4.37,4.37,4.38,4.37
2022-03-18,2022-03-21,SZ300026,1,0.9066666666666667,0.978523489932886,0.9946308724832215,1.0,0.06624999999999992,0.03143893591293834,0.0773739742086752,8.53,8.1,8.24,8.21,8.42,8.34
2022-03-18,2022-03-21,SZ300142,2,0.8133333333333334,0.9355704697986578,0.9006711409395973,0.0,0.12144102266124346,0.0034662045060658286,0.05803108808290158,57.9,57.69,58.15,57.61,57.79,58.21
2022-03-18,2022-03-21,SZ001979,3,0.7599999999999999,0.9060402684563759,0.8644295302013423,0.0,0.07511380880121399,0.010699001426533572,0.03952011291460833,14.17,13.67,13.4,13.37,13.42,13.58
2022-03-18,2022-03-21,SZ002124,4,0.7466666666666666,0.9194630872483222,0.8832214765100671,0.0,0.05660377358490565,0.004484304932735439,0.049107142857142794,6.72,6.77,6.74,6.75,6.74,6.86
2022-03-18,2022-03-21,SZ002430,5,0.6933333333333334,0.974496644295302,0.9409395973154362,0.0,0.023068857042991997,0.004461221688400796,0.07857874957294153,29.27,28.99,29.11,29.2,29.05,29.2
2022-03-21,2022-03-22,SZ300142,1,0.963963963963964,0.9959731543624161,0.9825503355704698,0.0,0.03969492113017847,0.01334684912992068,0.15438479493164392,59.98,59.2,59.29,58.79,58.63,58.7
2022-03-21,2022-03-22,SH600546,2,0.7567567567567567,0.9704697986577181,0.974496644295302,1.0,0.03760000000000008,0.0030935808197989356,0.05474171164225128,12.97,13.1,13.42,13.38,13.22,13.34
2022-03-21,2022-03-22,SZ300003,3,0.7207207207207208,0.9154362416107382,0.876510067114094,0.0,0.025471698113207486,0.016838166510757757,0.17111315547378125,21.74,21.53,21.29,21.25,21.12,21.04
2022-03-21,2022-03-22,SH601012,4,0.6756756756756758,0.9986577181208054,0.9852348993288591,0.0,0.0235177620992697,0.002546071774975678,0.0732857661144033,82.69,83.01,82.81,82.72,82.27,82.32
2022-03-21,2022-03-22,SZ002430,5,0.6486486486486487,0.9758389261744966,0.9369127516778524,0.0,0.02104173853052793,0.0027100271002711285,0.07972972972972969,29.6,29.5,29.96,29.95,29.8,29.65
2022-03-22,2022-03-23,SZ000519,1,0.8666666666666667,0.9409395973154362,0.8966442953020134,0.0,0.0694581280788178,0.008360427310729168,0.030400736987563404,21.71,21.7,21.98,21.9,22.06,21.96
2022-03-22,2022-03-23,SH600988,2,0.7999999999999999,0.9798657718120806,0.9825503355704698,1.0,0.018814139110604478,0.014764338444065883,0.08282036933407944,17.87,17.55,17.66,17.6,17.52,17.49
2022-03-22,2022-03-23,SZ002268,3,0.7999999999999999,0.9516778523489933,0.9624161073825503,1.0,0.029321663019693522,0.014448997196463198,0.06866496598639471,47.04,47.02,47.95,48.52,47.98,48.15
2022-03-22,2022-03-23,SH600325,4,0.65,0.8899328859060402,0.8429530201342282,0.0,0.04245283018867907,0.00302571860816947,0.0678733031674208,6.63,6.58,6.62,6.65,6.64,6.59
2022-03-22,2022-03-23,SH601699,5,0.6333333333333334,0.9865771812080537,0.963758389261745,0.0,0.034671532846715314,0.0005882352941177782,0.06055261610817153,17.01,16.81,16.88,16.88,16.86,16.54
2022-03-23,2022-03-24,SZ300142,1,0.7575757575757577,0.9986577181208054,0.9838926174496644,0.0,0.01620773788776586,0.002751504729148868,0.16395129480363568,58.31,57.95,57.7,58.3,58.81,58.18
2022-03-23,2022-03-24,SH600153,2,0.7575757575757577,0.9691275167785235,0.9758389261744966,1.0,0.02415875754961161,0.0033812341504648735,0.08003369839932617,11.87,11.71,11.73,11.91,12.04,11.83
2022-03-23,2022-03-24,SH600988,3,0.7575757575757575,0.9758389261744966,0.9771812080536912,1.0,0.009686609686609504,0.006818181818181612,0.10722347629796847,17.72,18.08,18.29,18.21,18.24,18.12
2022-03-23,2022-03-24,SH601865,4,0.7575757575757575,0.974496644295302,0.9409395973154362,0.0,0.03999130623777458,0.0025141420490257804,0.06645768025078369,47.85,47.84,47.05,47.16,47.3,46.87
2022-03-23,2022-03-24,SZ002821,5,0.6060606060606061,0.9436241610738255,0.8993288590604027,0.0,0.062433597900131366,0.00029420417769943086,0.03523529411764703,340.0,336.89,335.5,334.56,334.5,340.99
2022-03-24,2022-03-25,SH600511,1,0.7142857142857143,0.8697986577181208,0.810738255033557,0.0,0.07000362713093944,0.026801253045596996,0.035932203389830386,29.5,31.6,32.5,33.44,33.43,32.58
2022-03-24,2022-03-25,SZ002821,2,0.6666666666666666,0.9718120805369127,0.9409395973154362,0.0,0.08029327080055815,0.0015962131219726672,0.026597790844644642,363.94,359.0,361.85,360.0,357.1,358.44
2022-03-24,2022-03-25,SH600547,3,0.6190476190476191,0.8604026845637583,0.8013422818791947,0.0,0.07414931437277783,0.004273504273504258,0.014657210401891385,21.15,21.18,21.64,21.85,21.57,21.68
2022-03-24,2022-03-25,SH600988,4,0.619047619047619,0.9906040268456375,0.978523489932886,1.0,0.03373893805309747,0.002682403433476477,0.041198501872659055,18.69,18.75,19.42,19.65,19.49,19.4
2022-03-24,2022-03-25,SH600153,5,0.5714285714285714,0.9892617449664429,0.9798657718120806,1.0,0.04782237403928247,0.0016326530612245094,0.06519967400163007,12.27,12.1,12.13,12.02,12.17,12.32
2022-03-25,2022-03-28,SZ300601,1,0.8333333333333334,0.9935400516795866,0.9664429530201343,0.0,0.009510275470048013,0.015839841601583915,0.2040064970221982,92.35,90.21,90.62,89.62,88.8,89.45
2022-03-25,2022-03-28,SZ300058,2,0.7083333333333334,0.8888888888888888,0.8429530201342282,0.0,0.03566878980891741,0.012453300124533273,0.15621156211562104,8.13,8.23,8.36,8.32,8.38,8.37
2022-03-25,2022-03-28,SZ300498,3,0.5833333333333334,0.9832041343669251,0.9503355704697987,0.0,0.004608294930875667,0.002759889604415866,0.19908256880733943,21.8,21.83,21.81,21.9,21.95,21.65
2022-03-25,2022-03-28,SH600755,4,0.5833333333333334,0.9534883720930233,0.9140939597315436,0.0,0.01897018970189701,0.0013315579227695107,0.08510638297872353,7.52,7.44,7.43,7.41,7.38,7.41
2022-03-25,2022-03-28,SZ300628,5,0.5833333333333334,0.8914728682170543,0.8456375838926175,0.0,0.028929476069857296,0.002337662337662527,0.17102876392847866,77.18,75.8,76.44,76.22,76.44,76.39
2022-04-06,2022-04-07,SH600376,1,0.8288288288288288,0.9793014230271668,0.9741602067183462,1.0,0.02384291725105192,0.006896551724137945,0.02876712328767117,7.3,7.2,7.03,7.09,7.12,7.1
2022-04-06,2022-04-07,SH600919,2,0.7477477477477478,0.9404915912031048,0.8927648578811369,0.0,0.024691358024691246,0.0053835800807537915,0.07764390896921025,7.47,7.4,7.52,7.54,7.51,7.45
2022-04-06,2022-04-07,SH600415,3,0.7117117117117117,0.9159120310478654,0.8578811369509044,0.0,0.06420233463035019,0.003669724770642091,0.04570383912248621,5.47,5.4,5.44,5.41,5.46,5.38
2022-04-06,2022-04-07,SZ300142,4,0.6846846846846847,0.9974126778783958,0.9728682170542635,0.0,0.03592706264668721,0.0015709547914122268,0.1261763680724992,57.38,57.0,56.96,57.6,57.53,57.64
2022-04-06,2022-04-07,SZ000002,5,0.6846846846846847,0.9844760672703752,0.9483204134366925,0.0,0.001407789770061063,0.012333965844402384,0.06513589503280226,21.34,20.9,20.93,21.41,21.59,21.3
2022-04-08,2022-04-11,SH600325,1,0.9487179487179488,0.9883570504527813,0.9832041343669251,1.0,0.025031289111389077,0.008620689655172376,0.0769230769230771,8.19,8.13,8.01,7.98,7.94,8.0
2022-04-08,2022-04-11,SZ000402,2,0.8717948717948718,0.9676584734799483,0.9186046511627907,0.0,0.08617886178861767,0.007541478129713397,0.025449101796407136,6.68,6.65,6.56,6.62,6.72,7.01
2022-04-08,2022-04-11,SH601009,3,0.6923076923076922,0.9741267787839586,0.9289405684754521,0.0,0.013204225352112742,0.002613240418118501,0.09470026064291925,11.51,11.51,11.47,11.42,11.4,11.45
2022-04-08,2022-04-11,SH601088,4,0.6666666666666666,0.981888745148771,0.9418604651162791,0.0,0.0159893404397069,0.001971090670170872,0.07409836065573772,30.5,30.15,30.52,30.59,30.49,31.19
2022-04-08,2022-04-11,SH600663,5,0.6410256410256411,0.8978007761966365,0.838501291989664,0.0,0.022298456260720467,0.005907172995780696,0.07130872483221484,11.92,11.76,11.6,11.56,11.5,11.62
2022-04-15,2022-04-18,SH600153,1,0.875,0.9896640826873385,0.9909677419354839,1.0,0.02836363636363637,0.009279086366880795,0.08628005657708626,14.14,13.95,14.32,14.32,14.2,14.08
2022-04-15,2022-04-18,SZ000069,2,0.7708333333333334,0.979328165374677,0.9535483870967741,0.0,0.020134228187919323,0.0066225165562914245,0.09342105263157907,7.6,7.47,7.44,7.52,7.43,7.5
2022-04-15,2022-04-18,SZ002557,3,0.7291666666666666,0.9664082687338501,0.9316129032258065,0.0,0.04411241551049461,0.0058259081562714865,0.0490630323679726,58.7,58.34,57.98,57.54,57.32,57.15
2022-04-15,2022-04-18,SZ000402,4,0.6458333333333334,0.9767441860465116,0.984516129032258,1.0,0.06323529411764706,0.0013850415512466352,0.05809128630705396,7.23,7.2,6.9,7.19,7.13,7.2
2022-04-15,2022-04-18,SZ000002,5,0.625,1.0,0.9896774193548387,0.0,0.016314779270633295,0.0023663038334122977,0.09065155807365444,21.18,20.88,20.78,21.05,20.79,20.98
2022-04-19,2022-04-20,SH600153,1,0.9444444444444445,1.0,0.9896640826873385,0.0,0.027205882352941302,0.010122921185828027,0.06227630637079451,13.97,13.87,13.94,13.85,13.87,14.03
2022-04-19,2022-04-20,SH601699,2,0.9097222222222223,0.9728331177231565,0.9366925064599483,1.0,0.04406779661016946,0.00983606557377037,0.031385281385281294,18.48,18.18,17.97,17.92,17.64,17.83
2022-04-19,2022-04-20,SH601088,3,0.7430555555555555,0.9935316946959897,0.9741602067183462,0.0,0.02355673523556745,0.0035783994795055563,0.06871961102106972,30.85,30.5,30.11,30.01,29.72,30.1
2022-04-19,2022-04-20,SH600307,4,0.7430555555555555,0.9172056921086675,0.958656330749354,1.0,0.04065040650406515,0.007874015748031482,0.04296875,2.56,2.31,2.32,2.32,2.32,2.32
2022-04-19,2022-04-20,SZ000069,5,0.7291666666666666,0.9366106080206986,0.900516795865633,0.0,0.024011299435028333,0.00694444444444442,0.08137931034482748,7.25,7.22,7.22,7.26,7.16,7.07
2022-04-20,2022-04-21,SZ002557,1,0.9259259259259259,0.9702457956015524,0.9405684754521964,0.0,0.05372555927426448,0.013039796782387869,0.04095620193915073,59.82,59.27,59.5,59.54,58.99,59.79
2022-04-20,2022-04-21,SZ002032,2,0.6666666666666666,0.9586028460543338,0.9302325581395349,0.0,0.013644115974985827,0.006207674943566666,0.09235371097401379,53.49,53.47,52.69,53.15,53.21,53.79
2022-04-20,2022-04-21,SH600690,3,0.6666666666666666,0.8978007761966365,0.8591731266149871,0.0,0.020433694745621178,0.00699588477366242,0.07478545157335525,24.47,24.3,24.16,24.14,24.17,24.7
2022-04-20,2022-04-21,SZ300015,4,0.5925925925925926,0.9741267787839586,0.9444444444444444,0.0,0.01844572119746002,0.0002970002970001939,0.178147268408551,33.68,33.3,33.45,32.98,33.2,33.32
2022-04-20,2022-04-21,SZ002507,5,0.5555555555555555,0.9870633893919794,0.962532299741602,0.0,0.006397774687065372,0.00221606648199435,0.09369817578772799,36.18,35.85,36.42,36.53,36.48,36.2
2022-05-05,2022-05-06,SH600026,1,0.9444444444444445,1.0,0.9987080103359173,1.0,0.050802139037433136,0.011583011583011782,0.10432569974554706,7.86,7.79,8.12,8.23,8.33,8.29
2022-05-05,2022-05-06,SZ300244,2,0.9166666666666666,0.9806201550387597,0.9651162790697675,0.0,0.07012831990450619,0.00872011251758087,0.0939765755716675,35.86,34.5,36.29,36.35,36.3,36.77
2022-05-05,2022-05-06,SH600795,3,0.8194444444444445,0.9987080103359173,0.9974160206718347,0.0,0.02657807308970095,0.006514657980456029,0.0744336569579287,3.09,3.0,3.05,3.03,3.01,3.02
2022-05-05,2022-05-06,SH600486,4,0.7222222222222222,0.9612403100775194,0.9302325581395349,0.0,0.061010558069381604,0.0019228030195128643,0.025090624777880377,140.69,135.9,136.79,137.52,138.59,136.88
2022-05-05,2022-05-06,SH603517,5,0.6944444444444445,0.900516795865633,0.8617571059431525,0.0,0.04869169510807736,0.004358247984310282,0.049034497721848425,46.09,44.89,44.3,44.44,44.5,44.94
2022-05-06,2022-05-09,SZ300244,1,0.9777777777777779,0.9987080103359173,0.9935400516795866,0.0,0.08956521739130441,0.008856682769726287,0.13328012769353537,37.59,36.58,35.79,35.9,36.3,36.11
2022-05-06,2022-05-09,SH600026,2,0.8888888888888888,0.9974160206718347,0.9974160206718347,1.0,0.07445442875481367,0.0072202166064980755,0.05137395459976113,8.37,8.29,8.14,8.12,8.17,8.22
2022-05-06,2022-05-09,SZ000830,3,0.8777777777777779,0.9922480620155039,0.975452196382429,0.0,0.05108273181565792,0.007987220447284171,0.08610670892762795,18.93,18.85,18.61,18.48,18.59,18.52
2022-05-06,2022-05-09,SH601958,4,0.8222222222222223,0.9844961240310077,0.9664082687338501,0.0,0.024691358024691246,0.008097165991902688,0.11646586345381538,7.47,7.33,7.36,7.38,7.42,7.39
2022-05-06,2022-05-09,SH601838,5,0.7444444444444445,0.9909560723514211,0.9741602067183462,0.0,0.008163265306122547,0.008751458576429227,0.1046847888953153,17.29,17.11,17.07,16.91,16.88,16.76
2022-05-09,2022-05-10,SZ000895,1,0.8965517241379309,0.9780361757105943,0.9341085271317829,0.0,0.06956521739130439,0.005976722239698029,0.053470919324577704,31.98,31.54,31.56,31.6,31.43,31.31
2022-05-09,2022-05-10,SH601390,2,0.8045977011494253,0.9857881136950905,0.9715762273901809,0.0,0.013235294117647012,0.007309941520467822,0.08998548621190139,6.89,6.8,6.82,6.79,6.78,6.87
2022-05-09,2022-05-10,SZ002078,3,0.7816091954022988,0.9677002583979328,0.9470284237726099,0.0,0.030278884462151323,0.003103180760279267,0.051817478731631894,12.93,13.03,13.08,12.95,12.83,12.77
2022-05-09,2022-05-10,SH601156,4,0.7471264367816092,0.9844961240310077,0.9948320413436692,1.0,0.02713987473903967,0.0020366598778003286,0.0890243902439023,24.6,24.03,23.86,24.25,24.19,24.26
2022-05-09,2022-05-10,SH600025,5,0.6896551724137931,0.9366925064599483,0.8940568475452196,0.0,0.01680672268907557,0.004983388704318914,0.08760330578512399,6.05,6.04,6.12,6.16,6.27,6.34
2022-05-10,2022-05-11,SH601800,1,0.8916666666666666,0.9767441860465116,0.9483204134366925,0.0,0.07269155206286837,0.003676470588235281,0.04578754578754585,10.92,10.84,10.86,10.75,10.72,10.67
2022-05-10,2022-05-11,SH601958,2,0.8416666666666667,0.9832041343669251,0.958656330749354,0.0,0.06085753803596128,0.002614379084967311,0.054758800521512274,7.67,7.67,7.64,7.61,7.65,7.61
2022-05-10,2022-05-11,SH600011,3,0.8166666666666668,0.9392764857881137,0.8979328165374677,0.0,0.06901615271659334,0.0041379310344829,0.05631868131868134,7.28,7.25,7.26,7.32,7.3,7.32
2022-05-10,2022-05-11,SH603517,4,0.7666666666666666,0.9198966408268734,0.8746770025839793,0.0,0.08131067961165028,0.003830554303740241,0.0345679012345681,44.55,44.79,45.7,45.4,46.21,46.46
2022-05-10,2022-05-11,SH603605,5,0.7333333333333334,0.9612403100775194,0.9224806201550387,0.0,0.05044751830756722,0.002173575531749794,0.0720888200361478,193.65,196.39,193.53,194.98,195.51,198.78
2022-05-11,2022-05-12,SH600011,1,0.7575757575757577,0.9819121447028424,0.9560723514211886,0.0,0.0193103448275862,0.008185538881309684,0.08660351826792967,7.39,7.47,7.42,7.55,7.45,7.35
2022-05-11,2022-05-12,SH600132,2,0.7575757575757577,0.9289405684754521,0.8927648578811369,0.0,0.04853527474432329,0.004400166044001619,0.05108282360720784,120.98,120.01,120.33,120.87,120.4,120.88
2022-05-11,2022-05-12,SH600729,3,0.7272727272727272,0.958656330749354,0.9263565891472868,0.0,0.013703443429374573,0.009094088842252601,0.08110918544194101,28.85,28.87,28.7,28.84,28.8,28.68
2022-05-11,2022-05-12,SH603456,4,0.5757575757575757,0.9870801033591732,0.9664082687338501,0.0,0.026879547291835282,0.00019685039370087587,0.08148002361739826,50.81,50.55,50.76,50.93,51.17,52.04
2022-05-11,2022-05-12,SH600025,5,0.5454545454545454,0.9341085271317829,0.900516795865633,0.0,0.009216589861751334,0.003053435114503955,0.08980213089802125,6.57,6.52,6.65,6.72,6.72,6.69
2022-05-12,2022-05-13,SH600026,1,0.8765432098765432,0.958656330749354,0.9496124031007752,1.0,0.03415300546448097,0.014745308310992078,0.07265521796565366,7.57,7.47,7.41,7.48,7.56,7.67
2022-05-12,2022-05-13,SZ002985,2,0.8209876543209876,0.9715762273901809,0.9354005167958657,0.0,0.02287357896178599,0.007827260458839636,0.08248527048741283,74.68,74.89,74.51,74.6,73.7,74.4
2022-05-12,2022-05-13,SZ002311,3,0.7901234567901234,0.9974160206718347,0.979328165374677,0.0,0.019743178170144482,0.0050624901123239585,0.08736030221942381,63.53,63.71,64.06,64.05,64.1,64.09
2022-05-12,2022-05-13,SH600820,4,0.7839506172839505,0.9431524547803618,0.8927648578811369,0.0,0.023850085178875657,0.011784511784511675,0.08319467554076532,6.01,5.99,5.94,6.0,6.0,6.02
2022-05-12,2022-05-13,SH603899,5,0.7839506172839505,0.9302325581395349,0.8436692506459949,0.0,0.038930976430976205,0.007551020408163245,0.058740125582337654,49.37,49.1,48.89,48.8,49.0,49.12
2022-05-13,2022-05-16,SH603517,1,0.9102564102564102,0.9961240310077519,0.9806201550387597,0.0,0.03144786829886015,0.007628865979381283,0.07652956824227553,48.87,48.43,49.2,48.68,48.84,49.16
2022-05-13,2022-05-16,SH601238,2,0.8076923076923076,0.9534883720930233,0.8992248062015504,0.0,0.07336523125996819,0.005979073243647326,0.015601783060921193,13.46,13.57,13.29,13.34,13.32,13.12
2022-05-13,2022-05-16,SZ002294,3,0.7564102564102564,0.9974160206718347,0.975452196382429,0.0,0.018992248062015493,0.0030522701259061424,0.06732597945987062,26.29,26.75,26.61,26.38,26.25,26.02
2022-05-13,2022-05-16,SH600236,4,0.6923076923076924,0.9832041343669251,0.9547803617571059,0.0,0.016233766233766156,0.0032051282051281937,0.08306709265175716,6.26,6.22,6.16,6.13,6.12,6.12
2022-05-13,2022-05-16,SH600795,5,0.6923076923076922,0.9987080103359173,0.9844961240310077,0.0,0.01273885350318471,0.003154574132492094,0.08176100628930816,3.18,3.23,3.2,3.19,3.22,3.19
2022-05-16,2022-05-17,SH600795,1,0.7916666666666666,0.9974160206718347,0.9844961240310077,0.0,0.003095975232198178,0.009345794392523477,0.08333333333333326,3.24,3.24,3.2,3.18,3.15,3.16
2022-05-16,2022-05-17,SH603605,2,0.6666666666666666,0.8953488372093024,0.8242894056847545,0.0,0.0041621143540917505,0.006886118211695935,0.0998911973472878,193.01,191.27,194.68,193.61,194.12,196.05
2022-05-16,2022-05-17,SZ002831,3,0.625,0.8940568475452196,0.8217054263565892,0.0,0.005261180007515964,0.0041291291291292165,0.09420560747663553,26.75,26.6,26.95,26.73,26.78,26.7
2022-05-16,2022-05-17,SH600885,4,0.5833333333333334,0.9095607235142119,0.9573643410852714,1.0,0.01383399209486158,0.0005851375073140375,0.0846003898635479,51.3,51.0,51.19,51.17,50.99,51.46
2022-05-16,2022-05-17,SZ002624,5,0.5833333333333334,0.8824289405684754,0.9496124031007752,1.0,0.045454545454545414,0.0027247956403271267,0.052309782608695565,14.72,14.7,14.73,14.75,14.63,14.65
2022-05-17,2022-05-18,SH600399,1,0.937984496124031,0.9883720930232558,0.9870801033591732,1.0,0.04608294930875578,0.009529860228716602,0.05349276274386394,15.89,16.0,15.55,15.49,15.57,15.6
2022-05-17,2022-05-18,SH601238,2,0.937984496124031,0.9819121447028424,0.9470284237726099,0.0,0.038812785388127935,0.011860637509266025,0.05787545787545789,13.65,13.58,13.27,13.34,13.3,13.9
2022-05-17,2022-05-18,SH600885,3,0.8217054263565892,0.9457364341085271,0.9702842377260982,1.0,0.02960784313725484,0.011753371868978846,0.06893924966673026,52.51,52.65,53.02,52.95,53.48,53.01
2022-05-17,2022-05-18,SZ002444,4,0.7906976744186046,0.9961240310077519,0.9806201550387597,0.0,0.023242630385487573,0.0038932146829810943,0.08975069252077561,18.05,17.82,17.8,17.9,17.96,18.02
2022-05-17,2022-05-18,SZ300124,5,0.7131782945736435,0.91343669250646,0.8488372093023255,0.0,0.03218997361477571,0.006345395300977552,0.15831629175187456,58.68,58.47,58.06,58.29,58.32,58.27
2022-05-19,2022-05-20,SZ300751,1,0.8541666666666666,0.9896640826873385,0.9780361757105943,0.0,0.07423976608187122,0.004209375427087547,0.12948093306840147,367.39,372.0,368.7,364.78,368.08,367.0
2022-05-19,2022-05-20,SH600027,2,0.8229166666666666,0.9651162790697675,0.9069767441860465,0.0,0.04557640750670244,0.005154639175257714,0.07179487179487176,3.9,3.9,4.0,3.98,3.96,3.9
2022-05-19,2022-05-20,SH600522,3,0.7916666666666666,0.9689922480620154,0.91343669250646,0.0,0.09259259259259256,0.004107981220657253,0.02688486265341905,17.11,17.15,17.24,17.1,17.2,17.12
2022-05-19,2022-05-20,SH600863,4,0.7916666666666666,0.9418604651162791,0.9651162790697675,1.0,0.044198895027624197,0.010695187165775222,0.07671957671957674,3.78,3.73,3.83,3.8,3.8,3.75
2022-05-19,2022-05-20,SZ300763,5,0.7864583333333334,0.9961240310077519,0.9844961240310077,0.0,0.07950187035370981,0.002771057840334157,0.13185367137468207,227.98,231.0,227.01,224.78,226.5,223.91
2022-05-20,2022-05-23,SZ300413,1,0.865079365079365,0.9974160206718347,0.9832041343669251,0.0,0.028857142857142692,0.0033435497353022647,0.1646764787559012,36.01,36.99,36.55,36.89,36.65,36.5
2022-05-20,2022-05-23,SH601615,2,0.8571428571428571,0.9521963824289406,0.8837209302325582,0.0,0.030595813204508993,0.009463722397476504,0.06289062499999987,25.6,25.3,25.23,25.19,25.33,25.16
2022-05-20,2022-05-23,SH600486,3,0.7857142857142857,0.9767441860465116,0.9224806201550387,0.0,0.013208228076506456,0.0048675733715104474,0.0889727881464597,140.38,140.63,139.52,140.21,140.89,141.4
2022-05-20,2022-05-23,SZ002250,4,0.6904761904761904,0.9806201550387597,0.9366925064599483,0.0,0.015037593984962294,0.002024291497975561,0.0828282828282827,14.85,14.91,15.09,15.09,15.16,15.38
2022-05-20,2022-05-23,SZ002032,5,0.6904761904761904,0.9121447028423773,0.8488372093023255,0.0,0.04530567685589526,0.002617801047120505,0.05900783289817224,57.45,57.51,56.72,56.57,57.15,56.75
2022-05-23,2022-05-24,SH600399,1,0.8055555555555555,0.9870801033591732,0.9870801033591732,1.0,0.04077540106951871,0.003221649484536071,0.12395632626846487,15.57,15.42,15.4,15.57,15.71,15.94
2022-05-23,2022-05-24,SH603986,2,0.7222222222222223,0.8914728682170543,0.8307493540051679,0.0,0.02923611111111124,0.006861413043478315,0.05579920383239978,148.21,147.0,145.05,145.29,145.28,146.65
2022-05-23,2022-05-24,SH601238,3,0.7222222222222222,0.975452196382429,0.9121447028423773,0.0,0.054054054054053946,0.0014265335235377208,0.04843304843304863,14.04,14.3,14.79,15.28,15.08,14.97
2022-05-23,2022-05-24,SZ000999,4,0.6666666666666666,0.9534883720930233,0.8901808785529716,0.0,0.008148148148148016,0.00665680473372765,0.08817046289493025,40.83,40.65,40.26,39.97,40.22,39.91
2022-05-23,2022-05-24,SZ002250,5,0.611111111111111,0.9806201550387597,0.9250645994832042,0.0,0.02012072434607659,0.0013166556945358732,0.07560815253122932,15.21,15.1,15.09,15.0,15.03,14.94
2022-05-26,2022-05-27,SH600862,1,0.8571428571428571,0.9754204398447607,0.963777490297542,1.0,0.05714285714285716,0.005825242718446644,0.025868725868726017,25.9,26.26,25.3,25.61,26.04,25.52
2022-05-26,2022-05-27,SZ300413,2,0.8412698412698413,1.0,0.9831824062095731,0.0,0.021321961620468954,0.006302521008403339,0.1808455114822547,38.32,38.36,37.78,37.85,38.08,37.83
2022-05-26,2022-05-27,SZ000988,4,0.6507936507936508,0.9456662354463131,0.8783958602846055,0.0,0.023771790808240878,0.004145077720207224,0.07688338493292068,19.38,19.65,19.8,19.68,19.87,19.8
2022-05-26,2022-05-27,SH601238,5,0.6190476190476191,0.9961190168175937,0.9741267787839586,0.0,0.015851137146795313,0.0013586956521738358,0.09905020352781535,14.74,14.65,14.79,14.92,14.96,14.81
2022-05-27,2022-05-30,SZ000703,1,0.9166666666666666,0.9793014230271668,0.9404915912031048,0.0,0.0370370370370372,0.004098360655737876,0.06224489795918364,9.8,10.04,10.27,10.17,10.16,10.28
2022-05-27,2022-05-30,SZ002468,2,0.8333333333333334,1.0,0.981888745148771,0.0,0.04907407407407405,0.0017683465959328348,0.04766107678729026,11.33,11.38,11.16,11.07,11.14,11.04
2022-05-27,2022-05-30,SZ002353,3,0.7083333333333334,0.9598965071151359,0.8835705045278137,0.0,0.031165311653116534,0.002370916754478314,0.05545335085413927,38.05,38.33,38.33,37.88,37.85,37.95
2022-05-27,2022-05-30,SZ000988,4,0.6666666666666666,0.9689521345407504,0.9159120310478654,0.0,0.01526717557251911,0.002512562814070307,0.06716791979949877,19.95,19.7,19.57,19.71,19.78,19.91
2022-05-27,2022-05-30,SH600233,5,0.375,0.908150064683053,0.943078913324709,1.0,0.01662337662337654,0.001023017902813228,0.07664793050587626,19.57,19.57,19.87,19.8,20.09,20.03
2022-05-31,2022-06-01,SZ000703,1,0.9407407407407407,1.0,0.9831387808041504,0.0,0.03965183752417789,0.0065543071161049404,0.06604651162790698,10.75,10.63,10.59,10.48,10.42,10.42
2022-05-31,2022-06-01,SZ002353,2,0.9185185185185185,0.9987029831387808,0.9766536964980544,0.0,0.024956758092414155,0.017165277096615972,0.08413693346190931,41.48,40.4,39.35,39.26,39.28,39.5
2022-05-31,2022-06-01,SH601238,3,0.7925925925925926,0.993514915693904,0.9714656290531777,0.0,0.015829318651066737,0.006821282401091366,0.08536585365853666,14.76,15.2,15.65,15.65,15.62,15.93
2022-05-31,2022-06-01,SH600563,4,0.7703703703703703,0.9312581063553826,0.8625162127107653,0.0,0.056390302304699214,0.004211005519831668,0.04799682665608884,176.47,176.9,173.73,172.88,172.25,171.89
2022-05-31,2022-06-01,SZ000768,5,0.762962962962963,0.9779507133592736,0.940337224383917,0.0,0.027985810011824874,0.003462870334744128,0.08013803680981613,26.08,25.99,26.08,26.26,26.39,26.54
2022-06-01,2022-06-02,SZ000400,1,0.9117647058823529,0.9896373056994818,0.9546632124352331,0.0,0.07306889352818358,0.007349338559529572,0.03696498054474717,20.56,20.2,20.49,20.35,20.25,20.26
2022-06-01,2022-06-02,SH600546,2,0.9117647058823529,0.966321243523316,0.9727979274611399,1.0,0.10591549295774638,0.06108108108108112,0.005094243504839557,19.63,17.58,16.29,16.31,16.78,17.12
2022-06-01,2022-06-02,SH600150,3,0.8137254901960785,0.9494818652849741,0.8898963730569949,0.0,0.05579399141630903,0.02713987473903967,0.04065040650406515,19.68,19.4,19.12,19.14,18.95,19.02
2022-06-01,2022-06-02,SH600316,4,0.7450980392156863,0.939119170984456,0.8704663212435233,0.0,0.053348909657320975,0.009328358208955168,0.03364140480591504,27.05,26.57,26.85,26.58,26.62,26.66
2022-06-01,2022-06-02,SZ000009,5,0.676470588235294,0.9727979274611399,0.9740932642487047,1.0,0.059372349448685524,0.0024077046548955927,0.033626901521216945,12.49,12.39,12.5,12.7,12.7,12.86
2022-06-02,2022-06-06,SH600487,1,0.9015151515151515,0.9857328145265889,0.9546044098573282,0.0,0.059523809523809534,0.007547169811320753,0.03745318352059934,13.35,13.21,13.19,13.34,13.15,13.08
2022-06-02,2022-06-06,SZ002028,2,0.8787878787878788,0.9909208819714657,0.9675745784695201,0.0,0.02285714285714291,0.02073613271124941,0.08125952260030456,39.38,38.7,38.53,38.78,38.57,38.98
2022-06-02,2022-06-06,SZ300223,3,0.8560606060606061,0.9727626459143969,0.9260700389105059,0.0,0.030491876251947492,0.012021857923497192,0.170842332613391,92.6,92.0,91.6,92.9,93.78,93.31
2022-06-02,2022-06-06,SZ002409,4,0.8333333333333334,0.9390402075226978,0.8715953307392996,0.0,0.10836094328590917,0.007083407118824159,0.005978547564621017,56.87,56.98,56.6,57.1,57.48,55.45
2022-06-02,2022-06-06,SZ300274,5,0.8257575757575757,0.9896238651102465,0.9662775616083009,0.0,0.05863151286880086,0.0036900369003689537,0.14990512333965844,84.32,85.65,89.19,88.93,88.17,87.34
2022-06-06,2022-06-07,SZ300274,1,0.98,1.0,0.9818417639429312,0.0,0.0730881494454172,0.010000000000000009,0.10978130780110984,91.91,94.22,95.68,96.58,97.48,96.82
2022-06-06,2022-06-07,SZ300724,2,0.98,0.980544747081712,0.9546044098573282,0.0,0.14973262032085577,0.02089268755935425,0.04651162790697683,86.0,85.15,85.61,87.04,88.5,86.46
2022-06-06,2022-06-07,SZ300223,3,0.8933333333333334,0.9844357976653697,0.9610894941634242,0.0,0.04652173913043489,0.008167539267015744,0.15018695471541332,96.28,95.11,95.18,94.59,94.91,94.59
2022-06-06,2022-06-07,SH600718,4,0.7799999999999999,0.9156939040207522,0.8586251621271076,0.0,0.06568627450980391,0.00928505106778088,0.035878564857405815,10.87,10.78,10.76,10.72,10.74,10.64
2022-06-06,2022-06-07,SH600563,5,0.7466666666666667,0.9701686121919585,0.9390402075226978,0.0,0.05480225988700549,0.0029007305543617967,0.03492233529726829,186.7,186.97,187.45,187.02,187.86,186.73
2022-06-07,2022-06-08,SZ300724,1,0.8095238095238096,0.9987029831387808,0.9844357976653697,0.0,0.020551967116852587,0.0023068050749712743,0.16662830840046028,86.9,86.7,86.3,86.12,85.51,86.25
2022-06-07,2022-06-08,SZ000703,2,0.8095238095238096,0.9896238651102465,0.9714656290531777,0.0,0.011428571428571344,0.010466222645099776,0.08945386064030147,10.62,10.85,10.93,10.87,10.8,10.74
2022-06-07,2022-06-08,SH600570,3,0.6666666666666666,0.8651102464332037,0.8093385214007782,0.0,0.027251184834123254,0.008374040474528943,0.07081891580161481,43.35,43.23,43.0,42.6,42.95,43.45
2022-06-07,2022-06-08,SZ300782,4,0.6428571428571429,0.880674448767834,0.8300907911802854,0.0,0.047016989332279824,0.001937709721631542,0.15014150943396243,212.0,209.0,209.3,209.4,208.88,212.88
2022-06-07,2022-06-08,SH600549,5,0.6428571428571428,0.9883268482490273,0.9792477302204928,1.0,0.005698005698005826,0.0023663038334122977,0.1015108593012275,21.18,21.0,21.11,21.21,21.4,21.5
2022-06-08,2022-06-09,SH600409,1,0.8684210526315791,0.9896238651102465,0.9494163424124513,0.0,0.056580565805657956,0.004678362573099282,0.03608847497089651,8.59,8.73,8.74,8.79,8.7,8.64
2022-06-08,2022-06-09,SH601238,2,0.8157894736842106,0.9857328145265889,0.9559014267185474,0.0,0.022292993630573354,0.006900878293601087,0.0760124610591899,16.05,16.04,15.86,15.73,15.82,15.77
2022-06-08,2022-06-09,SZ000887,3,0.8070175438596491,0.980544747081712,0.9753566796368353,1.0,0.027967681789931698,0.006082725060827077,0.06590084643288985,16.54,16.6,16.41,16.2,16.22,16.2
2022-06-08,2022-06-09,SZ300251,4,0.7719298245614036,0.9766536964980544,0.9195849546044098,0.0,0.020000000000000018,0.006968641114982743,0.16955017301038078,8.67,8.6,8.59,8.59,8.68,8.8
2022-06-08,2022-06-09,SH600795,5,0.6842105263157895,0.9390402075226978,0.8949416342412452,0.0,0.02499999999999991,0.005449591280654031,0.07317073170731714,3.69,3.67,3.74,3.78,3.79,3.78
2022-06-09,2022-06-10,SZ000301,1,0.7777777777777777,0.9468223086900129,0.8988326848249028,0.0,0.015325670498084198,0.010165184243964509,0.08427672955974841,15.9,15.5,15.35,15.48,15.57,15.9
2022-06-09,2022-06-10,SZ000963,2,0.7407407407407406,0.9286640726329443,0.8884565499351491,0.0,0.024114544084400835,0.004187192118226601,0.07603630120186389,40.77,40.3,40.61,40.64,40.62,40.33
2022-06-09,2022-06-10,SZ002203,3,0.7037037037037037,0.9234760051880675,0.8819714656290532,0.0,0.018324607329842868,0.007772020725388629,0.07712082262210807,11.67,11.52,11.49,11.53,11.59,11.61
2022-06-09,2022-06-10,SZ002466,4,0.6296296296296297,0.9623865110246433,0.9779507133592736,1.0,0.010277115066984699,0.004103967168262557,0.09754768392370572,110.1,108.89,107.87,108.2,109.03,109.04
2022-06-09,2022-06-10,SH600150,5,0.6296296296296297,0.914396887159533,0.867704280155642,0.0,0.021716101694915224,0.004687499999999956,0.07931570762052886,19.29,19.0,19.08,19.22,19.25,19.25
2022-06-10,2022-06-13,SZ300724,1,0.9689922480620154,0.993514915693904,0.9792477302204928,0.0,0.12204819277108436,0.03351459327488615,0.09180715129389028,93.13,92.0,93.5,92.98,92.69,97.29
2022-06-10,2022-06-13,SZ300014,2,0.8604651162790699,0.980544747081712,0.9636835278858625,0.0,0.061159737417942894,0.010312499999999947,0.13094133415816067,96.99,95.01,95.69,95.37,95.31,96.91
2022-06-10,2022-06-13,SH600438,3,0.813953488372093,0.9883268482490273,0.959792477302205,0.0,0.07398520295940814,0.0035500747384153986,0.04096071495066078,53.71,53.52,54.16,54.28,54.61,55.23
2022-06-10,2022-06-13,SZ002594,4,0.7984496124031009,0.9896238651102465,0.9714656290531777,0.0,0.07934681181959569,0.002890089881795399,0.022016656580502003,347.01,346.0,347.99,346.52,350.8,349.6
2022-06-10,2022-06-13,SZ000703,5,0.7829457364341085,0.9948119325551232,0.980544747081712,0.0,0.08341232227488149,0.002631578947368318,0.026246719160105014,11.43,11.47,11.38,11.31,11.4,11.51
2022-06-13,2022-06-14,SZ300724,1,0.9166666666666666,0.9987029831387808,0.9896238651102465,0.0,0.06880434782608691,0.008616268335214006,0.13963185192718397,98.33,95.75,97.95,96.47,95.78,94.65
2022-06-13,2022-06-14,SH603077,2,0.8928571428571429,0.9701686121919585,0.9416342412451362,0.0,0.08717948717948731,0.01193317422434359,0.011792452830188704,4.24,4.18,4.25,4.32,4.27,4.26
2022-06-13,2022-06-14,SZ300450,3,0.869047619047619,0.9688715953307393,0.940337224383917,0.0,0.083132114522249,0.01045856798069189,0.10700636942675157,62.8,61.2,60.67,60.33,60.35,61.0
2022-06-13,2022-06-14,SH601238,4,0.8333333333333334,0.9779507133592736,0.9507133592736705,0.0,0.048458149779735615,0.01030927835051565,0.06182472989195675,16.66,16.48,16.27,16.33,16.4,16.53
2022-06-13,2022-06-14,SZ002466,5,0.8214285714285715,0.9714656290531777,0.9870298313878081,1.0,0.048265999284948125,0.011034482758620623,0.04595839017735326,117.28,114.95,115.21,116.0,115.7,116.43
2022-06-15,2022-06-16,SH601958,1,0.75,0.9119170984455959,0.8678756476683938,0.0,0.06444444444444453,0.022411953041622246,0.03340292275574108,9.58,9.36,9.28,9.22,9.18,9.15
2022-06-15,2022-06-16,SH603993,2,0.625,0.9870466321243523,0.9559585492227979,0.0,0.010362694300518172,0.0034305317324183626,0.08888888888888902,5.85,5.82,5.87,5.86,5.82,5.78
2022-06-15,2022-06-16,SH601100,3,0.625,0.9378238341968912,0.8886010362694301,0.0,0.013450594930160431,0.004615384615384688,0.08371618172536999,58.77,58.5,58.7,58.0,58.08,57.68
2022-06-15,2022-06-16,SZ000975,4,0.625,0.917098445595855,0.8743523316062176,0.0,0.025145067698259194,0.004739336492890933,0.08867924528301874,10.6,10.66,10.72,10.75,10.68,10.7
2022-06-15,2022-06-16,SZ000661,5,0.625,0.8743523316062176,0.8173575129533679,0.0,0.06035805626598467,0.007996110000540124,0.03387468510478642,186.57,184.0,185.49,185.51,184.85,187.48
2022-06-16,2022-06-17,SZ002050,1,0.9333333333333332,0.9585492227979274,0.9041450777202072,0.0,0.040991420400381395,0.010175763182238562,0.0567765567765568,21.84,21.68,21.67,22.0,22.05,22.05
2022-06-16,2022-06-17,SH600875,2,0.7999999999999999,0.9650259067357513,0.9145077720207254,0.0,0.00883280757097804,0.005660377358490454,0.09068167604752975,15.99,15.94,16.06,16.16,16.26,16.44
2022-06-16,2022-06-17,SZ000519,3,0.6333333333333334,0.9974093264248705,0.9715025906735751,0.0,0.0014424810674360522,0.005066956207021356,0.10658984515664383,27.77,27.5,27.5,27.73,27.65,27.75
2022-06-16,2022-06-17,SZ002705,4,0.6333333333333333,0.9559585492227979,0.8924870466321243,0.0,0.027078384798099764,0.00046274872744112017,0.07308048103607767,21.62,21.4,21.75,21.76,21.55,21.31
2022-06-16,2022-06-17,SZ300274,5,0.5666666666666667,0.8873056994818653,0.832901554404145,0.0,0.02982496545370794,0.0008953553441524154,0.16359163591635917,89.43,88.5,89.7,89.97,89.89,89.93
2022-06-17,2022-06-20,SZ002709,1,0.8958333333333334,0.944300518134715,0.9766839378238342,1.0,0.1080568720379147,0.019002789400279108,0.005645851154833181,58.45,57.76,58.67,57.1,58.46,58.72
2022-06-17,2022-06-20,SH603993,2,0.8333333333333334,0.9922279792746114,0.9702072538860104,0.0,0.04467353951890041,0.0049586776859504855,0.05263157894736836,6.08,6.12,5.98,5.85,5.89,5.82
2022-06-17,2022-06-20,SH600487,3,0.8020833333333334,0.9935233160621761,0.9727979274611399,0.0,0.06969696969696959,0.002129169623846572,0.04249291784702569,14.12,14.43,14.59,14.54,14.64,14.58
2022-06-17,2022-06-20,SH600763,4,0.8020833333333334,0.9222797927461139,0.8782383419689119,0.0,0.10689655172413803,0.006964050442311409,0.007476635514018559,160.5,160.02,161.8,161.1,160.15,160.49
2022-06-17,2022-06-20,SH600522,5,0.75,0.9300518134715026,0.8873056994818653,0.0,0.10671722643553627,0.002945508100147265,0.008321096426823438,20.43,20.6,20.71,20.51,20.8,20.57
2022-06-20,2022-06-21,SZ300558,1,0.9629629629629629,0.9857512953367875,0.9598445595854922,0.0,0.07006596541272958,0.007046979865771741,0.12162612462512468,60.02,58.6,58.22,58.33,58.0,58.31
2022-06-20,2022-06-21,SZ002242,2,0.9259259259259259,0.966321243523316,0.9352331606217616,0.0,0.05633802816901401,0.029023746701847042,0.03948717948717939,19.5,19.03,18.85,19.1,18.93,19.23
2022-06-20,2022-06-21,SZ002007,3,0.7037037037037037,0.9404145077720207,0.961139896373057,1.0,0.05127020785219405,0.0013198416190056683,0.03251318101933198,22.76,22.9,22.45,22.6,22.45,22.45
2022-06-20,2022-06-21,SH600875,4,0.5925925925925926,0.9585492227979274,0.917098445595855,0.0,0.04805914972273584,0.0005882352941177782,0.053497942386831365,17.01,17.03,16.76,16.86,16.85,16.97
2022-06-20,2022-06-21,SH601111,5,0.5555555555555555,0.8976683937823834,0.8536269430051814,0.0,0.039836567926455624,0.002955665024630516,0.056974459724950854,10.18,10.12,10.17,10.18,10.21,10.2
2022-06-21,2022-06-22,SZ300450,1,0.8985507246376812,0.9780077619663649,0.9508408796895214,0.0,0.037371134020618646,0.016574585635359185,0.14223602484472053,64.4,64.2,63.3,63.94,63.2,63.87
2022-06-21,2022-06-22,SZ300026,2,0.7101449275362319,0.9223803363518758,0.8758085381630013,0.0,0.02522255192878342,0.01171303074670571,0.16931982633863973,6.91,6.98,7.13,7.16,7.07,7.09
2022-06-21,2022-06-22,SH600570,3,0.6956521739130435,0.9159120310478654,0.8680465717981889,0.0,0.05069767441860473,0.010286225402504456,0.041832669322709126,45.18,44.91,44.86,44.58,44.57,44.6
2022-06-21,2022-06-22,SZ300014,4,0.6666666666666666,0.9857697283311773,0.96248382923674,0.0,0.0013890266891556369,0.014371859296482548,0.20380461706132946,100.93,100.3,100.91,102.02,101.55,103.74
2022-06-21,2022-06-22,SZ002390,5,0.6376811594202899,0.9987063389391979,0.9896507115135834,1.0,0.015290519877675823,0.004538577912253983,0.08734939759036142,6.64,6.64,6.61,6.63,6.7,6.81
2022-06-22,2022-06-23,SZ300595,1,0.7619047619047619,0.9909443725743855,0.9948253557567918,1.0,0.030850263355906682,0.0025612879619465456,0.16642335766423377,54.8,54.66,54.59,54.98,55.45,55.17
2022-06-22,2022-06-23,SZ002050,2,0.7142857142857143,0.9987063389391979,0.9961190168175937,1.0,0.011666666666666714,0.0070510161758607914,0.10090609555189456,24.28,24.24,25.28,24.58,24.99,24.88
2022-06-22,2022-06-23,SH603939,3,0.7142857142857143,0.8926261319534282,0.8447606727037517,0.0,0.05456389452332666,0.00853540252182361,0.035391421427197534,51.99,51.43,49.9,50.44,50.68,50.28
2022-06-22,2022-06-23,SZ300316,4,0.5714285714285715,0.9184993531694696,0.8538163001293662,0.0,0.030454474465094528,0.0034980988593156237,0.16035162170354655,65.98,65.9,66.75,66.56,66.53,65.5
2022-06-22,2022-06-23,SZ002812,5,0.4761904761904762,0.9366106080206986,0.888745148771022,0.0,0.026387036812542952,0.0019723865877712132,0.07830708661417307,254.0,254.05,254.44,254.01,254.07,252.79
2022-06-24,2022-06-27,SZ300026,1,0.8444444444444444,0.9340232858990944,0.888745148771022,0.0,0.06528189910979232,0.007012622720897532,0.13509749303621188,7.18,7.47,7.6,7.59,7.54,7.43
2022-06-24,2022-06-27,SZ300347,2,0.7777777777777778,0.9508408796895214,0.9055627425614489,0.0,0.06632653061224492,0.0020136158787993352,0.12545454545454549,104.5,105.6,110.54,110.98,110.75,109.0
2022-06-24,2022-06-27,SH600038,3,0.7555555555555555,0.9831824062095731,0.9702457956015524,0.0,0.034664326458973216,0.0019120458891013214,0.04622561492790522,47.16,46.72,46.15,45.96,45.99,45.99
2022-06-24,2022-06-27,SH603712,4,0.6666666666666666,0.92496765847348,0.8732212160413971,0.0,0.03703703703703698,0.0025348542458809575,0.05878634639696578,31.64,31.99,31.58,31.56,31.31,31.24
2022-06-24,2022-06-27,SZ002180,5,0.5777777777777777,0.9327296248382924,0.8835705045278137,0.0,0.038155802861685295,0.0015337423312884457,0.05953292496171514,52.24,52.08,53.3,52.89,53.39,52.5
2022-06-27,2022-06-28,SZ000661,1,0.8484848484848485,0.9702457956015524,0.9844760672703752,1.0,0.03483840304182495,0.005031388478581977,0.06677995682726312,217.73,216.78,215.33,214.5,215.07,215.5
2022-06-27,2022-06-28,SZ002155,2,0.797979797979798,0.9663648124191462,0.9780077619663649,1.0,0.050202429149797556,0.001544401544401719,0.03469545104086347,12.97,12.7,12.64,12.73,12.75,12.57
2022-06-27,2022-06-28,SZ300558,3,0.7676767676767677,0.9909443725743855,0.981888745148771,0.0,0.011486814431321823,0.008875262223656755,0.18330134357005767,62.52,61.57,61.34,60.97,61.45,60.86
2022-06-27,2022-06-28,SZ300347,4,0.7676767676767676,0.9896507115135834,0.9715394566623544,0.0,0.022443181818181834,0.002506963788300842,0.16097063999259054,107.97,108.09,106.71,106.27,106.82,107.86
2022-06-27,2022-06-28,SH600809,5,0.6969696969696969,0.9547218628719275,0.9197930142302717,0.0,0.04914592964165121,0.0011575884616588095,0.040874999999999995,320.0,315.7,317.72,315.9,317.4,317.18
2022-06-28,2022-06-29,SZ300037,1,0.8333333333333334,0.9831824062095731,0.9702457956015524,0.0,0.04342984409799544,0.004287245444801746,0.15030238349341873,56.22,55.3,55.54,55.35,55.65,55.01
2022-06-28,2022-06-29,SZ000661,2,0.7777777777777777,0.9767141009055628,0.9935316946959897,1.0,0.04806716486760765,0.003046223124806735,0.05642605633802833,227.2,226.47,225.5,230.17,231.98,233.3
2022-06-28,2022-06-29,SZ300251,3,0.7444444444444445,0.908150064683053,0.8046571798188874,0.0,0.049886621315192725,0.005428881650379802,0.1511879049676026,9.26,9.11,9.1,9.16,9.28,9.5
2022-06-28,2022-06-29,SZ002705,4,0.7333333333333334,0.963777490297542,0.9172056921086675,0.0,0.025454545454545396,0.0044523597506678225,0.0625,22.56,22.45,22.49,22.58,22.53,22.77
2022-06-28,2022-06-29,SH600884,5,0.7111111111111111,0.9870633893919794,0.9741267787839586,0.0,0.036867862969004905,0.001891551071879105,0.037130270610446825,31.78,31.03,30.72,30.65,30.91,30.08
2022-06-30,2022-07-01,SZ300347,1,0.8095238095238094,0.9870633893919794,0.9741267787839586,0.0,0.03635377102550197,0.004206098843322792,0.16230366492146597,114.6,114.79,117.02,117.28,117.45,116.5
2022-06-30,2022-07-01,SH601888,2,0.7936507936507936,0.9366106080206986,0.9560155239327296,1.0,0.03778966131907313,0.008138528138528223,0.03469598076262459,232.88,229.1,228.28,229.25,226.69,221.99
2022-06-30,2022-07-01,SZ300026,3,0.746031746031746,0.9896507115135834,0.9780077619663649,0.0,0.07044198895027631,0.0012919896640826156,0.12774193548387092,7.75,7.6,7.69,7.54,7.57,7.58
2022-06-30,2022-07-01,SZ002390,4,0.6825396825396824,0.9857697283311773,0.9935316946959897,1.0,0.03765060240963858,0.0014534883720929148,0.05950653120464433,6.89,6.96,7.16,7.14,7.15,7.12
2022-06-30,2022-07-01,SH600276,5,0.6825396825396824,0.943078913324709,0.8926261319534282,0.0,0.03379888268156428,0.0037971250339028373,0.055660632261550935,37.01,37.09,37.51,37.19,36.89,37.41
2022-07-01,2022-07-04,SH603868,1,0.7037037037037037,0.9210866752910737,0.8732212160413971,0.0,0.05224660397074188,0.0071258907363420665,0.03438430983118157,80.56,79.61,78.72,81.07,82.09,81.7
2022-07-01,2022-07-04,SZ002390,2,0.6666666666666666,0.9948253557567918,0.9948253557567918,1.0,0.027298850574712707,0.0028050490883591017,0.06293706293706292,7.15,7.15,7.03,6.97,6.94,7.07
2022-07-01,2022-07-04,SZ002508,3,0.5925925925925926,0.9327296248382924,0.8589909443725744,0.0,0.007224228952486644,0.01597533632287007,0.09324137931034482,36.25,35.8,35.79,35.46,35.23,35.45
2022-07-01,2022-07-04,SH603077,4,0.5925925925925926,0.9133247089262613,0.9482535575679172,1.0,0.03764705882352937,0.006849315068493178,0.06349206349206349,4.41,4.43,4.36,4.31,4.29,4.3
2022-07-01,2022-07-04,SZ002268,5,0.5555555555555555,0.8033635187580854,0.888745148771022,1.0,0.02737819025522037,0.009345794392523477,0.06594399277326102,44.28,46.66,45.41,46.27,45.37,45.2
2022-07-04,2022-07-05,SH603659,1,0.8936170212765958,0.9718120805369127,0.934228187919463,0.0,0.0680508881421027,0.008613850164343129,0.026070344982582316,88.99,89.0,88.0,87.22,87.5,87.59
2022-07-04,2022-07-05,SH600276,2,0.75177304964539,0.9932885906040269,0.963758389261745,0.0,0.05769230769230771,0.002673796791443861,0.03830303030303028,41.25,40.59,40.7,40.34,40.16,40.6
2022-07-04,2022-07-05,SH600521,3,0.7446808510638299,0.9489932885906041,0.9060402684563759,0.0,0.03509551310528658,0.007785467128027745,0.06137339055793989,23.3,23.29,23.26,23.03,22.98,22.8
2022-07-04,2022-07-05,SZ000519,4,0.7234042553191489,0.9302013422818792,0.9583892617449664,1.0,0.03618215845290074,0.011571254567600331,0.06201083684527409,33.22,32.88,32.92,32.88,33.02,32.98
2022-07-04,2022-07-05,SZ002709,5,0.7163120567375886,0.9959731543624161,0.9919463087248322,1.0,0.06378865979381465,0.001820388349514701,0.045729860690490565,66.04,66.73,66.43,67.0,67.01,66.56
2022-07-05,2022-07-06,SZ002466,1,0.858974358974359,0.9946308724832215,0.9771812080536912,0.0,0.03387438249823571,0.0068728522336769515,0.06395904436860067,146.5,145.0,142.53,143.22,142.11,144.75
2022-07-05,2022-07-06,SZ300347,2,0.8333333333333334,0.9973154362416108,0.9825503355704698,0.0,0.021811131755392177,0.007727852135117841,0.15637599810261693,126.49,127.89,129.72,130.04,131.91,133.7
2022-07-05,2022-07-06,SH600141,3,0.7820512820512819,0.9234899328859061,0.8590604026845637,0.0,0.02000869943453676,0.009470512268618059,0.06865671641791038,46.9,47.0,45.34,43.99,44.29,44.86
2022-07-05,2022-07-06,SH600673,4,0.7179487179487181,0.9140939597315436,0.8671140939597315,0.0,0.03418803418803429,0.005192107995846129,0.05991735537190079,9.68,9.7,9.6,9.52,9.5,9.64
2022-07-05,2022-07-06,SZ300498,5,0.717948717948718,0.9986577181208054,0.9838926174496644,0.0,0.008257638315441795,0.007841518778374024,0.19451269451269448,24.42,23.77,23.79,24.0,23.89,24.14
2022-07-19,2022-07-20,SZ000768,1,0.7619047619047619,0.9504021447721179,0.9048257372654156,0.0,0.01412066752246477,0.006049028971665038,0.08955696202531649,31.6,31.8,32.09,32.13,32.44,32.51
2022-07-19,2022-07-20,SZ002179,2,0.7380952380952381,0.9182305630026809,0.8619302949061662,0.0,0.011556240369799742,0.01374305126621378,0.09504950495049491,65.65,65.28,65.49,65.4,65.65,65.9
2022-07-19,2022-07-20,SZ300001,3,0.6904761904761906,0.9758713136729222,0.9289544235924933,0.0,0.011855670103092741,0.004092071611253134,0.19307182883341834,19.63,20.37,20.85,20.81,20.79,20.6
2022-07-19,2022-07-20,SZ300115,4,0.6666666666666666,0.8994638069705094,0.8471849865951743,0.0,0.0323809523809524,0.001848428835489857,0.16236162361623618,10.84,10.8,10.83,10.92,10.93,10.98
2022-07-19,2022-07-20,SH600435,5,0.6666666666666666,0.886058981233244,0.8364611260053619,0.0,0.013043478260869712,0.00756756756756749,0.08690987124463523,9.32,9.4,9.3,9.33,9.36,9.58
2022-07-20,2022-07-21,SH600893,1,0.912280701754386,0.9839142091152815,0.9745308310991957,1.0,0.04822834645669305,0.006806579693703796,0.042816901408450736,53.25,53.0,52.2,52.45,52.3,52.45
2022-07-20,2022-07-21,SH603355,2,0.7719298245614036,0.982573726541555,0.9075067024128687,0.0,0.028337061894108784,0.004004368401892888,0.07179115300942707,27.58,27.71,27.98,28.11,27.68,27.44
2022-07-20,2022-07-21,SH600435,3,0.6666666666666666,0.9436997319034852,0.8914209115281502,0.0,0.02127659574468077,0.004184100418409997,0.06875000000000009,9.6,9.52,9.43,9.41,9.42,9.35
2022-07-20,2022-07-21,SH600765,4,0.631578947368421,0.9664879356568364,0.9168900804289544,0.0,0.02994791666666674,0.000949066751028127,0.06763590391908969,31.64,31.83,31.24,31.49,31.38,31.09
2022-07-20,2022-07-21,SZ000768,5,0.5964912280701754,0.9745308310991957,0.935656836461126,0.0,0.05660377358490565,0.00029770765108660946,0.0345238095238094,33.6,33.68,32.82,33.1,33.02,32.81
2022-07-22,2022-07-25,SH601117,1,0.7708333333333334,0.9451137884872824,0.886058981233244,0.0,0.02791145332050049,0.008498583569405138,0.0702247191011236,10.68,10.69,10.78,10.7,10.62,10.58
2022-07-22,2022-07-25,SH600276,2,0.7604166666666666,0.9906291834002677,0.9571045576407506,0.0,0.01317829457364339,0.008487654320987525,0.08569242540168331,39.21,39.0,38.83,38.61,38.37,38.53
2022-07-22,2022-07-25,SZ000408,3,0.7291666666666666,0.9036144578313253,0.9986595174262735,0.0,0.028981348637015625,0.014714204867006142,0.06748466257668717,35.86,36.15,35.88,36.05,36.22,35.99
2022-07-22,2022-07-25,SZ002683,4,0.71875,0.9892904953145917,0.9557640750670241,0.0,0.0053244592346088915,0.01854349291975721,0.09102946044356175,30.21,29.95,30.29,30.08,29.93,29.75
2022-07-22,2022-07-25,SZ300072,5,0.71875,0.9598393574297188,0.9075067024128687,0.0,0.011605415860735047,0.013565891472868241,0.1816443594646271,5.23,5.23,5.22,5.15,5.17,5.11
2022-07-25,2022-07-26,SH600026,1,0.7999999999999999,0.9772423025435074,0.9785522788203753,1.0,0.05932203389830493,0.0016025641025640969,0.05679999999999996,12.5,12.63,12.54,12.13,12.32,12.41
2022-07-25,2022-07-26,SZ300308,2,0.7333333333333334,0.9558232931726908,0.9155495978552279,0.0,0.02917293233082696,0.0029308323563892458,0.16978375219170072,34.22,33.98,34.02,33.96,34.02,33.73
2022-07-25,2022-07-26,SH600160,3,0.6666666666666666,0.9718875502008032,0.9772117962466488,1.0,0.02029169308814205,0.0024922118380061864,0.07768800497203232,16.09,16.26,15.86,15.88,15.82,15.88
2022-07-25,2022-07-26,SZ002203,4,0.5333333333333333,0.9518072289156626,0.9021447721179625,0.0,0.0073649754500817455,0.00901639344262306,0.09260763606823708,12.31,12.23,12.18,12.09,12.09,12.12
2022-07-25,2022-07-26,SZ002422,5,0.26666666666666666,0.9410977242302544,0.8927613941018767,0.0,0.00822050290135401,0.0014409221902018654,0.0911270983213428,20.85,20.88,20.78,20.92,20.8,20.68
2022-07-27,2022-07-28,SZ002920,1,0.8666666666666667,0.9946380697050938,0.9919463087248322,0.0,0.037661162632888434,0.0059204034645323755,0.06005449591280665,183.5,184.0,181.99,181.48,182.27,183.5
2022-07-27,2022-07-28,SZ002422,2,0.7111111111111111,0.9664879356568364,0.9288590604026845,0.0,0.05882352941176472,0.0013458950201885589,0.01926523297491034,22.32,22.31,22.88,22.87,22.96,22.54
2022-07-27,2022-07-28,SZ300724,3,0.688888888888889,1.0,0.9838926174496644,0.0,0.065327868852459,7.694675284697361e-05,0.11902746787720253,129.97,136.0,135.42,134.3,134.66,136.51
2022-07-27,2022-07-28,SZ002250,4,0.688888888888889,0.9597855227882037,0.912751677852349,0.0,0.022883295194507935,0.004494382022471877,0.07550335570469802,17.88,17.85,17.81,17.85,17.99,18.07
2022-07-27,2022-07-28,SZ300001,5,0.6666666666666666,0.8914209115281502,0.8536912751677852,0.0,0.028664142779881052,0.01602564102564097,0.17034700315457418,19.02,19.18,19.1,19.0,18.99,18.92
2022-07-29,2022-08-01,SZ300724,1,0.8000000000000002,1.0,0.9892761394101877,0.0,0.01049848942598186,0.002848362191739673,0.18887809253307442,133.79,131.0,134.15,136.15,135.39,139.6
2022-07-29,2022-08-01,SZ002250,2,0.7333333333333334,0.9759036144578314,0.9343163538873994,0.0,0.020185488270594742,0.002143622722400762,0.07860962566844942,18.7,18.7,18.63,18.84,19.1,19.24
2022-07-29,2022-08-01,SZ002430,3,0.6,0.9799196787148594,0.9705093833780161,1.0,0.01680672268907557,0.0012929919834496761,0.084710743801653,38.72,38.79,38.94,39.26,39.81,39.5
2022-07-29,2022-08-01,SH600131,4,0.6,0.965194109772423,0.9664879356568364,1.0,0.008998200359927822,0.014475271411338975,0.06123662306777655,16.82,16.79,16.26,16.15,15.96,16.15
2022-07-29,2022-08-01,SZ003035,5,0.26666666666666666,0.9424364123159303,0.8927613941018767,0.0,0.004347826086956497,0.0014450867052022698,0.08225108225108224,6.93,6.9,6.76,6.73,6.71,6.77
2022-08-01,2022-08-02,SZ300699,1,0.8585858585858586,0.9933065595716198,0.9759036144578314,0.0,0.029998564661978033,0.00786516853932584,0.17140468227424743,71.76,71.02,71.5,70.89,71.3,71.27
2022-08-01,2022-08-02,SZ300115,2,0.8585858585858586,0.9705488621151271,0.9424364123159303,0.0,0.04737295434969857,0.0066225165562914245,0.1356907894736843,12.16,12.06,12.39,12.12,12.16,12.76
2022-08-01,2022-08-02,SH603786,3,0.787878787878788,0.9785809906291834,0.9558232931726908,0.0,0.016901408450704203,0.01021407583601519,0.0865650969529086,72.2,70.93,70.68,69.5,70.48,70.9
2022-08-01,2022-08-02,SZ002920,4,0.7575757575757575,0.998661311914324,0.9933065595716198,0.0,0.01077720207253896,0.010463068476121551,0.09954890301414787,195.08,190.0,193.33,190.57,192.8,198.6
2022-08-01,2022-08-02,SZ300724,5,0.6767676767676768,1.0,0.998661311914324,0.0,0.02969465648854941,0.0022289917527302805,0.18318629994810598,134.89,134.0,137.31,136.27,136.56,141.5
2022-08-02,2022-08-03,SH603355,1,0.7333333333333334,0.9973190348525469,0.9919571045576407,1.0,0.026793963658761966,0.0006002400960385401,0.09148170365926811,33.34,33.0,33.13,32.92,32.89,33.24
2022-08-02,2022-08-03,SH601966,2,0.6666666666666666,0.9664879356568364,0.9651474530831099,1.0,0.0030405405405404817,0.004397834912043486,0.11653755473223293,29.69,29.5,29.79,29.76,29.81,29.61
2022-08-02,2022-08-03,SZ002938,3,0.6666666666666666,0.9302949061662198,0.9638069705093834,1.0,0.016176470588235237,0.0020301624129930307,0.0752532561505066,34.55,33.95,33.7,34.02,34.06,33.92
2022-08-02,2022-08-03,SZ002155,4,0.5333333333333333,0.9128686327077749,0.8726541554959786,0.0,0.0023455824863174435,0.02070063694267521,0.0975039001560063,12.82,12.28,12.5,12.6,12.8,12.64
2022-08-02,2022-08-03,SH601799,5,0.4000000000000001,0.8284182305630027,0.9450402144772118,1.0,0.004185447520927088,0.0018201284796572903,0.08859677246980868,187.14,186.3,182.92,184.92,187.58,189.5
2022-08-08,2022-08-09,SZ000975,1,0.8333333333333334,0.9865951742627346,0.9865951742627346,1.0,0.017918088737201243,0.005054759898904804,0.09388097233864223,11.93,12.01,11.89,12.0,11.91,11.9
2022-08-08,2022-08-09,SH600673,2,0.7777777777777777,0.9798927613941019,0.9477211796246648,0.0,0.009416195856873921,0.00657276995305156,0.0904850746268655,10.72,10.65,10.77,10.75,10.78,10.81
2022-08-08,2022-08-09,SZ002920,3,0.75,0.9946380697050938,0.9798927613941019,0.0,0.01171728030099417,0.002076235093696699,0.08287733092493244,188.23,189.01,188.4,186.45,185.55,187.09
2022-08-08,2022-08-09,SZ002281,4,0.7361111111111112,0.9906166219839142,0.9638069705093834,0.0,0.009829280910501836,0.002568053415511029,0.09170081967213117,19.52,19.39,19.45,19.5,19.43,19.43
2022-08-08,2022-08-09,SH603228,5,0.736111111111111,0.9758713136729222,0.9276139410187667,0.0,0.04618937644341803,0.0018429782528566196,0.005150846210448812,27.18,26.82,26.55,26.55,26.5,26.41
2022-08-09,2022-08-10,SZ002185,1,0.8390804597701149,0.9249329758713136,0.967828418230563,1.0,0.06568627450980391,0.046198267564966145,0.06439742410303606,10.87,10.68,10.86,10.93,11.14,11.08
2022-08-09,2022-08-10,SH600549,2,0.7701149425287356,0.9624664879356568,0.9772117962466488,1.0,0.04060538944259884,0.005708169818052111,0.05675771550195097,28.19,28.0,28.19,28.03,27.96,28.27
2022-08-09,2022-08-10,SH601865,3,0.7471264367816092,0.9316353887399463,0.8900804289544236,0.0,0.060590500641848566,0.006088650754992653,0.04018397482449765,41.31,41.34,41.05,40.92,40.85,41.07
2022-08-09,2022-08-10,SH600079,4,0.7126436781609197,0.9758713136729222,0.9785522788203753,1.0,0.010390895596239513,0.006903353057199135,0.09255631733594494,20.42,20.21,20.12,20.16,20.04,20.3
2022-08-09,2022-08-10,SH600584,5,0.7126436781609197,0.8927613941018767,0.938337801608579,1.0,0.026231832683445422,0.02841918294849033,0.09637305699481868,28.95,28.61,28.83,29.06,29.52,29.4
2022-08-10,2022-08-11,SZ002250,1,0.8260869565217392,0.9986595174262735,0.9919571045576407,0.0,0.013935607880826595,0.00764087870105068,0.09763033175355451,21.1,21.2,20.9,20.9,20.83,20.84
2022-08-10,2022-08-11,SH600079,2,0.7391304347826088,0.9879356568364611,0.9812332439678284,1.0,0.009896091044037547,0.00790123456790126,0.0979911807937286,20.41,20.43,20.35,20.38,20.2,20.06
2022-08-10,2022-08-11,SZ300024,3,0.6956521739130435,0.935656836461126,0.8954423592493298,0.0,0.022851919561243106,0.0035874439461882623,0.17962466487935647,11.19,11.19,11.04,11.04,11.01,10.95
2022-08-10,2022-08-11,SZ002273,4,0.6811594202898551,0.9798927613941019,0.9490616621983914,0.0,0.046969696969697106,0.0014492753623187582,0.06078147612156304,13.82,13.78,13.92,13.8,13.87,14.08
2022-08-10,2022-08-11,SZ002371,5,0.681159420289855,0.8364611260053619,0.938337801608579,1.0,0.05720707886155685,0.005147036691448559,0.07345630951667981,333.94,329.99,331.1,333.95,328.5,332.05
2022-08-11,2022-08-12,SZ300115,1,0.9425287356321839,0.9973190348525469,0.985254691689008,0.0,0.06265060240963871,0.007616146230007503,0.11564625850340127,13.23,13.1,13.04,13.05,13.04,13.07
2022-08-11,2022-08-12,SZ000009,2,0.9310344827586207,0.9624664879356568,0.9758713136729222,1.0,0.0914866581956797,0.009400705052879044,0.0075669383003491575,17.18,16.86,16.93,17.14,17.19,17.35
2022-08-11,2022-08-12,SH600160,3,0.8275862068965517,0.9664879356568364,0.9785522788203753,1.0,0.05769230769230771,0.0033167495854062867,0.024793388429752206,18.15,18.02,18.18,18.22,18.15,18.07
2022-08-11,2022-08-12,SH603613,4,0.8045977011494253,0.967828418230563,0.9316353887399463,0.0,0.025074626865671634,0.005073170731707322,0.07153950689186561,103.02,102.93,102.33,102.4,101.75,101.71
2022-08-11,2022-08-12,SZ300308,5,0.8045977011494253,0.9396782841823056,0.8981233243967829,0.0,0.0883359253499223,0.004593741027849596,0.0903115175764504,34.99,35.32,34.61,34.43,34.51,34.55
2022-08-12,2022-08-15,SH600038,1,0.8888888888888888,0.9557640750670241,0.9021447721179625,0.0,0.07569230769230773,0.00962649210627653,0.020594965675057253,52.44,49.0,49.45,48.98,49.27,49.51
2022-08-12,2022-08-15,SH600188,2,0.7592592592592592,0.9906166219839142,0.9584450402144772,0.0,0.03158406219630727,0.0030711079612568692,0.06146961846443699,42.46,42.36,43.13,44.24,43.71,44.3
2022-08-12,2022-08-15,SH600988,3,0.7222222222222222,0.982573726541555,0.9785522788203753,1.0,0.0755377688844423,0.0009310986964619072,0.019069767441860508,21.5,21.87,21.5,21.52,21.63,21.44
2022-08-12,2022-08-15,SZ002624,4,0.7037037037037037,0.9571045576407506,0.9155495978552279,0.0,0.04177545691906004,0.0018832391713747842,0.05263157894736836,15.96,16.04,15.82,15.73,15.69,15.56
2022-08-12,2022-08-15,SH600256,5,0.6481481481481483,0.9477211796246648,0.9101876675603218,0.0,0.04114832535885182,0.0027649769585254003,0.051470588235293935,10.88,10.78,11.22,11.06,11.13,11.3
2022-08-15,2022-08-16,SZ300115,1,0.9803921568627452,0.9973190348525469,0.9785522788203753,0.0,0.09656823623304067,0.01178203240058906,0.11062590975254727,13.74,13.59,13.77,14.15,14.13,14.09
2022-08-15,2022-08-16,SZ002409,2,0.9607843137254902,1.0,0.9973190348525469,0.0,0.05683474205770889,0.008202419018489948,0.045091009376723834,72.52,72.5,72.15,71.52,72.78,73.08
2022-08-15,2022-08-16,SH600188,3,0.823529411764706,0.9798927613941019,0.9463806970509383,0.0,0.036355051935788474,0.005036630036630019,0.06150341685649208,43.9,43.58,43.3,43.28,43.05,42.61
2022-08-15,2022-08-16,SZ000807,4,0.6470588235294118,0.9450402144772118,0.903485254691689,0.0,0.02387774594078329,0.0037453183520599342,0.07649253731343264,10.72,10.62,10.59,10.52,10.52,10.46
2022-08-15,2022-08-16,SZ300182,5,0.6274509803921569,0.9651474530831099,0.9262734584450402,0.0,0.012612612612612706,0.0035714285714285587,0.18505338078291822,5.62,5.59,5.55,5.54,5.56,5.53
2022-08-16,2022-08-17,SZ002409,1,0.8333333333333334,1.0,1.0,0.0,0.05062068965517241,0.0026326181387390513,0.05330182486543267,76.17,75.45,76.93,76.4,77.85,78.44
2022-08-16,2022-08-17,SZ300724,2,0.75,0.9879194630872483,0.9677852348993289,0.0,0.07766323024055,0.0015969338869370464,0.10816326530612241,156.8,161.68,164.8,163.5,164.59,165.33
2022-08-16,2022-08-17,SZ300316,3,0.6666666666666666,0.9463087248322147,0.9046979865771813,0.0,0.014548852108916321,0.007021727609962891,0.19536903039073805,76.01,76.32,76.47,76.48,77.55,76.54
2022-08-16,2022-08-17,SZ002745,4,0.5833333333333334,0.9798657718120806,0.9838926174496644,1.0,0.04347826086956519,0.0016694490818029983,0.04166666666666674,12.0,12.16,12.46,12.23,12.12,12.11
2022-08-16,2022-08-17,SZ002831,5,0.5833333333333334,0.8671140939597315,0.8093959731543624,0.0,0.04679625629949591,0.0027586206896550447,0.05158184319119674,29.08,29.3,29.07,29.13,29.0,28.99
2022-08-17,2022-08-18,SZ002925,1,0.7894736842105262,0.9355704697986578,0.8953020134228188,0.0,0.029174147217235102,0.006143045195261099,0.06192760575665068,22.93,23.4,23.28,22.97,23.01,22.8
2022-08-17,2022-08-18,SZ300251,2,0.7543859649122807,0.9154362416107382,0.87248322147651,0.0,0.05758582502768572,0.004206098843323014,0.12356020942408374,9.55,9.56,9.48,9.45,9.48,9.48
2022-08-17,2022-08-18,SH600673,3,0.7368421052631579,0.9691275167785235,0.9422818791946309,0.0,0.07637655417406752,0.0016528925619834212,0.00990099009900991,12.12,12.33,12.46,12.68,12.51,12.65
2022-08-17,2022-08-18,SZ002409,4,0.6842105263157894,1.0,1.0,0.0,0.004771371769383581,0.009050978304272705,0.10262498351141014,75.81,74.13,73.87,73.62,74.8,74.16
2022-08-17,2022-08-18,SZ300763,5,0.6666666666666666,0.9409395973154362,0.9006711409395973,0.0,0.0234375,0.0020270011856042824,0.17526717557251925,262.0,264.97,278.35,280.42,282.88,285.0
2022-08-18,2022-08-19,SZ300274,1,0.7971014492753623,0.9621409921671018,0.9248322147651007,0.0,0.040602731591449004,0.009359925120599133,0.15557457735929803,140.19,139.8,139.33,137.75,137.6,136.77
2022-08-18,2022-08-19,SZ000519,2,0.753623188405797,0.9451697127937336,0.9006711409395973,0.0,0.03548112404200965,0.010526315789473495,0.06907894736842124,36.48,36.0,34.87,35.19,35.04,34.71
2022-08-18,2022-08-19,SZ300763,3,0.7391304347826088,0.9686684073107049,0.934228187919463,0.0,0.05970487224968868,0.004112430267486866,0.12041027102104773,280.79,283.0,281.37,282.47,286.8,283.98
2022-08-18,2022-08-19,SZ300316,4,0.7391304347826088,0.9386422976501305,0.8939597315436242,0.0,0.10341655716162945,0.005147234857553196,0.08753126116470167,83.97,84.92,84.58,83.51,83.93,84.06
2022-08-18,2022-08-19,SH600673,5,0.6956521739130435,0.9112271540469974,0.9583892617449664,1.0,0.06407137064071367,0.0069071373752878085,0.025914634146341653,13.12,13.21,13.08,12.97,12.9,12.9
2022-08-19,2022-08-22,SZ002690,1,0.8333333333333334,0.9882506527415144,0.963758389261745,0.0,0.034401876465989245,0.008000000000000007,0.07974300831443681,26.46,26.2,26.33,26.0,26.09,26.31
2022-08-19,2022-08-22,SH600256,2,0.7916666666666666,0.9895561357702349,0.9651006711409396,0.0,0.0646808510638297,0.003207698476343168,0.01918465227817756,12.51,12.57,12.45,12.34,12.3,12.6
2022-08-19,2022-08-22,SZ001979,3,0.625,0.9751958224543081,0.9395973154362416,0.0,0.04788732394366213,0.0026954177897575704,0.0571236559139785,14.88,14.8,14.69,14.91,14.93,14.78
2022-08-19,2022-08-22,SZ002831,4,0.625,0.9099216710182768,0.8604026845637583,0.0,0.030292716133424102,0.005982053838484491,0.06772381896266944,30.27,30.24,30.64,30.26,30.46,30.88
2022-08-19,2022-08-22,SZ002925,5,0.5416666666666666,0.9673629242819843,0.9328859060402684,0.0,0.014425116673737692,0.0050441361916773175,0.08448347971560022,23.91,23.79,23.59,23.59,23.43,23.86
2022-08-23,2022-08-24,SZ300316,1,0.9555555555555556,0.9804177545691906,0.9503355704697987,0.0,0.026856435643564325,0.005696969696969756,0.1815113896589129,82.97,83.15,82.91,83.1,83.72,83.09
2022-08-23,2022-08-24,SZ300408,2,0.7999999999999999,0.9386422976501305,0.897986577181208,0.0,0.019243986254295464,0.0054237288135592365,0.17700606877950098,29.66,29.4,29.25,29.22,29.1,28.73
2022-08-23,2022-08-24,SH600150,3,0.7333333333333334,0.9738903394255874,0.938255033557047,0.0,0.009506398537477034,0.0025417574437183177,0.10286128214415058,27.61,27.65,27.52,27.33,26.8,26.96
2022-08-23,2022-08-24,SH600011,4,0.6888888888888888,0.8864229765013055,0.9489932885906041,1.0,0.03266331658291466,0.0024390243902441266,0.062043795620437825,8.22,8.2,8.28,8.31,8.31,8.33
2022-08-23,2022-08-24,SH600875,5,0.6444444444444444,0.8851174934725848,0.810738255033557,0.0,0.05198434879821123,0.0021299254526090383,0.04622741764080773,18.82,18.75,18.46,18.78,18.5,18.38
2022-08-29,2022-08-30,SZ000983,1,0.9459459459459459,0.9895697522816167,0.9752281616688396,0.0,0.04941002949852513,0.007790368271954673,0.07097680955727337,14.23,13.98,13.85,13.7,13.62,13.5
2022-08-29,2022-08-30,SH600875,2,0.7927927927927928,0.9817470664928292,0.9608865710560626,0.0,0.021428571428571352,0.007042253521126751,0.09340659340659352,20.02,20.05,19.74,19.68,19.61,19.77
2022-08-29,2022-08-30,SZ002385,3,0.7837837837837838,0.9921773142112125,0.9817470664928292,0.0,0.03571428571428581,0.0033482142857141906,0.07452725250278092,8.99,8.87,8.93,8.84,8.8,8.81
2022-08-29,2022-08-30,SH603613,4,0.7477477477477477,0.9478487614080835,0.910039113428944,0.0,0.03287561391199767,0.005267778753292207,0.07578845220766617,103.05,103.11,101.93,102.1,102.08,103.4
2022-08-29,2022-08-30,SZ002353,5,0.6846846846846847,0.9569752281616688,0.924380704041721,0.0,0.03874398581919469,0.002688829137130533,0.06947830326669902,41.02,41.11,40.97,41.18,40.73,41.05
2022-09-06,2022-09-07,SH601991,1,0.9827586206896551,1.0,0.9947916666666666,0.0,0.06284153005464477,0.010389610389610393,0.04884318766066831,3.89,3.81,3.84,3.88,3.9,3.92
2022-09-06,2022-09-07,SZ002001,2,0.9310344827586207,0.9739583333333334,0.9427083333333334,0.0,0.08104575163398686,0.009768009768009733,0.01330108827085863,24.81,24.63,24.42,24.34,24.48,24.71
2022-09-06,2022-09-07,SH600546,3,0.8448275862068967,0.9609375,0.98046875,1.0,0.035635964912280826,0.009081196581196771,0.06670195870831108,18.89,18.62,18.57,18.75,18.83,19.16
2022-09-06,2022-09-07,SZ000983,4,0.7873563218390803,0.9778645833333334,0.9479166666666666,0.0,0.038548752834467015,0.0036523009495983416,0.05676855895196509,13.74,13.5,13.59,13.7,13.82,13.81
2022-09-06,2022-09-07,SH601898,5,0.7816091954022989,0.99609375,0.984375,0.0,0.016528925619834656,0.005449591280654031,0.074977416440831,11.07,10.95,10.95,11.04,11.22,11.12
2022-09-07,2022-09-08,SH601991,1,0.8611111111111112,1.0,0.9986979166666666,0.0,0.0209973753280841,0.0051679586563306845,0.09254498714652959,3.89,3.9,3.87,3.95,3.98,4.06
2022-09-07,2022-09-08,SZ000690,2,0.7916666666666666,0.9583333333333334,0.9283854166666666,0.0,0.0219780219780219,0.012704174228675091,0.07168458781362008,5.58,5.75,5.98,5.98,6.11,6.16
2022-09-07,2022-09-08,SH600642,3,0.7638888888888888,0.9609375,0.9309895833333334,0.0,0.02539682539682553,0.004665629860031162,0.08204334365325083,6.46,6.44,6.38,6.4,6.43,6.58
2022-09-07,2022-09-08,SZ300751,4,0.75,0.94140625,0.9114583333333334,0.0,0.06932806324110685,0.0038589981447125776,0.14437791084497675,541.08,538.0,533.33,539.98,536.99,539.5
2022-09-07,2022-09-08,SZ000883,5,0.6527777777777778,0.8411458333333334,0.8033854166666666,0.0,0.03468208092485536,0.009398496240601517,0.06890130353817514,5.37,5.37,5.34,5.35,5.38,5.47
2022-09-08,2022-09-09,SH600875,1,0.9090909090909092,0.9986979166666666,0.98828125,0.0,0.05687416032243631,0.002974925626859415,0.04194915254237275,23.6,23.25,23.46,23.35,23.28,23.87
2022-09-08,2022-09-09,SH600642,2,0.8181818181818182,0.9713541666666666,0.9440104166666666,0.0,0.03571428571428559,0.009077155824508187,0.06596701649175407,6.67,6.64,6.69,6.62,6.66,6.63
2022-09-08,2022-09-09,SZ300699,3,0.7272727272727272,0.90625,0.8763020833333334,0.0,0.05054811205846543,0.00536193029490617,0.14515942028985496,86.25,85.5,85.51,85.73,85.2,84.91
2022-09-08,2022-09-09,SZ300316,4,0.6969696969696969,0.9375,0.90625,0.0,0.05425667090216013,0.0014484007242003827,0.14017114619742066,82.97,83.1,82.54,81.55,82.61,81.09
2022-09-08,2022-09-09,SZ002791,5,0.5757575757575758,0.8893229166666666,0.85546875,0.0,0.03635005601892205,0.003012048192771122,0.0612612612612613,83.25,82.11,84.49,87.11,87.0,86.5
2022-09-09,2022-09-13,SH600153,1,0.8933333333333332,0.9973958333333334,0.9830729166666666,1.0,0.0746054519368724,0.0026773761713521083,0.029372496662216196,14.98,14.79,14.46,14.55,14.7,15.22
2022-09-09,2022-09-13,SH601628,2,0.8533333333333334,0.9544270833333334,0.9322916666666666,0.0,0.038247793396534835,0.004110022130888513,0.06549118387909325,31.76,31.47,31.29,30.98,31.1,31.93
2022-09-09,2022-09-13,SH600690,3,0.8266666666666667,0.9557291666666666,0.9166666666666666,0.0,0.018795550441119913,0.00873528294720849,0.0719126506024097,26.56,26.27,26.25,26.29,26.25,26.56
2022-09-09,2022-09-13,SH603833,4,0.7866666666666666,0.9348958333333334,0.9049479166666666,0.0,0.0644523527085803,0.003578884580972108,0.03781575037147111,134.6,133.4,132.97,133.25,134.0,138.0
2022-09-09,2022-09-13,SH600642,5,0.68,0.9921875,0.97265625,0.0,0.009036144578313365,0.0029940119760478723,0.10895522388059686,6.7,6.65,6.63,6.58,6.55,6.55
2022-09-13,2022-09-14,SZ300699,1,0.912280701754386,0.9791666666666666,0.9583333333333334,0.0,0.02517432927549934,0.006848520023215121,0.16958727230804715,86.74,85.0,85.54,85.15,84.68,88.52
2022-09-13,2022-09-14,SZ002468,2,0.7894736842105262,0.91796875,0.8893229166666666,0.0,0.029532403609516145,0.0040000000000000036,0.06772908366533859,12.55,12.39,12.21,12.36,12.34,12.5
2022-09-13,2022-09-14,SZ002372,3,0.7192982456140351,0.9244791666666666,0.89453125,0.0,0.008591885441527447,0.0057115659209898695,0.09465215333648835,21.13,20.82,20.9,20.93,21.01,20.91
2022-09-13,2022-09-14,SZ002124,4,0.7017543859649124,0.890625,0.8619791666666666,0.0,0.04600811907983782,0.003896103896103842,0.03880983182406195,7.73,7.66,7.55,7.57,7.52,7.57
2022-09-13,2022-09-14,SH603885,5,0.6491228070175438,0.953125,0.9205729166666666,0.0,0.013384321223709472,0.003154574132492094,0.08364779874213846,15.9,15.85,15.77,15.79,15.83,15.97
2022-09-14,2022-09-15,SZ300699,1,0.8636363636363636,0.9817470664928292,0.9595827900912647,0.0,0.05882352941176472,0.0015579790785666958,0.14411111111111108,90.0,89.2,88.58,88.05,87.46,87.09
2022-09-14,2022-09-15,SH600875,2,0.7272727272727272,1.0,0.9986962190352021,0.0,0.007271171941830801,0.0025542784163474774,0.11125265392781314,23.55,24.03,24.0,23.7,23.46,23.11
2022-09-14,2022-09-15,SH600233,3,0.7121212121212123,0.9426336375488917,0.910039113428944,0.0,0.01520737327188959,0.0022747952684258888,0.09169314571039489,22.03,22.06,21.88,21.87,21.87,22.24
2022-09-14,2022-09-15,SH603233,4,0.6666666666666666,0.8396349413298566,0.803129074315515,0.0,0.022829581993569104,0.005690799873537822,0.09556743162527526,31.81,31.92,32.13,32.18,32.36,32.66
2022-09-14,2022-09-15,SZ002966,5,0.6363636363636364,0.9308996088657105,0.8983050847457628,0.0,0.016516516516516422,0.0014792899408284654,0.09010339734121131,6.77,6.78,6.88,6.89,6.91,6.91
2022-09-28,2022-09-29,SH603868,1,1.0,0.9700520833333334,0.953125,0.0,0.04009433962264164,0.009396458258041251,0.05239288697935307,83.79,82.6,81.2,80.96,81.3,82.11
2022-09-28,2022-09-29,SH601319,2,0.611111111111111,0.9322916666666666,0.9140625,0.0,0.005988023952095967,0.001988071570576455,0.08928571428571441,5.04,5.04,5.03,5.05,5.03,5.03
2022-09-28,2022-09-29,SZ002244,3,0.5555555555555556,0.93359375,0.9856770833333334,1.0,0.004655493482309092,0.0018570102135562205,0.1000926784059315,10.79,10.94,10.6,10.6,10.79,10.59
2022-09-28,2022-09-29,SH601818,4,0.5,0.8697916666666666,0.84375,0.0,0.0035211267605634866,0.0035211267605634866,0.09473684210526323,2.85,2.84,2.85,2.84,2.85,2.84
2022-09-28,2022-09-29,SH601398,5,0.4444444444444444,0.8645833333333334,0.8385416666666666,0.0,0.004608294930875667,0.0022988505747127963,0.09403669724770625,4.36,4.36,4.35,4.36,4.35,4.35
2022-10-13,2022-10-14,SH600233,1,0.8492063492063492,0.9700520833333334,0.9596354166666666,0.0,0.05032067094227921,0.004245283018867951,0.06247064349459852,21.29,21.54,21.77,21.75,21.96,21.83
2022-10-13,2022-10-14,SZ300253,2,0.8333333333333334,0.953125,0.94140625,0.0,0.04761904761904767,0.005376344086021501,0.15508021390374327,7.48,7.48,7.51,7.52,7.49,7.44
2022-10-13,2022-10-14,SZ002155,3,0.8095238095238094,0.9348958333333334,0.9192708333333334,0.0,0.05830670926517567,0.005311077389984931,0.05660377358490565,13.25,13.14,13.22,13.12,13.29,13.29
2022-10-13,2022-10-14,SZ300003,4,0.7936507936507936,0.94140625,0.9270833333333334,0.0,0.07006369426751591,0.004137931034482678,0.13003663003663002,21.84,21.77,22.3,22.72,22.82,23.04
2022-10-13,2022-10-14,SH603658,5,0.7857142857142857,1.0,0.9973958333333334,0.0,0.016622922134733153,0.004842615012106588,0.08416523235800355,58.1,64.01,64.01,64.01,64.01,64.01
2022-10-14,2022-10-17,SZ300253,1,0.9166666666666666,0.98046875,0.97265625,0.0,0.07754010695187175,0.006242197253433224,0.11414392059553347,8.06,8.0,7.98,7.99,8.05,8.06
2022-10-14,2022-10-17,SH600566,2,0.8194444444444443,0.9895833333333334,0.9830729166666666,0.0,0.0584795321637428,0.002584933530280553,0.03646408839779003,27.15,27.64,28.17,27.58,27.97,27.88
2022-10-14,2022-10-17,SZ300558,3,0.7777777777777777,0.8919270833333334,0.8671875,0.0,0.11176205497972069,0.005502343590788827,0.06931495743818394,49.34,50.97,52.08,52.67,52.38,52.95
2022-10-14,2022-10-17,SH600233,4,0.75,0.9830729166666666,0.9752604166666666,0.0,0.019034354688950872,0.008731617647058654,0.06150341685649208,21.95,22.3,22.46,22.84,22.59,21.99
2022-10-14,2022-10-17,SZ300357,5,0.7222222222222222,0.94140625,0.921875,0.0,0.049645390070921946,0.005595523581135131,0.12957074721780604,50.32,49.98,50.12,50.45,50.07,49.45
2022-10-17,2022-10-18,SH603317,1,0.8867924528301887,0.98828125,0.9752604166666666,0.0,0.032547699214365844,0.007299270072992803,0.06521739130434767,27.6,27.61,27.35,27.4,27.46,27.16
2022-10-17,2022-10-18,SZ002415,2,0.8616352201257862,0.9479166666666666,0.9140625,0.0,0.04159733777038266,0.010981912144702788,0.06421725239616616,31.3,31.31,31.16,30.92,30.97,31.03
2022-10-17,2022-10-18,SH603712,3,0.8553459119496857,0.9674479166666666,0.94140625,0.0,0.027669015922735518,0.01573787409700711,0.07848615697231409,39.37,39.3,38.81,38.85,38.92,38.6
2022-10-17,2022-10-18,SH603517,4,0.8238993710691824,0.92578125,0.9778645833333334,1.0,0.04368834306422387,0.020673360897814685,0.05671296296296302,51.84,50.95,51.0,50.69,50.48,50.3
2022-10-17,2022-10-18,SH600566,5,0.7924528301886792,0.9973958333333334,0.9921875,0.0,0.01447178002894356,0.009722722362261349,0.05920114122681874,28.04,27.86,27.85,27.86,27.91,28.41
2022-10-18,2022-10-19,SZ300832,1,0.9871794871794872,0.9973924380704041,0.9973924380704041,1.0,0.09258532757944304,0.012911438443353296,0.12028725314183109,55.7,54.0,52.83,54.01,55.04,54.7
2022-10-18,2022-10-19,SH600566,2,0.923076923076923,0.9960886571056062,0.9921773142112125,0.0,0.05025125628140703,0.014915019077350156,0.04716336295283652,29.26,28.83,28.76,29.14,28.94,28.76
2022-10-18,2022-10-19,SZ002422,3,0.8461538461538461,0.9869621903520208,0.9752281616688396,0.0,0.04837398373983737,0.0058502340093602445,0.04730515703761151,25.79,25.57,25.5,25.52,25.48,25.42
2022-10-18,2022-10-19,SZ002294,4,0.8076923076923078,0.984354628422425,0.9713168187744459,0.0,0.0852369587453119,0.0031515915537345673,0.008796732642161409,31.83,31.86,31.24,31.16,31.1,30.8
2022-10-18,2022-10-19,SH600085,5,0.7820512820512819,0.9726205997392438,0.9465449804432855,0.0,0.052000000000000046,0.0034338038916443825,0.04467680608365021,52.6,52.0,51.8,51.78,51.51,51.26
2022-10-19,2022-10-20,SH600941,1,0.8148148148148148,0.9465449804432855,0.924380704041721,0.0,0.023426061493411643,0.003589375448671994,0.08483547925607993,69.9,69.6,69.72,69.79,70.66,71.35
2022-10-19,2022-10-20,SH601872,2,0.7407407407407408,0.9009126466753585,0.954367666232073,1.0,0.05333333333333323,0.0034642032332563577,0.017261219792865434,8.69,8.7,8.48,8.37,8.29,8.19
2022-10-19,2022-10-20,SH600566,3,0.7037037037037037,0.9986962190352021,0.9921773142112125,0.0,0.0010405827263266776,0.004874651810584885,0.1077616077616077,28.86,28.64,28.8,29.04,28.72,28.77
2022-10-19,2022-10-20,SZ002841,4,0.6296296296296297,0.9126466753585397,0.8826597131681877,0.0,0.013974698440717859,0.003201862902052266,0.08704482808646441,68.93,68.41,69.03,68.88,68.26,67.63
2022-10-19,2022-10-20,SZ002180,5,0.48148148148148145,0.8748370273794003,0.9582790091264668,1.0,0.04451097804391213,0.00019113149847083122,0.05771068220905806,52.33,51.68,51.51,51.69,51.28,51.22
2022-10-20,2022-10-21,SZ300558,1,0.8958333333333334,0.9973924380704041,0.9869621903520208,0.0,0.03735849056603757,0.0067753158762131616,0.16478719534376163,54.98,54.0,54.28,55.09,55.18,54.7
2022-10-20,2022-10-21,SZ300832,2,0.7708333333333334,1.0,1.0,1.0,0.11086142322097392,0.0013504388926399713,0.12272420768712067,59.32,58.37,57.81,59.48,59.29,57.4
2022-10-20,2022-10-21,SZ000028,3,0.6666666666666666,0.9009126466753585,0.864406779661017,0.0,0.05388634879163945,0.02444444444444449,0.04772234273318876,32.27,30.98,30.41,30.55,30.61,30.34
2022-10-20,2022-10-21,SH603605,4,0.625,0.9491525423728814,0.924380704041721,0.0,0.013631311063008189,0.0031264474293652977,0.08842202470275895,173.26,173.77,172.41,173.06,172.74,171.96
2022-10-20,2022-10-21,SH600079,5,0.625,0.9335071707953064,0.9752281616688396,1.0,0.03100000000000014,0.003894839337877487,0.08147429679922413,20.62,20.56,20.45,20.81,20.69,20.57
2022-11-01,2022-11-02,SZ300454,1,0.9133333333333334,0.9778645833333334,0.953125,0.0,0.041955810800031745,0.01665499260642833,0.15746765674041185,130.63,127.85,126.3,125.81,125.62,126.13
2022-11-01,2022-11-02,SZ300168,2,0.84,0.9505208333333334,0.9231770833333334,0.0,0.050808314087759765,0.007751937984496138,0.14835164835164827,9.1,9.09,8.93,9.03,8.99,8.97
2022-11-01,2022-11-02,SZ000739,3,0.82,0.98046875,0.98046875,1.0,0.04065827686350443,0.005142589995324798,0.06511627906976747,21.5,21.58,21.49,21.58,21.36,21.59
2022-11-01,2022-11-02,SH600276,4,0.8066666666666666,0.9453125,0.9635416666666666,1.0,0.03667664670658688,0.01589242053789719,0.06425992779783396,41.55,41.2,41.38,41.36,41.19,42.09
2022-11-01,2022-11-02,SZ300601,5,0.7866666666666666,0.8932291666666666,0.8528645833333334,0.0,0.07428571428571429,0.015606242496998934,0.10342789598108748,33.84,33.68,34.75,35.29,34.9,35.99
2022-11-02,2022-11-03,SZ300003,1,0.8115942028985508,0.98828125,0.9661458333333334,0.0,0.03046092184368754,0.006262230919765077,0.17386231038506406,25.71,25.35,25.11,25.1,25.24,25.12
2022-11-02,2022-11-03,SH600196,2,0.8115942028985508,0.9388020833333334,0.9036458333333334,0.0,0.051058891789962146,0.009192200557103014,0.04416229643941483,36.23,34.88,34.96,35.19,35.1,35.1
2022-11-02,2022-11-03,SZ000513,3,0.7971014492753623,0.9856770833333334,0.9609375,0.0,0.0652173913043479,0.002557544757033181,0.03749999999999987,39.2,37.84,37.39,37.8,38.11,38.86
2022-11-02,2022-11-03,SH603939,4,0.7826086956521738,0.9609375,0.9283854166666666,0.0,0.05732933497971415,0.003179916317991527,0.04587921254587912,59.94,59.3,59.35,59.06,59.37,59.55
2022-11-02,2022-11-03,SZ300009,5,0.6956521739130435,0.9505208333333334,0.9166666666666666,0.0,0.016781836130306038,0.005859375,0.1757281553398058,10.3,10.19,10.16,10.18,10.19,10.13
2022-11-03,2022-11-04,SZ002299,1,0.96,0.97265625,0.9375,0.0,0.07653276955602539,0.0035474970437525677,0.02985074626865658,25.46,25.1,25.32,25.36,25.34,24.91
2022-11-03,2022-11-04,SZ300724,2,0.8933333333333332,0.9505208333333334,0.90625,0.0,0.05659712433042019,0.017166508345772824,0.15415916216396508,149.91,148.9,148.65,147.73,148.94,148.09
2022-11-03,2022-11-04,SZ300274,3,0.8666666666666667,0.953125,0.9088541666666666,0.0,0.033163846095469296,0.006952662721893432,0.1730571470545028,136.14,134.71,135.03,135.38,135.94,134.3
2022-11-03,2022-11-04,SZ300115,4,0.8000000000000002,0.9674479166666666,0.9309895833333334,0.0,0.02496099843993771,0.0022883295194509046,0.20167427701674256,13.14,13.07,13.04,13.03,12.98,13.02
2022-11-03,2022-11-04,SH600399,5,0.7333333333333334,0.9479166666666666,0.9010416666666666,0.0,0.020583190394511286,0.00337268128161905,0.07843137254901955,17.85,17.81,17.93,17.86,17.74,17.74
2022-11-04,2022-11-07,SZ002568,1,0.9444444444444445,0.9778645833333334,0.98046875,1.0,0.06628733997155045,0.004556419190565375,0.036019210245464395,37.48,36.59,37.01,36.8,36.65,36.65
2022-11-04,2022-11-07,SZ002294,2,0.8666666666666667,0.95703125,0.9752604166666666,1.0,0.04885993485342022,0.006250000000000089,0.06459627329192541,32.2,32.06,31.73,31.67,31.8,32.17
2022-11-04,2022-11-07,SZ000513,3,0.8222222222222223,0.9427083333333334,0.9505208333333334,1.0,0.03184025903939558,0.006315789473684275,0.06799163179916312,38.24,37.68,37.74,37.17,37.32,37.2
2022-11-04,2022-11-07,SZ002048,4,0.7333333333333334,0.9609375,0.9557291666666666,1.0,0.016778523489932917,0.0033112582781458233,0.08646864686468647,15.15,15.11,15.12,15.23,15.16,15.1
2022-11-04,2022-11-07,SZ300601,5,0.7222222222222223,0.9283854166666666,0.8776041666666666,0.0,0.027428571428571358,0.002788622420524245,0.1668520578420467,35.96,35.64,35.9,35.47,35.75,36.09
2022-11-07,2022-11-08,SZ300759,1,0.9523809523809524,0.9661458333333334,0.91796875,0.0,0.07648854961832074,0.022032178576605554,0.1147354985108493,70.51,69.11,71.64,71.73,69.24,68.49
2022-11-07,2022-11-08,SZ002568,2,0.7142857142857143,0.9856770833333334,0.9895833333333334,1.0,0.0035528833014484285,0.008514144465806117,0.11982570806100212,36.72,36.3,36.75,36.7,36.66,36.52
2022-11-07,2022-11-08,SZ002155,3,0.7142857142857143,0.9401041666666666,0.8880208333333334,0.0,0.03379310344827591,0.004018754186202234,0.0413609072715142,14.99,14.81,15.09,15.28,15.41,15.54
2022-11-07,2022-11-08,SZ002384,4,0.7142857142857143,0.9270833333333334,0.8684895833333334,0.0,0.035766961651917395,0.004649499284692382,0.06123175507297973,28.09,28.03,27.78,27.8,27.71,27.82
2022-11-07,2022-11-08,SZ300144,5,0.7142857142857143,0.91015625,0.8502604166666666,0.0,0.026315789473684292,0.011111111111111072,0.2227106227106228,13.65,13.51,13.4,13.4,13.45,13.4
2022-11-08,2022-11-09,SZ300474,1,0.8421052631578947,0.9986979166666666,0.98828125,0.0,0.016406249999999956,0.007277794982966768,0.16479631053036115,65.05,64.93,64.75,63.64,64.1,64.4
2022-11-08,2022-11-09,SZ002756,2,0.7192982456140351,0.9375,0.8763020833333334,0.0,0.02020408163265297,0.004756800214390955,0.06874708274988328,149.97,152.99,151.43,150.69,151.28,150.52
2022-11-08,2022-11-09,SZ002460,3,0.7017543859649122,0.9661458333333334,0.9166666666666666,0.0,0.0031250000000000444,0.01605245308614056,0.09379172229639532,89.88,91.79,91.62,91.0,91.18,90.89
2022-11-08,2022-11-09,SH601168,4,0.7017543859649122,0.9466145833333334,0.8854166666666666,0.0,0.018198362147406666,0.004488330341112956,0.08400357462019681,11.19,11.5,11.35,11.35,11.36,11.28
2022-11-08,2022-11-09,SZ300212,5,0.7017543859649122,0.9192708333333334,0.9869791666666666,1.0,0.024822695035460862,0.006384213580963305,0.182237600922722,17.34,17.34,16.91,16.96,17.04,17.1
2022-11-10,2022-11-11,SZ300677,1,0.7948717948717948,0.9388020833333334,0.8841145833333334,0.0,0.04728850325379619,0.004577611319184438,0.16072908036454003,24.14,24.91,24.31,24.24,24.5,24.38
2022-11-10,2022-11-11,SZ002439,2,0.717948717948718,0.9544270833333334,0.8971354166666666,0.0,0.037125748502994105,0.0015420200462605838,0.0723633564280215,25.98,26.5,26.19,26.3,26.07,25.93
2022-11-10,2022-11-11,SZ002416,3,0.6923076923076924,0.9192708333333334,0.8502604166666666,0.0,0.08088978766430732,0.0028142589118198558,0.028063610851262855,10.69,10.69,10.66,10.58,10.71,10.65
2022-11-10,2022-11-11,SZ300124,4,0.6666666666666666,0.8671875,0.8020833333333334,0.0,0.02177132701421791,0.007153284671532756,0.1898825916799538,68.99,70.52,70.1,70.46,71.1,70.74
2022-11-10,2022-11-11,SZ002153,5,0.6153846153846154,0.8502604166666666,0.9270833333333334,1.0,0.0683098591549296,0.003306878306878369,0.03691496374423209,15.17,16.15,16.65,16.65,16.15,16.2
2022-11-11,2022-11-14,SH603939,1,0.9333333333333332,0.98828125,0.96484375,0.0,0.03682946357085659,0.005434782608695565,0.05559845559845544,64.75,64.5,67.53,67.54,67.23,67.87
2022-11-11,2022-11-14,SZ002138,2,0.6000000000000001,0.94921875,0.8932291666666666,0.0,0.025715470759021253,0.005284552845528312,0.052163364334816054,24.73,24.51,24.26,24.58,24.65,24.72
2022-11-11,2022-11-14,SZ002299,3,0.6,0.9700520833333334,0.9231770833333334,0.0,0.00454545454545463,0.011441647597254079,0.09389140271493224,26.52,27.11,26.51,26.75,26.68,26.31
2022-11-11,2022-11-14,SH600160,4,0.46666666666666673,0.9856770833333334,0.9622395833333334,0.0,0.004988913525498795,0.001104362230811784,0.0667402095973526,18.13,17.92,18.11,17.94,18.02,17.87
2022-11-11,2022-11-14,SZ300124,5,0.4000000000000001,0.8971354166666666,0.83203125,0.0,0.016307430516165677,0.0015371716042482664,0.1467838705176503,71.67,71.26,71.25,72.09,72.57,71.67
2022-11-14,2022-11-15,SH603939,1,0.8181818181818182,0.9947916666666666,0.9830729166666666,0.0,0.0835658914728683,0.0018635321100917146,0.021033051938760927,69.89,70.64,69.9,67.73,67.98,68.1
2022-11-14,2022-11-15,SZ300482,2,0.7575757575757575,0.94921875,0.89453125,0.0,0.06861111111111118,0.0036524915210018882,0.13231089160384735,38.47,37.93,37.6,37.5,37.1,37.65
2022-11-14,2022-11-15,SZ300026,3,0.6969696969696969,0.9700520833333334,0.9270833333333334,0.0,0.08978328173374606,0.0014224751066855834,0.12215909090909105,7.04,7.0,6.88,6.86,6.8,6.94
2022-11-14,2022-11-15,SH603290,4,0.6666666666666666,0.90625,0.8450520833333334,0.0,0.019252873563218253,0.004815864022662764,0.09625035241048763,354.7,354.96,358.82,356.55,356.95,361.01
2022-11-14,2022-11-15,SZ002180,5,0.6060606060606061,0.9635416666666666,0.9192708333333334,0.0,0.0129846039695789,0.0042294961382860485,0.11005310382713795,54.61,54.86,55.96,57.36,56.7,57.22
2022-11-15,2022-11-16,SZ300482,1,0.9199999999999999,0.9947916666666666,0.9700520833333334,0.0,0.038755602425520674,0.034120734908136496,0.18680203045685273,39.4,39.7,38.8,38.41,38.13,38.91
2022-11-15,2022-11-16,SH603719,2,0.8333333333333334,0.98046875,0.9401041666666666,0.0,0.03617412630288164,0.008955223880596996,0.0831360946745563,33.8,33.57,33.5,34.0,33.88,34.1
2022-11-15,2022-11-16,SZ300026,3,0.7600000000000001,0.9986979166666666,0.9778645833333334,0.0,0.0128571428571429,0.0128571428571429,0.19464033850493667,7.09,7.0,6.92,6.88,6.86,7.02
2022-11-15,2022-11-16,SZ002410,4,0.7466666666666666,0.9466145833333334,0.8854166666666666,0.0,0.0326923076923078,0.007126781695423912,0.07914338919925501,53.7,52.87,53.22,53.6,53.5,53.5
2022-11-15,2022-11-16,SZ300601,5,0.7266666666666666,0.9375,0.8723958333333334,0.0,0.03959561920808774,0.006251698831204244,0.1561318206374931,37.02,37.3,37.32,36.9,36.84,37.25
2022-11-16,2022-11-17,SZ300759,1,0.9761904761904763,0.9895833333333334,0.9505208333333334,0.0,0.05419936065097364,0.01781705948372614,0.13797381116471397,72.55,72.0,72.32,71.7,71.87,71.6
2022-11-16,2022-11-17,SZ002019,2,0.6904761904761906,0.9036458333333334,0.83984375,0.0,0.010244286840031647,0.006279434850863463,0.09828393135725433,12.82,12.7,12.97,12.99,12.96,12.99
2022-11-16,2022-11-17,SZ300782,3,0.6428571428571429,1.0,0.99609375,0.0,0.02025641025641023,8.378016085797135e-05,0.1976208427578119,119.37,117.86,116.69,119.05,117.64,117.3
2022-11-16,2022-11-17,SH600282,4,0.6190476190476191,0.9440104166666666,0.8815104166666666,0.0,0.006153846153846176,0.0030674846625766694,0.08868501529051986,3.27,3.29,3.27,3.27,3.27,3.27
2022-11-16,2022-11-17,SH603233,5,0.6190476190476191,0.8307291666666666,0.9453125,1.0,0.014047619047619087,0.007093875620714174,0.08898802535806527,42.59,42.49,43.75,44.29,43.83,44.97
2022-11-17,2022-11-18,SH600131,1,0.9133333333333334,0.9817708333333334,0.9856770833333334,1.0,0.04962054874489219,0.012387387387387427,0.04783092324805338,17.98,18.01,18.27,18.34,18.49,18.08
2022-11-17,2022-11-18,SH600460,2,0.8466666666666667,0.97265625,0.9244791666666666,0.0,0.05823129251700676,0.005429162357807771,0.04962715350989977,38.89,38.38,38.51,38.74,38.4,38.48
2022-11-17,2022-11-18,SH603858,3,0.8466666666666667,0.9518229166666666,0.8958333333333334,0.0,0.04759615384615379,0.007863089731729778,0.05507113354749893,21.79,21.94,22.3,21.98,22.2,22.37
2022-11-17,2022-11-18,SZ300677,4,0.7799999999999999,0.9375,0.8815104166666666,0.0,0.03004115226337456,0.017066233238520967,0.18737514982021564,25.03,25.2,25.61,25.25,25.09,25.25
2022-11-17,2022-11-18,SH600329,5,0.7733333333333334,0.9895833333333334,0.9479166666666666,0.0,0.04054054054054057,0.0035842293906809264,0.06136363636363629,30.8,30.7,32.17,31.14,31.43,31.09
2022-11-21,2022-11-22,SH603719,1,0.96,0.9973924380704041,0.9765319426336375,0.0,0.1503528689782141,0.013243243243243219,0.03841024273139504,37.49,36.66,35.8,35.71,35.39,35.56
2022-11-21,2022-11-22,SH600329,2,0.7333333333333334,0.9947848761408083,0.9647979139504563,0.0,0.008746355685131268,0.008419689119171014,0.09730250481695579,31.14,30.82,32.19,32.46,32.55,32.9
2022-11-21,2022-11-22,SZ300212,3,0.6933333333333334,0.878748370273794,0.9869621903520208,1.0,0.18191721132897598,0.02455146364494798,0.011059907834101379,21.7,21.2,22.0,21.3,20.99,20.97
2022-11-21,2022-11-22,SZ300661,4,0.68,0.970013037809648,0.9204693611473272,0.0,0.01780563567783444,0.004929076072074157,0.20006539865932726,183.49,183.01,182.41,179.4,179.1,184.88
2022-11-21,2022-11-22,SZ002439,5,0.6666666666666666,0.9191655801825294,0.8461538461538461,0.0,0.027210884353741527,0.005921539600296066,0.07505518763796903,27.18,27.0,27.15,26.93,26.77,26.87
2022-11-30,2022-12-01,SZ300482,1,0.9523809523809524,1.0,0.99609375,0.0,0.05289557683538537,0.011610076670317548,0.1416197488090083,46.18,48.0,45.0,44.22,44.29,44.08
2022-11-30,2022-12-01,SZ300212,2,0.8095238095238096,0.9856770833333334,0.9348958333333334,0.0,0.06494096276112615,0.002136752136752129,0.14200426439232428,23.45,23.04,23.23,23.24,23.26,23.2
2022-11-30,2022-12-01,SZ000069,3,0.7857142857142857,0.9635416666666666,0.9765625,1.0,0.04973357015985802,0.008532423208191142,0.0372250423011844,5.91,5.97,5.85,5.96,5.96,5.94
2022-11-30,2022-12-01,SZ002739,4,0.7619047619047619,0.98046875,0.9283854166666666,0.0,0.021488871834228762,0.007570022710068125,0.09015777610818931,13.31,14.0,13.87,13.83,13.86,13.93
2022-11-30,2022-12-01,SZ000690,5,0.5952380952380952,0.8098958333333334,0.9361979166666666,1.0,0.02496099843993771,0.012326656394453073,0.0974124809741248,6.57,6.56,6.58,6.57,6.48,6.52
2022-12-01,2022-12-02,SH603719,1,1.0,0.9895833333333334,0.9700520833333334,1.0,0.07422293676312974,0.01237373737373737,0.015215764529807885,40.09,39.47,40.16,40.22,39.62,39.57
2022-12-01,2022-12-02,SH600079,2,0.7777777777777778,0.9661458333333334,0.9205729166666666,0.0,0.03125000000000022,0.007853403141361293,0.06926406926406914,23.1,23.11,22.64,22.72,22.72,23.08
2022-12-01,2022-12-02,SZ000402,3,0.5000000000000001,0.9674479166666666,0.98046875,1.0,0.01990049751243772,0.0016286644951140072,0.1008130081300811,6.15,6.12,6.0,5.99,5.9,5.95
2022-12-01,2022-12-02,SZ002648,4,0.4444444444444444,0.8919270833333334,0.8111979166666666,0.0,0.027872195785179965,0.0026525198938991412,0.05886243386243395,15.12,15.09,14.93,14.86,14.92,14.92
2022-12-01,2022-12-02,SZ002511,5,0.38888888888888884,0.9505208333333334,0.8880208333333334,0.0,0.008826125330979595,0.0017528483786151128,0.0734908136482939,11.43,11.31,11.57,11.7,11.69,11.91
2022-12-02,2022-12-05,SH603866,1,0.7666666666666667,0.98828125,0.9427083333333334,0.0,0.03288062902072908,0.002775850104094424,0.06989619377162648,14.45,14.6,14.83,15.15,15.23,15.34
2022-12-02,2022-12-05,SZ002511,2,0.7333333333333334,0.9713541666666666,0.91796875,0.0,0.04509283819628651,0.00339558573853993,0.06175972927241968,11.82,12.1,11.83,11.95,11.97,11.96
2022-12-02,2022-12-05,SZ300212,3,0.7000000000000001,0.9986979166666666,0.9947916666666666,0.0,0.05544231553200163,0.0003863987635239763,0.11432985708767873,25.89,26.61,25.5,26.28,25.98,26.2
2022-12-02,2022-12-05,SH603899,4,0.6666666666666666,0.9401041666666666,0.8736979166666666,0.0,0.019665683382497523,0.003483646216373204,0.0777242044358728,51.85,51.77,52.35,52.73,52.81,52.9
2022-12-02,2022-12-05,SZ002601,5,0.6333333333333333,0.9778645833333334,0.9010416666666666,0.0,0.005319148936170137,0.004250797024442088,0.0978835978835979,18.9,19.09,18.94,18.87,18.96,18.97
2022-12-05,2022-12-06,SH603866,1,0.9888888888888889,0.9934810951760105,0.9582790091264668,0.0,0.07602739726027408,0.007051282051282026,0.008911521323997418,15.71,15.58,15.89,16.01,16.25,16.05
2022-12-05,2022-12-06,SH601336,2,0.8333333333333334,0.9478487614080835,0.8800521512385919,0.0,0.05254061527825793,0.003956478733926794,0.022331691297208467,30.45,30.2,30.0,30.4,30.06,30.46
2022-12-05,2022-12-06,SH601601,3,0.8000000000000002,0.940026075619296,0.8683181225554107,0.0,0.04421487603305785,0.004372019077901301,0.038385437277403955,25.27,25.05,24.92,25.06,24.97,25.2
2022-12-05,2022-12-06,SZ000932,4,0.7888888888888889,0.9778357235984355,0.9256844850065189,0.0,0.03534303534303551,0.0040322580645162365,0.054216867469879526,4.98,4.93,4.92,4.94,4.94,4.97
2022-12-05,2022-12-06,SH601628,5,0.7666666666666666,0.9960886571056062,0.9647979139504563,0.0,0.03836460375245032,0.0024330900243307862,0.04719525350593301,37.08,36.88,36.16,36.51,36.7,36.8
2022-12-06,2022-12-07,SZ002946,1,0.7777777777777777,0.9398692810457516,0.8640522875816994,0.0,0.048589341692790056,0.01210287443267788,0.053811659192825045,13.38,13.37,13.46,13.53,13.52,13.48
2022-12-06,2022-12-07,SH600398,2,0.7530864197530863,0.9882352941176471,0.930718954248366,0.0,0.009541984732824416,0.00379506641366234,0.08317580340264663,5.29,5.37,5.45,5.44,5.46,5.43
2022-12-06,2022-12-07,SH603486,3,0.6790123456790124,0.9633986928104575,0.8967320261437909,0.0,0.005529722257132219,0.012144212523719222,0.10136232970878645,80.01,79.52,78.51,78.98,79.12,78.23
2022-12-06,2022-12-07,SH603899,4,0.6790123456790124,0.9620915032679739,0.8954248366013072,0.0,0.01376744186046519,0.0036839196905507077,0.0857037988621765,54.49,53.8,53.81,54.05,54.12,54.02
2022-12-06,2022-12-07,SH600704,5,0.6790123456790124,0.9032679738562092,0.8183006535947712,0.0,0.022587268993840004,0.00809716599190291,0.08232931726907622,4.98,4.99,4.97,5.02,5.06,4.99
2022-12-07,2022-12-08,SZ300979,1,0.8333333333333334,0.9294117647058824,0.865359477124183,0.0,0.03514018691588783,0.010952902519167695,0.16576381365113768,55.38,54.46,53.8,53.95,53.9,53.63
2022-12-07,2022-12-08,SZ300482,2,0.7888888888888889,0.9986928104575163,0.984313725490196,0.0,0.05364705882352938,0.002462502798298516,0.13354175971415794,44.78,44.9,46.0,45.01,44.97,44.17
2022-12-07,2022-12-08,SH600787,3,0.7333333333333334,0.9124183006535947,0.8444444444444444,0.0,0.027573529411764497,0.014519056261343088,0.07871198568872995,5.59,5.59,5.58,5.62,5.58,5.62
2022-12-07,2022-12-08,SZ300146,4,0.7333333333333333,0.9869281045751634,0.9450980392156862,0.0,0.013011152416356975,0.004608294930875667,0.19495412844036686,21.8,21.85,21.68,21.62,21.6,21.64
2022-12-07,2022-12-08,SZ002511,5,0.6999999999999998,0.9725490196078431,0.9228758169934641,0.0,0.01964133219470532,0.003361344537815114,0.08375209380234505,11.94,11.97,11.78,11.84,11.78,11.88
2022-12-08,2022-12-09,SZ300482,1,0.9313725490196078,0.9986928104575163,0.9908496732026144,0.0,0.024498886414253906,0.023359288097886566,0.17369565217391303,46.0,46.99,47.95,47.98,48.51,50.3
2022-12-08,2022-12-09,SH601828,2,0.8725490196078431,0.9516339869281045,0.9019607843137255,0.0,0.059386973180076685,0.007285974499089187,0.03797468354430378,5.53,5.52,5.56,5.71,5.65,5.62
2022-12-08,2022-12-09,SH600079,3,0.8725490196078431,0.9464052287581699,0.8954248366013072,0.0,0.05353982300884952,0.020574367766823753,0.07601847963040753,23.81,23.17,23.21,23.07,23.11,23.25
2022-12-08,2022-12-09,SZ002739,4,0.8137254901960785,0.996078431372549,0.9790849673202614,0.0,0.015764222069911016,0.006793478260869623,0.06140350877192979,14.82,14.86,14.71,14.84,14.69,14.49
2022-12-08,2022-12-09,SZ300251,5,0.8137254901960785,0.9359477124183007,0.8823529411764706,0.0,0.030952380952380842,0.012865497076023358,0.18013856812933038,8.66,8.6,8.49,8.49,8.59,8.42
2022-12-09,2022-12-12,SZ002508,1,0.9583333333333334,0.9947712418300654,0.9699346405228758,0.0,0.07761732851985559,0.02191030469017452,0.01742043551088779,29.85,29.37,28.9,29.05,28.85,28.87
2022-12-09,2022-12-12,SZ300482,2,0.8645833333333334,0.9895424836601308,0.9620915032679739,0.0,0.048733773143222026,0.015663643858202736,0.11546266233766223,49.28,50.1,49.8,50.3,49.07,48.59
2022-12-09,2022-12-12,SH603589,3,0.78125,0.9372549019607843,0.9790849673202614,1.0,0.09609878310665709,0.007732806844356732,0.006857142857142895,61.25,59.57,59.71,60.14,60.7,60.52
2022-12-09,2022-12-12,SH603486,4,0.7604166666666666,0.996078431372549,0.9725490196078431,0.0,0.026937269372693695,0.006024822267743035,0.06982872200263501,83.49,83.06,82.36,82.2,81.53,82.62
2022-12-09,2022-12-12,SZ002601,5,0.75,0.9411764705882353,0.8797385620915033,0.0,0.04876769795490299,0.014713343480466712,0.04600000000000004,20.0,19.77,19.91,20.03,19.91,19.95
2022-12-12,2022-12-13,SZ300212,1,0.9487179487179488,1.0,0.9973856209150327,0.0,0.04370915032679745,0.005509641873278293,0.09823874755381601,25.55,25.45,25.01,24.98,25.4,25.43
2022-12-12,2022-12-13,SZ002739,2,0.7435897435897436,0.9973856209150327,0.984313725490196,0.0,0.007482993197279075,0.009543285616905317,0.10668467251856861,14.81,14.59,14.66,14.7,14.72,15.14
2022-12-12,2022-12-13,SZ300661,3,0.6410256410256411,0.938562091503268,0.8875816993464052,0.0,0.0497142857142856,0.0010899182561308063,0.14186173108328792,183.7,182.7,185.94,184.68,183.45,183.0
2022-12-12,2022-12-13,SZ000623,4,0.5897435897435898,0.934640522875817,0.8823529411764706,0.0,0.019512195121951237,0.0017974835230676334,0.06818181818181812,16.72,16.61,16.53,16.39,16.26,16.06
2022-12-12,2022-12-13,SH603198,5,0.5384615384615384,0.9947712418300654,0.9777777777777777,0.0,0.006283967391304213,0.002368465572661238,0.09333333333333327,59.25,58.9,58.31,58.9,58.98,59.18
2022-12-28,2022-12-29,SZ300869,1,0.8000000000000002,0.97911227154047,0.9699738903394256,0.0,0.12639894667544427,0.0014632718759144403,0.05201636469900639,34.22,34.0,34.29,34.44,33.58,33.33
2022-12-28,2022-12-29,SH603369,2,0.7666666666666666,0.9908616187989556,0.9869451697127938,0.0,0.014538936466839125,0.00275590551181093,0.08892815076560656,50.94,50.5,50.59,50.37,50.2,50.76
2022-12-28,2022-12-29,SH601958,3,0.75,0.922976501305483,0.9046997389033943,0.0,0.050909090909091015,0.003472222222222321,0.049307958477508684,11.56,11.47,11.47,11.6,11.55,11.69
2022-12-28,2022-12-29,SZ000963,4,0.7333333333333334,0.9660574412532638,0.9543080939947781,0.0,0.008611410118406937,0.003641816623821903,0.09455709711846327,46.85,47.0,46.56,46.58,46.6,47.12
2022-12-28,2022-12-29,SZ002032,5,0.6666666666666666,0.95822454308094,0.9138381201044387,0.0,0.016973125884016893,0.0013927576601671099,0.08861514007550175,50.33,50.28,49.85,49.92,49.44,49.86
2022-12-29,2022-12-30,SH603456,1,0.8472222222222223,0.9046997389033943,0.8825065274151436,0.0,0.030024213075060535,0.005436067123611332,0.07052186177715103,42.54,42.51,42.51,42.48,42.21,42.46
2022-12-29,2022-12-30,SZ002511,2,0.8472222222222222,0.9973890339425587,0.9947780678851175,0.0,0.010980966325036645,0.004363636363636347,0.09992758870383778,13.81,13.8,13.84,13.94,13.78,13.69
2022-12-29,2022-12-30,SZ002252,3,0.8194444444444445,0.8981723237597912,0.8733681462140992,0.0,0.022298456260720467,0.006756756756756799,0.06711409395973167,5.96,6.08,6.04,6.05,6.03,6.03
2022-12-29,2022-12-30,SZ300957,4,0.7916666666666666,0.9895561357702349,0.9869451697127938,0.0,0.016912751677852444,0.002050128959725006,0.19106388595564927,151.52,151.0,149.85,150.46,148.28,147.81
2022-12-29,2022-12-30,SZ002821,5,0.7222222222222223,0.8785900783289817,0.8537859007832899,0.0,0.0860371855632518,0.0029627634502726874,0.023699227928835276,148.95,147.09,147.69,148.15,147.02,148.12
2022-12-30,2023-01-03,SH603156,1,0.8796296296296297,0.9516971279373369,0.9373368146214099,0.0,0.02667893284268641,0.0031460674157304247,0.071236559139785,22.32,22.28,22.12,22.01,22.04,21.93
2022-12-30,2023-01-03,SZ300498,2,0.8518518518518517,0.933420365535248,0.9190600522193212,0.0,0.026068821689259725,0.004081632653061051,0.15904471544715437,19.68,19.53,19.54,19.37,19.37,19.15
2022-12-30,2023-01-03,SZ000960,3,0.7870370370370371,0.8955613577023499,0.8733681462140992,0.0,0.021629416005767954,0.010699001426533572,0.07621736062103035,14.17,13.93,14.12,13.97,13.96,13.93
2022-12-30,2023-01-03,SZ300015,4,0.75,0.9621409921671018,0.9503916449086162,0.0,0.011345218800648205,0.002248634757468615,0.18044871794871797,31.2,31.1,30.82,30.76,30.77,30.67
2022-12-30,2023-01-03,SZ300832,5,0.75,0.9073107049608355,0.8877284595300261,0.0,0.02007706347596816,0.0037916583516264257,0.18489065606361832,50.3,49.88,49.9,50.49,50.4,52.41
2023-01-03,2023-01-04,SZ300413,1,0.8181818181818182,0.9895561357702349,0.9843342036553525,0.0,0.05880398671096354,0.002201257861635275,0.13021650454973344,31.87,31.5,31.56,31.72,31.71,31.68
2023-01-03,2023-01-04,SZ300037,2,0.8181818181818182,0.9321148825065274,0.9177545691906005,0.0,0.03595145408747413,0.0031042128603104846,0.15296198054818722,45.24,44.73,43.97,44.1,43.91,44.59
2023-01-03,2023-01-04,SH600079,3,0.8030303030303031,0.8877284595300261,0.8642297650130548,0.0,0.05783738474434186,0.005978477481068056,0.04120443740095103,25.24,24.91,24.9,25.14,25.3,25.31
2023-01-03,2023-01-04,SH600398,4,0.7424242424242423,0.9347258485639687,0.9203655352480418,0.0,0.009487666034155628,0.0037735849056603765,0.09586466165413521,5.32,5.32,5.3,5.32,5.36,5.35
2023-01-03,2023-01-04,SH600027,5,0.7121212121212123,0.8590078328981723,0.8302872062663186,0.0,0.07966101694915251,0.004731861198738141,0.015698587127158437,6.37,6.43,6.28,6.21,6.16,6.25
2023-01-04,2023-01-05,SH600859,1,0.7719298245614036,0.9269882659713168,0.910039113428944,0.0,0.027154236060825454,0.012129860863360653,0.07331688403242853,28.37,28.14,28.1,28.28,29.11,29.51
2023-01-04,2023-01-05,SH603456,2,0.7543859649122808,0.9387222946544981,0.9204693611473272,0.0,0.030590467156746515,0.0034634033710458922,0.06764841233317997,43.46,43.07,43.7,43.97,44.05,44.45
2023-01-04,2023-01-05,SH603885,3,0.7543859649122807,0.9504563233376793,0.9335071707953064,0.0,0.021971123666038928,0.006180469715698411,0.07493857493857492,16.28,16.25,16.14,16.3,16.37,16.52
2023-01-04,2023-01-05,SH600079,4,0.7368421052631579,0.9869621903520208,0.9817470664928292,0.0,0.02368526696105988,0.0019646365422396617,0.0827450980392157,25.5,25.33,25.0,25.15,25.17,25.33
2023-01-04,2023-01-05,SZ002032,5,0.7280701754385964,0.9113428943937418,0.8109517601043025,0.0,0.03453237410071952,0.003389154704944275,0.06298430359626472,50.33,50.4,49.83,50.12,50.48,50.49
2023-01-05,2023-01-06,SZ300037,1,0.9090909090909092,0.9830508474576272,0.9739243807040417,0.0,0.04045987176652677,0.002129471890971013,0.1551211219719506,47.06,46.62,46.65,47.25,47.45,46.94
2023-01-05,2023-01-06,SZ002027,2,0.7727272727272728,0.9634941329856584,0.9478487614080835,0.0,0.06178160919540221,0.0013550135501354532,0.02976995940460081,7.39,7.41,7.26,7.15,7.14,7.12
2023-01-05,2023-01-06,SH601058,3,0.6666666666666666,0.8683181225554107,0.847457627118644,0.0,0.018218623481781382,0.00700700700700696,0.07455268389662018,10.06,10.05,10.04,10.07,10.17,10.18
2023-01-05,2023-01-06,SH601628,4,0.5909090909090909,0.8761408083441982,0.8552803129074316,0.0,0.008746355685131268,0.0047518479408659164,0.09038360483447172,38.06,37.91,37.9,37.67,37.59,37.15
2023-01-05,2023-01-06,SZ300454,5,0.5757575757575758,0.9478487614080835,0.9322033898305084,0.0,0.029298633276045427,0.0010347023241006337,0.1688001908245209,125.77,125.01,122.84,123.3,123.7,123.2
2023-01-06,2023-01-09,SZ300832,1,0.9365079365079364,0.9830508474576272,0.9778357235984355,0.0,0.032138899150351063,0.0035919540229885083,0.16267000715819613,55.88,55.01,55.55,55.43,56.18,55.14
2023-01-06,2023-01-09,SZ300122,2,0.7619047619047619,0.984354628422425,0.9791395045632334,0.0,0.00987654320987641,0.0026557711950969676,0.19315403422982902,98.16,97.91,97.39,98.46,98.12,97.57
2023-01-06,2023-01-09,SZ300558,3,0.6825396825396824,0.894393741851369,0.8709256844850065,0.0,0.01652421652421654,0.004693073024216288,0.17451420029895348,53.52,53.77,53.09,53.39,53.75,53.37
2023-01-06,2023-01-09,SZ300072,4,0.6825396825396824,0.878748370273794,0.8539765319426337,0.0,0.02505694760820054,0.004464285714285587,0.15999999999999992,4.5,4.56,4.5,4.54,4.51,4.54
2023-01-06,2023-01-09,SH603833,5,0.6666666666666666,0.9074315514993481,0.8891786179921773,0.0,0.02764900662251657,0.0019370460048426796,0.06935717738037694,124.14,124.23,122.99,124.0,123.72,124.05
2023-01-09,2023-01-10,SH603369,1,0.9729729729729729,0.9986962190352021,0.9947848761408083,0.0,0.06895924308588053,0.005304585900068437,0.026382978723404227,58.75,58.0,58.73,58.12,58.49,59.2
2023-01-09,2023-01-10,SZ300454,2,0.900900900900901,0.9908735332464146,0.9856584093872229,0.0,0.0652549019607842,0.003101920236336708,0.14158445000736286,135.82,132.98,131.01,130.92,130.76,130.92
2023-01-09,2023-01-10,SZ300979,3,0.8738738738738739,0.9556714471968709,0.940026075619296,0.0,0.03380570257811155,0.009166666666666545,0.1532617671345995,60.55,61.24,61.48,60.42,60.17,61.0
2023-01-09,2023-01-10,SZ300896,4,0.7747747747747749,0.940026075619296,0.9256844850065189,0.0,0.03586994727592252,0.0027049096662241645,0.15883680290459945,589.41,586.98,590.01,583.88,586.84,589.72
2023-01-09,2023-01-10,SZ002138,5,0.7657657657657658,0.9009126466753585,0.8839634941329857,0.0,0.050892518040258405,0.00545058139534893,0.046620889049512115,27.67,27.89,27.68,27.63,27.77,27.56
2023-01-10,2023-01-11,SZ300454,1,0.9333333333333332,0.9947780678851175,0.9921671018276762,0.0,0.03775003759963913,0.010174950589268539,0.1700724637681159,138.0,134.99,132.39,131.64,132.63,131.51
2023-01-10,2023-01-11,SZ300832,2,0.8833333333333334,0.9934725848563969,0.9882506527415144,0.0,0.044869503038970526,0.004813477737665384,0.14679213002566294,58.45,58.0,57.15,56.88,56.82,57.48
2023-01-10,2023-01-11,SZ300122,3,0.8833333333333333,0.9882506527415144,0.97911227154047,0.0,0.05645903651426831,0.0054511827119634315,0.14202730177171063,103.29,103.35,104.8,104.57,105.37,105.55
2023-01-10,2023-01-11,SZ300558,4,0.8083333333333332,0.9347258485639687,0.9099216710182768,0.0,0.08673754896474528,0.009705372616984231,0.10847923103329893,58.26,57.0,58.41,58.7,59.01,59.45
2023-01-10,2023-01-11,SZ300782,5,0.6999999999999998,0.9007832898172323,0.8655352480417755,0.0,0.059411764705882275,0.00526273821864276,0.1351630046799399,126.07,127.0,126.51,126.05,127.14,126.04
2023-01-16,2023-01-17,SZ300759,1,0.8412698412698413,0.9973924380704041,0.9934810951760105,0.0,0.06312335958005244,0.0016073194856578432,0.12356499197629911,81.01,80.89,80.97,81.36,80.78,79.95
2023-01-16,2023-01-17,SZ300832,2,0.8412698412698413,0.9947848761408083,0.9908735332464146,0.0,0.016491228070175445,0.009407665505226426,0.1922678633068693,57.94,57.27,58.13,57.46,56.98,57.33
2023-01-16,2023-01-17,SZ300558,3,0.8253968253968255,0.9921773142112125,0.9882659713168188,0.0,0.03916106832705224,0.0044345898004434225,0.14774519079154858,63.42,62.5,63.21,63.32,63.21,63.86
2023-01-16,2023-01-17,SZ002028,4,0.7936507936507936,0.8970013037809648,0.8709256844850065,0.0,0.06439024390243908,0.005066789497927271,0.013748854262144894,43.64,43.6,44.3,43.45,43.51,43.54
2023-01-16,2023-01-17,SZ300498,5,0.7777777777777777,0.9113428943937418,0.8878748370273793,0.0,0.04174852652259342,0.006166982922201303,0.14898632720414895,21.21,21.2,20.94,20.86,20.87,20.89
2023-01-17,2023-01-18,SH603833,1,0.8958333333333334,0.9375,0.9140625,0.0,0.028093987157034483,0.006716684530189365,0.06650578465469525,140.89,141.55,140.66,137.6,137.0,134.08
2023-01-17,2023-01-18,SZ300033,2,0.7916666666666666,0.9622395833333334,0.9453125,0.0,0.013778162911611602,0.002141511050196998,0.19719634156765542,116.99,117.4,118.03,118.49,117.9,118.86
2023-01-17,2023-01-18,SZ300896,3,0.7083333333333334,0.984375,0.97265625,0.0,0.008313138932130704,0.0020574162679425356,0.19352528291075788,628.29,625.85,628.0,624.5,621.03,626.7
2023-01-17,2023-01-18,SZ002439,4,0.7083333333333334,0.9205729166666666,0.8932291666666666,0.0,0.019808984789529527,0.0017373175816537412,0.09053069719042672,28.83,28.71,28.94,29.24,29.48,29.86
2023-01-17,2023-01-18,SZ002925,5,0.6458333333333334,0.9296875,0.90234375,0.0,0.016196447230929945,0.001544799176107059,0.08483290488431883,19.45,19.45,19.54,19.53,19.51,19.53
2023-01-18,2023-01-19,SZ300454,1,1.0,0.99609375,0.9921875,0.0,0.11015528176715028,0.017914438502673935,0.07959022852639874,152.28,150.0,149.51,152.5,152.76,155.0
2023-01-18,2023-01-19,SH600079,2,0.8518518518518517,0.9479166666666666,0.9270833333333334,0.0,0.035672741372625216,0.0067847719562759146,0.06589292399850244,26.71,26.33,25.97,26.2,26.23,27.14
2023-01-18,2023-01-19,SZ002439,3,0.6666666666666666,0.94140625,0.9166666666666666,0.0,0.03413444792755138,0.0013490725126477088,0.06938363085213872,29.69,29.68,29.79,29.97,29.96,29.87
2023-01-18,2023-01-19,SZ002555,4,0.648148148148148,0.9583333333333334,0.94140625,0.0,0.01871921182266001,0.0009680542110357404,0.04690522243713735,20.68,20.63,20.47,20.6,20.64,20.78
2023-01-18,2023-01-19,SH600570,5,0.6296296296296297,0.9361979166666666,0.9114583333333334,0.0,0.04704545454545461,0.0010864841373314782,0.05035815064032989,46.07,46.0,45.99,46.35,46.62,46.15
2023-01-19,2023-01-20,SZ300454,1,0.9757575757575757,1.0,1.0,0.0,0.05160000000000009,0.019716853060960604,0.16850513503233167,157.74,156.0,156.47,154.95,155.47,156.75
2023-01-19,2023-01-20,SZ002555,2,0.7818181818181819,0.9869791666666666,0.97265625,0.0,0.02278235579253529,0.003328578221588163,0.07440758293838856,21.1,21.11,21.0,21.06,21.29,21.37
2023-01-19,2023-01-20,SH601377,3,0.7818181818181819,0.9674479166666666,0.91796875,0.0,0.038461538461538325,0.0028571428571428914,0.06695156695156701,7.02,7.02,6.92,6.87,6.92,6.96
2023-01-19,2023-01-20,SZ002648,4,0.7636363636363637,0.8815104166666666,0.84375,0.0,0.06848484848484837,0.006278538812785284,0.03289846851956901,17.63,17.54,17.75,17.65,17.6,17.57
2023-01-19,2023-01-20,SH600958,5,0.7454545454545455,0.9388020833333334,0.9739583333333334,1.0,0.02402957486136792,0.005444646098003769,0.07942238267148016,11.08,11.14,10.93,10.84,10.91,10.96
2023-01-20,2023-01-30,SZ300347,1,0.8333333333333334,0.9973958333333334,0.9947916666666666,0.0,0.003870967741935516,0.0059802812348472845,0.20437017994858597,124.48,124.1,124.24,121.81,121.93,120.09
2023-01-20,2023-01-30,SH603927,2,0.75,0.9153645833333334,0.8854166666666666,0.0,0.014506769825918697,0.0025485823510671413,0.09755322529393085,31.47,31.96,31.68,31.84,32.1,31.49
2023-01-20,2023-01-30,SH603986,3,0.638888888888889,0.9361979166666666,0.91015625,0.0,0.03790186125211514,0.0005709159122422314,0.06545484186501471,122.68,125.26,120.92,120.56,123.1,123.08
2023-01-20,2023-01-30,SZ002410,4,0.611111111111111,0.9192708333333334,0.8893229166666666,0.0,0.01844734819369731,0.0009064813415924355,0.08588679245283015,66.25,67.29,66.86,67.59,67.73,68.11
2023-01-20,2023-01-30,SH601336,5,0.5555555555555555,0.9205729166666666,0.890625,0.0,0.0033333333333334103,0.001209555488357994,0.09634551495016597,33.11,33.6,33.46,33.22,33.19,33.11
2023-01-30,2023-01-31,SZ300454,1,1.0,1.0,0.9986979166666666,0.0,0.05585158871126916,0.027528809218950068,0.14816199376947048,160.5,156.89,155.01,153.55,152.76,154.08
2023-01-30,2023-01-31,SH603882,2,0.8666666666666667,0.9947916666666666,0.9856770833333334,0.0,0.03398825654923199,0.007259927400725896,0.04106148301845591,91.57,91.0,89.73,89.18,89.06,88.78
2023-01-30,2023-01-31,SH603993,3,0.6,0.85546875,0.8125,0.0,0.039548022598870025,0.005464480874316724,0.021739130434782705,5.52,5.52,5.64,5.64,5.67,5.69
2023-01-30,2023-01-31,SZ300782,4,0.5666666666666667,0.9791666666666666,0.95703125,0.0,0.003612409689757623,0.004394981214999705,0.1734067330086808,141.69,141.34,140.75,139.9,138.79,137.99
2023-01-30,2023-01-31,SZ002410,5,0.5333333333333333,0.9348958333333334,0.8984375,0.0,0.01575271214147711,0.00146520146520146,0.06686174103877107,68.35,67.51,66.86,66.99,66.59,66.25
2023-01-31,2023-02-01,SZ002155,1,0.888888888888889,0.9713541666666666,0.9375,0.0,0.050802139037433136,0.004472843450479269,0.0540712468193385,15.72,15.88,16.5,16.52,16.49,16.96
2023-01-31,2023-02-01,SZ002221,2,0.7555555555555555,0.90625,0.8580729166666666,0.0,0.05107832009080582,0.00433839479392617,0.06803455723542129,9.26,9.12,9.36,9.35,9.33,9.29
2023-01-31,2023-02-01,SZ300115,3,0.7111111111111111,0.984375,0.9609375,0.0,0.011102299762093537,0.0031471282454760274,0.196078431372549,12.75,12.8,12.83,12.74,12.89,12.83
2023-01-31,2023-02-01,SH600879,4,0.7111111111111111,0.92578125,0.8776041666666666,0.0,0.021798365122615904,0.006711409395973034,0.08133333333333326,7.5,7.47,7.51,7.58,7.62,7.58
2023-01-31,2023-02-01,SH600570,5,0.6444444444444445,0.9596354166666666,0.9231770833333334,0.0,0.016705932747911767,0.002957954785548278,0.07267748051400891,47.47,47.21,47.8,47.9,47.67,47.85
2023-02-01,2023-02-02,SZ002155,1,0.9922480620155039,0.9973958333333334,0.9856770833333334,0.0,0.06297229219143574,0.008363201911589124,0.02369668246445511,16.88,16.85,16.73,16.97,17.07,16.94
2023-02-01,2023-02-02,SZ300363,2,0.8527131782945737,0.9791666666666666,0.9453125,0.0,0.026565464895635715,0.008283288465520844,0.16553707126720063,48.69,49.28,48.66,49.28,50.14,51.02
2023-02-01,2023-02-02,SZ300033,3,0.8294573643410853,0.9739583333333334,0.93359375,0.0,0.03652851936604806,0.005095332018408838,0.1573180703188879,122.3,126.0,118.99,118.98,118.9,121.34
2023-02-01,2023-02-02,SZ002648,4,0.7984496124031008,0.9895833333333334,0.96484375,0.0,0.02655367231638439,0.004422332780541938,0.07209686296092443,18.17,18.22,18.18,18.14,18.11,18.44
2023-02-01,2023-02-02,SZ300347,5,0.7751937984496123,0.9856770833333334,0.9583333333333334,0.0,0.017454858125537376,0.0054380151244795005,0.17941350460576366,118.33,119.45,119.61,120.82,121.02,124.27
2023-02-02,2023-02-03,SZ300418,1,0.9365079365079364,0.98046875,0.94921875,0.0,0.059302325581395365,0.0055187637969094094,0.11031833150384207,18.22,18.11,18.24,18.34,18.32,18.12
2023-02-02,2023-02-03,SZ300832,2,0.873015873015873,0.9427083333333334,0.8971354166666666,0.0,0.043772798332464946,0.005522088353413723,0.14328507239141297,60.09,59.11,59.75,59.73,59.99,59.23
2023-02-02,2023-02-03,SZ300363,3,0.6984126984126985,0.9921875,0.9700520833333334,0.0,0.02313311688311681,0.003183446080382124,0.16600555335184453,50.42,50.37,50.55,50.94,51.74,51.02
2023-02-02,2023-02-03,SH600166,4,0.6825396825396824,0.9322916666666666,0.9791666666666666,1.0,0.017142857142857126,0.005649717514124353,0.0814606741573034,3.56,3.53,3.57,3.54,3.56,3.59
2023-02-02,2023-02-03,SZ300474,5,0.6825396825396824,0.8815104166666666,0.8268229166666666,0.0,0.03937007874015741,0.009791921664626724,0.1310606060606061,66.0,64.98,65.02,65.57,65.82,64.43
2023-02-03,2023-02-06,SZ300474,1,0.8690476190476191,0.98046875,0.9505208333333334,0.0,0.023084025854108958,0.014342386328959345,0.19133574007220222,66.48,66.9,66.15,67.6,67.14,68.26
2023-02-03,2023-02-06,SZ300454,2,0.8452380952380952,0.9986979166666666,0.984375,0.0,0.02739251040221924,0.0038623119663909744,0.1786027674654067,148.15,146.5,146.59,147.16,147.64,147.57
2023-02-03,2023-02-06,SZ300601,3,0.7857142857142857,0.9856770833333334,0.9557291666666666,0.0,0.031325301204819356,0.0023419203747072626,0.16770508826583574,38.52,38.34,38.62,38.8,39.08,38.73
2023-02-03,2023-02-06,SZ300033,4,0.75,0.9921875,0.9609375,0.0,0.009919146453279959,0.004643449419568846,0.20633872565203037,121.16,119.0,119.62,119.27,119.76,119.34
2023-02-03,2023-02-06,SZ002268,5,0.6785714285714285,0.8971354166666666,0.8502604166666666,0.0,0.0281567489114658,0.0048226950354610665,0.07679277244494642,35.42,35.6,35.19,35.19,35.56,35.7
2023-02-06,2023-02-07,SZ300832,1,0.9425287356321839,0.9752604166666666,0.94140625,0.0,0.05663865546218494,0.006564201088696819,0.1463337044695403,62.87,62.05,61.76,61.82,62.07,62.02
2023-02-06,2023-02-07,SZ300115,2,0.9080459770114943,0.9908854166666666,0.9609375,0.0,0.047169811320754595,0.0037678975131876236,0.1651651651651651,13.32,13.2,13.46,13.35,13.54,13.53
2023-02-06,2023-02-07,SZ002555,3,0.896551724137931,0.9895833333333334,0.95703125,0.0,0.0508552935737403,0.0035320088300221375,0.045754509458864945,22.73,22.61,22.39,22.41,22.22,22.5
2023-02-06,2023-02-07,SZ000807,4,0.8045977011494253,0.98046875,0.9479166666666666,0.0,0.015897047691143085,0.0037397157816005944,0.10953800298062588,13.42,13.41,13.38,13.34,13.36,13.49
2023-02-06,2023-02-07,SZ000831,5,0.7816091954022989,0.9440104166666666,0.98046875,1.0,0.026235652377606167,0.005970149253731405,0.0871947044053869,43.81,43.21,43.09,43.29,43.44,43.41
2023-02-10,2023-02-13,SZ002174,1,0.8636363636363636,0.9582790091264668,0.9217731421121251,0.0,0.016225448334756587,0.0042194092827005925,0.0907563025210083,11.9,11.78,11.87,11.9,11.99,12.4
2023-02-10,2023-02-13,SH600201,2,0.8030303030303031,0.9387222946544981,0.8983050847457628,0.0,0.016172506738544534,0.003549245785270605,0.08134394341290885,11.31,11.41,11.67,11.76,11.88,12.04
2023-02-10,2023-02-13,SH600989,3,0.7272727272727274,0.9674054758800521,0.9308996088657105,0.0,0.029207232267037586,0.0013531799729364913,0.0695945945945946,14.8,14.97,14.85,14.69,14.82,14.85
2023-02-10,2023-02-13,SZ002916,4,0.7272727272727272,0.9139504563233377,0.8761408083441982,0.0,0.01760479041916163,0.0029508970727101236,0.08697187242556192,84.97,85.12,84.79,84.34,84.7,84.7
2023-02-10,2023-02-13,SH603882,5,0.6969696969696969,0.8657105606258149,0.8279009126466753,0.0,0.045486435921421986,0.0031414787389207888,0.04977071915893072,89.41,89.19,89.35,90.18,90.23,90.48
2023-02-13,2023-02-14,SH600201,1,0.9236111111111112,0.9726205997392438,0.940026075619296,0.0,0.06660823838737939,0.010797342192691017,0.020542317173377178,12.17,12.25,12.05,12.11,12.0,12.03
2023-02-13,2023-02-14,SH603638,2,0.923611111111111,0.9830508474576272,0.9517601043024772,0.0,0.053650442477876314,0.012759170653907637,0.04986876640419946,19.05,19.0,19.68,19.83,19.65,19.67
2023-02-13,2023-02-14,SZ002174,3,0.8819444444444443,0.9426336375488917,0.9048239895697523,0.0,0.08064516129032273,0.014342629482071656,0.02670856245090336,12.73,12.78,12.72,12.86,12.88,12.68
2023-02-13,2023-02-14,SZ300308,4,0.8680555555555557,0.9934810951760105,0.970013037809648,0.0,0.020119013884953185,0.007838745800671898,0.16500000000000004,36.0,35.58,35.78,36.18,36.18,35.71
2023-02-13,2023-02-14,SZ002156,5,0.8472222222222223,0.9374185136897001,0.8983050847457628,0.0,0.057372924006039216,0.013506994693680774,0.03331746787244172,21.01,21.7,23.28,23.28,23.28,22.86
2023-02-14,2023-02-15,SZ002092,1,0.8020833333333334,0.9569752281616688,0.9217731421121251,0.0,0.027027027027026973,0.00344431687715252,0.06750572082379858,8.74,8.75,8.76,8.7,8.67,8.71
2023-02-14,2023-02-15,SZ000807,2,0.75,0.9126466753585397,0.8722294654498044,0.0,0.03120243531202438,0.01043997017151388,0.059778597785977716,13.55,13.36,13.6,13.54,13.64,13.75
2023-02-14,2023-02-15,SZ002155,3,0.71875,0.9739243807040417,0.9817470664928292,1.0,0.006787330316742057,0.003948110547095318,0.09213483146067425,17.8,17.72,18.0,17.92,17.79,18.24
2023-02-14,2023-02-15,SH603638,4,0.7083333333333334,0.9908735332464146,0.9739243807040417,0.0,0.044736842105263186,0.0010085728693900453,0.05239294710327447,19.85,19.55,19.7,19.66,19.82,19.89
2023-02-14,2023-02-15,SH600498,5,0.6979166666666666,0.9361147327249022,0.894393741851369,0.0,0.02207792207792214,0.0031867431485022024,0.06480304955527338,15.74,15.9,16.06,15.92,15.93,16.0
2023-02-15,2023-02-16,SZ300474,1,0.9682539682539683,0.9934810951760105,0.9986962190352021,1.0,0.07311028500619576,0.01571663148017821,0.16304849884526562,86.6,83.74,82.24,82.51,82.67,82.57
2023-02-15,2023-02-16,SH603019,2,0.9047619047619048,0.9921773142112125,0.9817470664928292,0.0,0.059479553903345694,0.006420545746388617,0.020733652312599604,31.35,30.81,30.46,30.34,30.32,30.67
2023-02-15,2023-02-16,SZ300418,3,0.8888888888888888,1.0,1.0,0.0,0.033333333333333215,0.023227383863080764,0.18040621266427714,25.11,24.5,25.72,25.7,25.26,25.36
2023-02-15,2023-02-16,SZ002230,4,0.873015873015873,0.9895697522816167,0.9934810951760105,1.0,0.06070755704416997,0.004360753221010816,0.028616538385632495,50.67,49.99,49.97,49.93,49.9,49.8
2023-02-15,2023-02-16,SZ002281,5,0.8333333333333334,0.9960886571056062,0.9947848761408083,1.0,0.040646853146853124,0.003794266441821348,0.07139857202855948,23.81,23.2,23.45,23.37,23.37,23.02
2023-02-16,2023-02-17,SZ300418,1,0.7999999999999999,1.0,1.0,0.0,0.006122448979591688,0.005711954304365552,0.22677484787018254,24.65,24.8,24.23,23.91,23.55,23.56
2023-02-16,2023-02-17,SZ002429,2,0.7999999999999999,0.9713168187744459,0.9439374185136897,0.0,0.02517162471395884,0.0022371364653246406,0.07366071428571419,4.48,4.46,4.49,4.53,4.49,4.5
2023-02-16,2023-02-17,SZ002384,3,0.7333333333333334,0.9256844850065189,0.9739243807040417,1.0,0.024398073836276124,0.0028284098051540862,0.0717643371983705,31.91,31.89,31.9,31.87,31.76,31.37
2023-02-16,2023-02-17,SZ300223,4,0.4666666666666666,0.8813559322033898,0.8370273794002607,0.0,0.017207712960702892,0.0014417878168928588,0.16184763047390538,83.35,82.9,82.66,82.21,81.8,80.9
2023-02-16,2023-02-17,SZ300124,5,0.20000000000000004,0.8657105606258149,0.8213820078226858,0.0,0.0023173391494002438,0.0002720718269622058,0.20114239086087293,73.53,73.1,72.81,72.93,72.5,72.24
2023-02-21,2023-02-22,SZ002429,1,0.8172043010752689,0.9778645833333334,0.9544270833333334,0.0,0.019911504424778848,0.004357298474945592,0.0780911062906724,4.61,4.56,4.55,4.56,4.55,4.52
2023-02-21,2023-02-22,SH603638,2,0.7849462365591399,0.9986979166666666,0.9921875,0.0,0.04106280193236711,0.0018596001859598754,0.06450116009280737,21.55,21.05,21.06,21.25,21.55,21.31
2023-02-21,2023-02-22,SZ000830,3,0.7204301075268816,0.9674479166666666,0.9388020833333334,0.0,0.023956194387406038,0.002680965147453085,0.07486631016042766,14.96,14.86,14.9,14.87,14.92,14.89
2023-02-21,2023-02-22,SZ000629,4,0.6881720430107526,0.9661458333333334,0.9348958333333334,0.0,0.017513134851138368,0.003454231433505983,0.08089500860585219,5.81,5.75,5.77,5.75,5.74,5.78
2023-02-21,2023-02-22,SH600066,5,0.6774193548387096,0.9817708333333334,0.9609375,0.0,0.0383419689119171,0.0009990009990010762,0.031936127744510934,10.02,9.92,9.74,9.72,9.67,9.65
2023-02-22,2023-02-23,SH603515,1,0.8947368421052632,0.9479166666666666,0.91015625,0.0,0.024096385542168752,0.006694129763130663,0.07468030690537097,19.55,19.57,19.44,19.38,19.55,19.51
2023-02-22,2023-02-23,SZ300166,2,0.8596491228070176,0.9544270833333334,0.9205729166666666,0.0,0.013756613756613856,0.004192872117400492,0.20146137787056362,9.58,9.59,9.41,9.46,9.61,9.66
2023-02-22,2023-02-23,SH600839,3,0.7368421052631579,0.9583333333333334,0.9244791666666666,0.0,0.012903225806451646,0.0031948881789138905,0.09554140127388533,3.14,3.14,3.11,3.11,3.13,3.13
2023-02-22,2023-02-23,SZ002429,4,0.6666666666666666,0.9739583333333334,0.9440104166666666,0.0,0.013157894736842257,0.002169197396963085,0.09523809523809512,4.62,4.6,4.6,4.62,4.64,4.62
2023-02-22,2023-02-23,SH600066,5,0.631578947368421,0.9947916666666666,0.98046875,0.0,0.003024193548387011,0.003024193548387011,0.10351758793969856,9.95,9.88,9.84,9.84,9.85,9.9
2023-02-23,2023-02-24,SZ002281,1,0.8095238095238094,0.9791666666666666,0.9856770833333334,1.0,0.015850815850815936,0.0036849378166743385,0.0867370353373107,21.79,21.85,22.07,22.16,22.27,22.47
2023-02-23,2023-02-24,SZ002429,2,0.7380952380952381,0.98828125,0.9609375,0.0,0.004347826086956719,0.010940919037199182,0.09523809523809512,4.62,4.59,4.6,4.61,4.62,4.61
2023-02-23,2023-02-24,SH601058,3,0.7380952380952381,0.9205729166666666,0.8802083333333334,0.0,0.013181019332161537,0.00786713286713292,0.08846487424111027,11.53,11.5,11.32,11.24,11.4,11.4
2023-02-23,2023-02-24,SH601577,4,0.6904761904761906,0.9700520833333334,0.93359375,0.0,0.011207970112079746,0.003708281829418958,0.09113300492610832,8.12,8.13,8.08,8.08,8.07,8.05
2023-02-23,2023-02-24,SH601633,5,0.6190476190476191,0.9544270833333334,0.91796875,0.0,0.035724658727853464,0.0008419870895310932,0.05832865956253519,35.66,35.5,35.64,35.25,35.4,35.18
2023-03-02,2023-03-03,SZ300413,1,0.9242424242424243,0.9479166666666666,0.921875,0.0,0.04720532869968119,0.010620458356623619,0.15486725663716827,36.16,35.87,36.07,36.1,35.91,35.65
2023-03-02,2023-03-03,SZ002465,2,0.7575757575757577,0.9205729166666666,0.890625,0.0,0.024691358024691468,0.0030211480362538623,0.071285140562249,9.96,9.9,9.84,9.82,9.86,9.96
2023-03-02,2023-03-03,SH600325,3,0.7272727272727272,0.9973958333333334,0.9895833333333334,0.0,0.005150214592274827,0.003427592116538314,0.09564474807856516,11.71,11.6,11.46,11.46,11.47,11.5
2023-03-02,2023-03-03,SH600029,4,0.7121212121212123,0.9140625,0.8841145833333334,0.0,0.01645569620253151,0.0024968789013732895,0.08219178082191791,8.03,8.01,7.98,7.97,8.0,8.03
2023-03-02,2023-03-03,SZ300136,5,0.6060606060606061,0.8854166666666666,0.8528645833333334,0.0,0.050026055237102574,0.0009935419771485154,0.13746898263027307,20.15,19.92,20.02,20.06,20.11,20.36
2023-03-06,2023-03-07,SH600498,1,0.9411764705882352,0.9934895833333334,0.9752604166666666,0.0,0.03381924198250741,0.005672149744753385,0.05922165820642977,17.73,17.54,17.49,17.47,17.36,17.21
2023-03-06,2023-03-07,SH603019,2,0.7058823529411765,0.99609375,0.9947916666666666,1.0,0.01909090909090927,0.0011908306043464378,0.07939339875111484,33.63,33.79,33.24,33.2,33.14,32.93
2023-03-06,2023-03-07,SZ000547,3,0.7058823529411765,0.87890625,0.8489583333333334,0.0,0.01449275362318847,0.0042194092827005925,0.07226890756302518,11.9,11.8,11.73,11.59,11.6,11.49
2023-03-06,2023-03-07,SH601928,4,0.6666666666666666,0.93359375,0.9049479166666666,0.0,0.008888888888888946,0.0033149171270716593,0.08480176211453738,9.08,9.06,9.07,9.12,9.09,9.06
2023-03-06,2023-03-07,SH600011,5,0.607843137254902,0.8385416666666666,0.8098958333333334,0.0,0.0370370370370372,0.002309468822170757,0.06105990783410142,8.68,8.67,8.73,8.73,8.71,8.72
2023-03-07,2023-03-08,SH600028,1,1.0,0.9596354166666666,0.9309895833333334,0.0,0.03529411764705892,0.005714285714285783,0.0625,5.28,5.18,5.18,5.18,5.23,5.24
2023-03-07,2023-03-08,SH600025,2,0.6666666666666666,0.8828125,0.8515625,0.0,0.004132231404958775,0.0027510316368639653,0.0960219478737998,7.29,7.25,7.22,7.23,7.24,7.23
2023-03-07,2023-03-08,SH601618,3,0.6666666666666666,0.8580729166666666,0.8229166666666666,0.0,0.0219780219780219,0.00540540540540535,0.07526881720430101,3.72,3.69,3.67,3.66,3.69,3.66
2023-03-07,2023-03-08,SH600339,4,0.5238095238095238,0.8723958333333334,0.8385416666666666,0.0,0.0029069767441860517,0.0029069767441860517,0.09565217391304337,3.45,3.4,3.37,3.36,3.38,3.35
2023-03-07,2023-03-08,SH601186,5,0.38095238095238093,0.91796875,0.8854166666666666,0.0,0.0022883295194506825,0.0011428571428571122,0.09703196347031962,8.76,8.67,8.65,8.64,8.68,8.66
2023-03-08,2023-03-09,SH601800,1,0.9234234234234234,0.9856770833333334,0.96875,0.0,0.029865125240847723,0.010396975425330801,0.08980355472404122,10.69,10.67,10.45,10.55,10.5,10.49
2023-03-08,2023-03-09,SH600941,2,0.8963963963963965,0.9622395833333334,0.9361979166666666,0.0,0.03399765533411503,0.015310233682514163,0.07709750566893425,88.2,87.53,86.18,86.05,85.91,85.98
2023-03-08,2023-03-09,SZ300418,3,0.7882882882882883,0.9947916666666666,0.9817708333333334,0.0,0.006188118811881305,0.011613438407299892,0.21976219762197613,24.39,23.9,23.92,23.82,23.5,23.4
2023-03-08,2023-03-09,SH601390,4,0.7837837837837838,0.9466145833333334,0.9153645833333334,0.0,0.016666666666666607,0.009022556390977376,0.0938897168405366,6.71,6.7,6.55,6.6,6.6,6.62
2023-03-08,2023-03-09,SH601117,5,0.7747747747747749,0.98828125,0.9713541666666666,0.0,0.008910891089108919,0.006916996047430901,0.10500490677134455,10.19,10.21,10.05,10.09,10.09,10.07
2023-03-20,2023-03-21,SH600584,1,0.7916666666666666,0.95703125,0.9361979166666666,0.0,0.06229825693996105,0.003965832824893045,0.03312063202673965,32.91,32.2,32.25,32.26,32.43,32.25
2023-03-20,2023-03-21,SH600489,2,0.7083333333333334,0.97265625,0.9505208333333334,0.0,0.020895522388059584,0.006869479882237517,0.04678362573099415,10.26,10.01,9.99,10.02,9.94,9.95
2023-03-20,2023-03-21,SH600547,3,0.625,0.9322916666666666,0.9114583333333334,0.0,0.021405304792927016,0.012453874538745469,0.04555808656036442,21.95,21.35,21.51,21.56,21.46,21.42
2023-03-20,2023-03-21,SZ300033,4,0.5833333333333334,0.9557291666666666,0.9348958333333334,0.0,0.039715997337474995,0.000569395017793628,0.13031725707782038,140.58,141.1,143.02,143.03,144.0,141.41
2023-03-20,2023-03-21,SZ000975,5,0.5416666666666666,0.9466145833333334,0.9283854166666666,0.0,0.034381858083394334,0.0014164305949009304,0.03111739745403108,14.14,13.88,13.88,13.87,13.73,13.72
2023-03-22,2023-03-23,SH601360,1,0.894308943089431,0.9661458333333334,0.9778645833333334,1.0,0.07889125799573549,0.023600809170600145,0.01976284584980248,15.18,14.87,14.76,14.74,14.7,14.68
2023-03-22,2023-03-23,SZ300308,2,0.8617886178861789,0.9453125,0.9153645833333334,0.0,0.18728010825439778,0.020944845240865595,0.007522224754958007,43.87,45.76,46.5,46.12,48.16,47.6
2023-03-22,2023-03-23,SH600637,3,0.8130081300813008,0.953125,0.92578125,0.0,0.05499999999999994,0.019323671497584627,0.041469194312796276,8.44,8.2,8.13,8.13,8.14,8.12
2023-03-22,2023-03-23,SZ300418,4,0.7154471544715447,0.9986979166666666,0.9934895833333334,0.0,0.12580535774838952,0.0009044317154054404,0.0879518072289156,33.2,32.74,32.61,33.24,33.29,33.28
2023-03-22,2023-03-23,SZ300474,5,0.6910569105691057,0.8828125,0.84765625,0.0,0.06274460295417272,0.005734767025089571,0.1269897837966263,84.18,81.0,83.84,86.2,90.0,91.6
2023-03-23,2023-03-24,SZ300058,1,0.912280701754386,1.0,0.9973958333333334,0.0,0.051801801801801606,0.004301075268817067,0.17558886509635974,9.34,9.33,9.82,9.74,9.85,9.88
2023-03-23,2023-03-24,SH601390,2,0.8859649122807017,0.9895833333333334,0.9739583333333334,0.0,0.045205479452054886,0.003947368421052699,0.05242463958060273,7.63,7.5,7.44,7.46,7.42,7.44
2023-03-23,2023-03-24,SZ300496,3,0.8596491228070176,0.91796875,0.8919270833333334,0.0,0.10581907090464537,0.010094693585849468,0.0929512691253207,113.07,114.4,115.11,113.6,115.0,115.08
2023-03-23,2023-03-24,SZ002415,4,0.8245614035087719,0.9544270833333334,0.9283854166666666,0.0,0.05240893066980035,0.0035858359480054336,0.051362215274676215,44.78,44.8,44.1,44.38,44.98,44.58
2023-03-23,2023-03-24,SH603927,5,0.8157894736842105,0.9401041666666666,0.9140625,0.0,0.025352112676056304,0.006915629322268302,0.07829670329670324,36.4,36.16,35.98,35.97,36.34,36.44
2023-03-24,2023-03-27,SZ300418,1,0.9861111111111112,0.9986979166666666,0.9947916666666666,0.0,0.18872403560830864,0.012639029322548012,0.01223165252121805,40.06,40.0,39.76,40.0,40.43,39.48
2023-03-24,2023-03-27,SZ300058,2,0.9305555555555555,1.0,0.99609375,0.0,0.05680600214362275,0.007150153217569066,0.12677484787018267,9.86,9.76,9.57,9.59,9.52,9.32
2023-03-24,2023-03-27,SZ300017,3,0.7916666666666666,0.9622395833333334,0.9388020833333334,0.0,0.05050505050505061,0.005524861878453136,0.15384615384615397,7.28,7.22,7.19,7.19,7.16,7.12
2023-03-24,2023-03-27,SZ000938,4,0.7638888888888888,0.9830729166666666,0.98828125,1.0,0.017430600387346562,0.004781638508128738,0.09105329949238583,31.52,31.3,30.51,30.94,30.85,30.89
2023-03-24,2023-03-27,SZ002555,5,0.75,0.953125,0.9270833333333334,0.0,0.06339622641509424,0.003918774492340571,0.03406671398154715,28.18,28.02,29.19,29.39,29.35,28.9
2023-03-27,2023-03-28,SZ002373,1,0.8205128205128206,0.9166666666666666,0.9661458333333334,1.0,0.07885040530582166,0.016666666666666607,0.025956284153005438,14.64,14.28,13.94,13.71,13.76,13.62
2023-03-27,2023-03-28,SZ300418,2,0.7692307692307692,0.9986979166666666,1.0,1.0,0.04700000000000015,0.003113772455089814,0.16189111747850982,41.88,40.98,40.34,40.01,40.01,39.01
2023-03-27,2023-03-28,SZ300212,3,0.7692307692307692,0.9622395833333334,0.9869791666666666,1.0,0.02257597684515189,0.00798858773181177,0.1783187093121994,35.33,35.4,35.53,35.11,35.98,36.21
2023-03-27,2023-03-28,SH601928,4,0.6666666666666666,0.9283854166666666,0.8971354166666666,0.0,0.05664263645726053,0.0029325513196480912,0.041910331384015675,10.26,10.2,10.13,10.17,10.13,10.05
2023-03-27,2023-03-28,SZ002152,5,0.6410256410256411,0.9401041666666666,0.91015625,0.0,0.013114754098360715,0.004878048780487809,0.06634304207119746,12.36,12.16,12.31,12.18,12.14,12.08
2023-04-03,2023-04-04,SZ300383,1,0.9270833333333334,0.9934895833333334,0.9778645833333334,0.0,0.07047477744807118,0.004874651810584885,0.11503811503811501,14.43,14.24,14.92,14.67,14.39,14.34
2023-04-03,2023-04-04,SZ002065,2,0.875,0.9453125,0.9700520833333334,1.0,0.06503067484662561,0.009302325581395321,0.05184331797235031,8.68,8.52,8.42,8.46,8.44,8.48
2023-04-03,2023-04-04,SZ002230,3,0.8333333333333334,0.97265625,0.9752604166666666,1.0,0.04954545454545456,0.005662020905923271,0.011260285838025075,69.27,68.55,68.91,68.4,68.11,68.16
2023-04-03,2023-04-04,SH603019,4,0.78125,0.9140625,0.9544270833333334,1.0,0.06511627906976725,0.00659340659340657,0.02280446385249868,41.22,41.45,42.83,42.83,42.52,42.69
2023-04-03,2023-04-04,SH600728,5,0.7708333333333334,0.9765625,0.9401041666666666,0.0,0.031680440771350016,0.004021447721179738,0.0720961281708945,7.49,7.6,7.71,7.52,7.45,7.43
2023-04-04,2023-04-06,SZ300223,1,0.9895833333333334,0.9905277401894452,0.9661705006765899,0.0,0.10627874425114991,0.02075645756457556,0.08775417984636236,110.65,108.86,113.2,114.5,116.5,117.14
2023-04-04,2023-04-06,SH603927,2,0.875,0.9580514208389715,0.9269282814614344,0.0,0.06868421052631568,0.006194251734390477,0.029303127308544674,40.61,39.68,39.55,39.78,39.25,39.15
2023-04-04,2023-04-06,SZ001872,3,0.75,0.912043301759134,0.8741542625169147,0.0,0.06242568370986934,0.011891279728199367,0.029658645775041848,17.87,17.93,17.4,17.6,17.59,17.68
2023-04-04,2023-04-06,SZ002415,4,0.71875,0.8768606224627875,0.8349120433017592,0.0,0.06469893742621013,0.01760324983073791,0.03504102905300499,45.09,43.6,44.0,43.72,43.91,44.16
2023-04-04,2023-04-06,SH600584,5,0.6979166666666666,0.9742895805142084,0.9418132611637348,0.0,0.017151162790697727,0.003441353599082486,0.08631037439268341,34.99,34.64,35.56,35.72,35.89,36.43
2023-04-06,2023-04-07,SZ300383,1,0.942857142857143,0.993234100135318,0.9715832205683356,0.0,0.05861070911722144,0.011057360055286791,0.1565276828434723,14.63,14.4,14.26,14.12,14.1,14.18
2023-04-06,2023-04-07,SH600584,2,0.9428571428571427,0.9824086603518268,0.9485791610284168,0.0,0.08429561200923796,0.010220548682087216,0.02316293929712443,37.56,37.5,37.53,37.8,38.16,37.31
2023-04-06,2023-04-07,SZ300033,3,0.7619047619047619,1.0,0.9945872801082544,0.0,0.01488178025034781,0.038078528072837736,0.2441642684208123,218.91,214.0,208.03,207.0,207.18,213.5
2023-04-06,2023-04-07,SZ002281,4,0.7523809523809524,0.9242219215155616,0.9445196211096076,1.0,0.06037037037037041,0.00845368087354692,0.06915822563744323,28.63,28.51,28.25,28.0,28.17,28.37
2023-04-06,2023-04-07,SZ300454,5,0.7333333333333334,0.9445196211096076,0.9066305818673883,0.0,0.03071184333229726,0.010360168200377773,0.17896133663067748,165.79,163.5,158.98,157.95,158.29,158.0
2023-04-07,2023-04-10,SZ300253,1,0.8958333333333334,0.9661705006765899,0.9742895805142084,1.0,0.06709493219129192,0.017006802721088343,0.14849498327759214,14.95,14.6,14.55,14.15,14.13,14.12
2023-04-07,2023-04-10,SZ300558,2,0.7708333333333334,0.9066305818673883,0.8633288227334236,0.0,0.10752688172043023,0.00562130177514808,0.07678729037952348,67.98,68.78,70.12,69.44,70.4,70.56
2023-04-07,2023-04-10,SZ300058,3,0.7291666666666666,0.9972936400541272,0.9824086603518268,0.0,0.03258426966292127,0.0010893246187364536,0.1566920565832428,9.19,9.08,8.91,8.8,8.75,8.8
2023-04-07,2023-04-10,SH603501,4,0.6458333333333334,0.9336941813261164,0.9296346414073072,1.0,0.013320274240940178,0.015608128006282307,0.07490817707326514,103.46,112.5,108.61,110.16,109.18,111.5
2023-04-07,2023-04-10,SH600489,5,0.6041666666666666,0.9824086603518268,0.9485791610284168,0.0,0.02415026833631484,0.0008741258741258306,0.09344978165938866,11.45,11.4,11.23,11.33,11.43,11.53
2023-04-10,2023-04-11,SZ300558,1,0.9411764705882352,0.9783491204330176,0.9512855209742895,0.0,0.035911602209944826,0.008064516129032251,0.14554385964912298,71.25,70.1,70.49,70.15,70.23,70.02
2023-04-10,2023-04-11,SZ000975,2,0.7647058823529411,0.9539918809201624,0.8890392422192152,0.0,0.022354694485842153,0.0058651026392961825,0.08819241982507275,13.72,13.58,13.64,13.69,13.71,13.65
2023-04-10,2023-04-11,SZ300037,3,0.7450980392156863,0.945872801082544,0.9012178619756428,0.0,0.022201492537313294,0.0071691176470587425,0.15020989231611614,54.79,54.05,53.97,54.44,54.51,54.46
2023-04-10,2023-04-11,SH601857,4,0.7450980392156863,0.8890392422192152,0.8430311231393776,0.0,0.04870129870129869,0.007800312012480548,0.047987616099071095,6.46,6.42,6.47,6.45,6.4,6.39
2023-04-10,2023-04-11,SH600171,5,0.7058823529411765,0.9445196211096076,0.8985115020297699,0.0,0.016052060737527185,0.017376194613379692,0.08923996584116134,23.42,23.27,22.95,23.16,22.88,23.19
2023-04-12,2023-04-13,SZ300058,1,0.9358974358974358,0.9945872801082544,0.9648173207036536,0.0,0.050602409638554224,0.004608294930875667,0.1697247706422016,8.72,9.27,9.99,9.86,9.85,10.0
2023-04-12,2023-04-13,SZ002555,2,0.8076923076923076,0.9472259810554804,0.9499323410013532,1.0,0.05999277195518604,0.0030779753761969175,0.04943743607228113,29.33,29.0,29.54,29.94,29.1,29.11
2023-04-12,2023-04-13,SZ002415,3,0.7948717948717948,0.939106901217862,0.8876860622462788,0.0,0.04491085533739558,0.004992402865205081,0.05442764578833703,46.3,45.73,45.78,45.74,45.65,45.3
2023-04-12,2023-04-13,SH600060,4,0.7820512820512819,0.9621109607577808,0.9512855209742895,1.0,0.029471544715447218,0.004462072384729732,0.06811451135241842,20.26,20.17,19.9,19.89,19.73,19.74
2023-04-12,2023-04-13,SZ300251,5,0.7435897435897436,0.8795669824086604,0.9634641407307172,1.0,0.1876923076923076,0.013123359580052618,0.015544041450777257,11.58,11.76,11.73,11.5,11.43,11.68
2023-04-13,2023-04-14,SZ300257,1,0.9523809523809524,0.9404600811907984,0.8944519621109608,0.0,0.04022346368715102,0.0021528525296019563,0.16219119226638012,18.62,18.5,18.58,18.48,18.44,18.49
2023-04-13,2023-04-14,SH603927,2,0.6666666666666666,0.9309878213802436,0.8863328822733424,0.0,0.016153846153846185,0.0015163002274451998,0.0880645975271257,39.63,40.0,42.6,43.38,43.5,43.46
2023-04-13,2023-04-14,SH603882,3,0.5714285714285715,0.9025710419485792,0.8484438430311232,0.0,0.01139601139601143,0.0016930022573364845,0.0932957746478873,88.75,88.77,89.4,88.59,87.45,86.96
2023-04-13,2023-04-14,SH600547,4,0.5238095238095237,0.9878213802435724,0.9404600811907984,0.0,0.0076277650648362005,0.0007575757575759567,0.09008327024981067,26.42,27.06,27.25,27.23,27.41,27.48
2023-04-13,2023-04-14,SH601998,5,0.5238095238095237,0.8768606224627875,0.8322056833558863,0.0,0.008833922261484162,0.0017543859649122862,0.0928196147110334,5.71,5.71,5.72,5.73,5.71,5.78
2023-04-14,2023-04-17,SZ300033,1,0.8518518518518517,0.9986468200270636,0.993234100135318,0.0,0.058372482315459884,0.002557544757033181,0.1567857142857143,196.0,193.5,191.28,194.98,192.76,190.6
2023-04-14,2023-04-17,SZ300257,2,0.8518518518518517,0.9756427604871448,0.9269282814614344,0.0,0.035135135135135,0.004721930745015701,0.17180156657963463,19.15,19.23,19.31,19.67,19.83,19.44
2023-04-14,2023-04-17,SZ000807,3,0.7962962962962963,0.9269282814614344,0.8700947225981055,0.0,0.040410958904109506,0.007294429708222694,0.040157998683344465,15.19,15.05,15.33,15.27,15.38,15.43
2023-04-14,2023-04-17,SZ300376,4,0.7777777777777777,0.9499323410013532,0.8971583220568335,0.0,0.029761904761904656,0.005813953488372103,0.18381502890173418,8.65,8.5,8.53,8.48,8.46,8.47
2023-04-14,2023-04-17,SH601857,5,0.7592592592592592,0.979702300405954,0.93234100135318,0.0,0.017699115044247815,0.0029069767441860517,0.08115942028985512,6.9,6.87,6.99,7.0,7.0,6.98
2023-04-17,2023-04-18,SH601857,1,0.9473684210526315,0.9905277401894452,0.9499323410013532,0.0,0.06550218340611358,0.004115226337448652,0.03688524590163933,7.32,7.29,7.3,7.29,7.31,7.21
2023-04-17,2023-04-18,SH600547,2,0.8596491228070176,0.993234100135318,0.9621109607577808,0.0,0.029479326186830024,0.00410754294249438,0.1164001487541837,26.89,26.66,26.95,26.92,26.96,27.12
2023-04-17,2023-04-18,SH600968,3,0.7719298245614036,0.9688768606224628,0.9161028416779432,0.0,0.01897018970189701,0.0053475935828875,0.08244680851063846,3.76,3.77,3.73,3.69,3.67,3.65
2023-04-17,2023-04-18,SH600276,4,0.7719298245614036,0.9445196211096076,0.8944519621109608,0.0,0.03284518828451888,0.0024365482233501545,0.06319627304030795,49.37,49.3,49.33,49.03,48.78,48.93
2023-04-17,2023-04-18,SH601899,5,0.7192982456140351,0.9824086603518268,0.9282814614343707,0.0,0.02135493372606767,0.0021676300578035157,0.10526315789473695,13.87,13.87,13.88,13.89,13.89,13.96
2023-04-18,2023-04-19,SZ300212,1,0.9444444444444443,0.978319783197832,0.9796747967479674,1.0,0.06142857142857139,0.009053870529651453,0.14647824136384036,44.58,44.56,46.0,46.29,45.73,46.66
2023-04-18,2023-04-19,SH601998,2,0.8055555555555555,0.9417344173441734,0.8943089430894309,0.0,0.013377926421404451,0.004975124378109319,0.08745874587458746,6.06,6.1,6.08,6.07,6.04,6.05
2023-04-18,2023-04-19,SH600970,3,0.6944444444444443,0.9850948509485095,0.948509485094851,0.0,0.012177650429799458,0.0014174344436570507,0.08987968860580331,14.13,14.15,14.08,14.18,14.26,14.29
2023-04-18,2023-04-19,SH601966,4,0.6111111111111112,0.9525745257452575,0.9065040650406504,0.0,0.0036019810895993043,0.0017977528089887507,0.0960071781067744,22.29,22.22,22.22,22.22,22.18,22.06
2023-04-18,2023-04-19,SH601236,5,0.5833333333333334,0.9186991869918699,0.8658536585365854,0.0,0.003293084522502765,0.003293084522502765,0.11050328227571105,9.14,9.08,8.95,8.97,8.92,8.92
2023-05-05,2023-05-08,SH601328,1,0.8266666666666667,0.9525101763907734,0.921302578018996,0.0,0.025466893039049365,0.004991680532445919,0.07781456953642385,6.04,6.03,6.03,6.12,6.1,6.13
2023-05-05,2023-05-08,SH600398,2,0.8266666666666667,0.8955223880597015,0.8534599728629579,0.0,0.07040229885057481,0.006756756756756799,0.024161073825503365,7.45,7.4,7.29,7.24,7.37,7.43
2023-05-05,2023-05-08,SH600339,3,0.7866666666666666,0.9620081411126187,0.9687924016282226,1.0,0.008333333333333304,0.008333333333333304,0.09917355371900838,4.84,4.81,4.81,4.95,4.89,4.82
2023-05-05,2023-05-08,SH600390,4,0.7866666666666666,0.89280868385346,0.8507462686567164,0.0,0.04181184668989557,0.006734006734006703,0.05518394648829417,5.98,6.09,5.94,6.01,5.99,5.95
2023-05-05,2023-05-08,SH601288,5,0.7066666666666667,0.9430122116689281,0.9077340569877883,0.0,0.008356545961002881,0.005555555555555536,0.08839779005524862,3.62,3.64,3.64,3.7,3.7,3.71
2023-05-08,2023-05-09,SH601298,1,0.945578231292517,0.994579945799458,0.983739837398374,0.0,0.04125000000000001,0.017094017094017255,0.0672268907563025,8.33,8.4,8.3,8.48,8.48,8.37
2023-05-08,2023-05-09,SH600350,2,0.8639455782312925,0.983739837398374,0.9661246612466124,0.0,0.038615179760319585,0.0038610038610038533,0.07051282051282048,7.8,7.77,7.65,7.7,7.69,7.74
2023-05-08,2023-05-09,SH601818,3,0.836734693877551,0.9336043360433605,0.8970189701897019,0.0,0.05014749262536866,0.005649717514124353,0.047752808988763995,3.56,3.61,3.64,3.65,3.66,3.63
2023-05-08,2023-05-09,SH601857,4,0.8231292517006802,0.9986449864498645,0.991869918699187,0.0,0.052369077306733125,0.002375296912114022,0.0390995260663507,8.44,8.59,8.43,8.52,8.56,8.51
2023-05-08,2023-05-09,SH601398,5,0.8027210884353742,0.9281842818428184,0.8902439024390244,0.0,0.05776892430278879,0.003780718336483746,0.033898305084745894,5.31,5.37,5.39,5.4,5.41,5.33
2023-05-09,2023-05-10,SH601898,1,0.7000000000000001,0.9607046070460704,0.9363143631436315,0.0,0.020386266094420513,0.004223864836325086,0.0767613038906414,9.51,9.47,9.34,9.35,9.29,9.23
2023-05-09,2023-05-10,SH600390,2,0.7000000000000001,0.9552845528455285,0.9281842818428184,0.0,0.06129032258064515,0.0030487804878049918,0.03799392097264431,6.58,6.33,6.28,6.39,6.33,6.3
2023-05-09,2023-05-10,SH601998,3,0.6666666666666666,0.989159891598916,0.994579945799458,1.0,0.006493506493506551,0.006493506493506551,0.07354838709677414,7.75,7.75,7.6,7.67,7.7,7.5
2023-05-09,2023-05-10,SZ300168,4,0.6333333333333333,0.962059620596206,0.9376693766937669,0.0,0.009791122715404832,0.00454545454545463,0.2107304460245636,15.47,15.19,15.2,15.41,15.41,15.87
2023-05-09,2023-05-10,SH600061,5,0.6333333333333333,0.9065040650406504,0.8672086720867209,0.0,0.020125786163522008,0.007453416149068248,0.06658446362515424,8.11,7.95,7.99,8.09,8.03,8.05
2023-06-01,2023-06-02,SZ300024,1,1.0,0.9947159841479525,1.0,1.0,0.11745406824146998,0.07377049180327888,0.10510863182618913,17.03,16.31,16.47,16.18,16.34,16.17
2023-06-01,2023-06-02,SZ300474,2,0.8095238095238096,0.9577278731836195,0.9335142469470827,0.0,0.050743310208126724,0.00540540540540535,0.09111488398415402,106.02,106.0,104.62,103.6,104.58,102.0
2023-06-01,2023-06-02,SZ300496,3,0.7619047619047619,0.9933949801849405,0.9823609226594301,0.0,0.04852631578947375,0.0032228824655049504,0.17819496034534676,99.61,100.0,102.0,100.9,101.16,104.8
2023-06-01,2023-06-02,SZ300212,4,0.6666666666666666,0.9656538969616909,0.9484396200814111,0.0,0.02011173184357551,0.004953219592735314,0.21440306681270527,36.52,36.32,36.66,36.43,36.7,37.28
2023-06-01,2023-06-02,SZ300115,5,0.6428571428571429,0.8969616908850726,0.9864314789687924,1.0,0.08880597014925362,0.004129387474191448,0.10623714873200818,14.59,14.7,14.5,14.3,14.34,14.44
2023-06-02,2023-06-05,SZ300212,1,0.8148148148148149,0.9867899603698811,0.9788639365918098,0.0,0.05203744493392071,0.0018353434714211136,0.14315624182151265,38.21,38.36,37.65,37.52,37.09,37.5
2023-06-02,2023-06-05,SZ300866,2,0.8148148148148149,0.9194187582562747,0.8758256274768824,0.0,0.06000535762121628,0.0027876330461227283,0.12749557745767004,79.14,79.19,79.5,79.97,82.12,83.22
2023-06-02,2023-06-05,SH600536,3,0.7407407407407408,0.9431968295904888,0.9233817701453104,0.0,0.017891373801916854,0.004413619167717542,0.0799330403850178,47.79,47.59,48.71,48.5,48.56,48.69
2023-06-02,2023-06-05,SZ002920,4,0.6111111111111112,0.9854689564068693,0.9749009247027741,0.0,0.03778558875219673,0.00042354934349853046,0.05766299745977976,118.1,119.31,115.68,116.26,115.65,119.79
2023-06-02,2023-06-05,SZ002705,5,0.5925925925925927,0.8863936591809776,0.8678996036988111,0.0,0.035671100362757,0.0011689070718876593,0.06012842965557508,17.13,17.16,16.99,17.09,17.24,17.46
2023-06-05,2023-06-06,SZ300308,1,0.9365079365079364,0.9815059445178336,1.0,1.0,0.06047619047619035,0.00505460781658984,0.1498877413560844,111.35,112.0,108.96,110.96,112.74,111.09
2023-06-05,2023-06-06,SZ300866,2,0.9365079365079364,0.9801849405548216,0.9590488771466315,0.0,0.05960348528854653,0.007322929171668768,0.13252294124657382,83.91,83.16,82.8,82.89,82.82,83.1
2023-06-05,2023-06-06,SZ002705,3,0.873015873015873,0.9537648612945839,0.9431968295904888,0.0,0.03146853146853146,0.007398975526465401,0.06327683615819213,17.7,17.65,17.49,17.51,17.52,17.51
2023-06-05,2023-06-06,SH601138,4,0.8253968253968255,0.9630118890356671,0.9907529722589168,1.0,0.047619047619047894,0.0031813361611878754,0.036469344608879295,18.92,18.6,18.92,18.93,18.96,18.85
2023-06-05,2023-06-06,SZ002925,5,0.6666666666666666,0.9920739762219286,0.9722589167767504,0.0,0.043524416135881205,0.0005089058524174739,0.0579857578840286,19.66,19.56,19.22,19.28,19.41,19.37
2023-06-08,2023-06-09,SH601333,1,0.9242424242424242,0.9656084656084656,0.9894179894179894,1.0,0.023017902813299296,0.005025125628140614,0.0475000000000001,4.0,3.99,3.92,3.93,4.02,3.98
2023-06-08,2023-06-09,SH603816,2,0.7424242424242423,0.8835978835978836,0.8835978835978836,0.0,0.04025938935422868,0.0023431398073419096,0.06051948051948042,38.5,38.53,38.14,38.0,38.08,37.73
2023-06-08,2023-06-09,SH603486,3,0.7272727272727274,0.9417989417989417,0.9325396825396826,0.0,0.012759394279304725,0.0031944444444444997,0.08459089021182331,72.23,73.08,72.02,71.66,71.8,70.16
2023-06-08,2023-06-09,SZ000333,4,0.6969696969696969,0.9312169312169312,0.8002645502645502,0.0,0.024416517055655396,0.0015797788309637184,0.06519453207150372,57.06,57.5,57.07,57.1,56.46,56.46
2023-06-08,2023-06-09,SH601991,5,0.6818181818181818,0.9603174603174603,0.9523809523809523,0.0,0.00867052023121384,0.00287356321839094,0.08882521489971329,3.49,3.48,3.48,3.49,3.5,3.53
2023-06-09,2023-06-12,SZ300212,1,0.9166666666666666,0.9841269841269841,0.9748677248677249,0.0,0.03171131765992352,0.012882447665056418,0.16322204557498665,37.74,37.2,37.04,37.06,37.48,37.74
2023-06-09,2023-06-12,SZ300223,2,0.7738095238095237,0.8915343915343915,0.876984126984127,0.0,0.038247483718176545,0.005735260380821394,0.14963503649635035,87.68,87.11,88.2,89.67,88.59,89.39
2023-06-09,2023-06-12,SH600435,3,0.75,0.8584656084656085,0.8465608465608465,0.0,0.060287081339712945,0.005444646098003769,0.04061371841155226,11.08,11.06,11.08,11.13,11.2,11.19
2023-06-09,2023-06-12,SZ300496,4,0.7380952380952381,0.9563492063492064,0.9484126984126984,0.0,0.010179702918873934,0.007772020725388629,0.17614395886889445,97.25,99.21,100.8,101.2,99.9,102.63
2023-06-09,2023-06-12,SZ300454,5,0.6785714285714285,0.9378306878306878,0.9325396825396826,0.0,0.015989450259622506,0.003173828125,0.17449501095156972,123.27,123.0,122.9,123.25,123.5,124.13
2023-06-13,2023-06-14,SZ300866,1,0.9803921568627452,0.9920739762219286,0.9735799207397622,0.0,0.05680047932893939,0.006735159817351732,0.13618324073024168,88.19,88.72,90.6,87.96,86.9,87.21
2023-06-13,2023-06-14,SZ300212,2,0.8431372549019608,0.988110964332893,0.9749009247027741,0.0,0.027041791860147546,0.0037373198077950143,0.1808510638297871,37.6,37.41,37.89,37.71,38.09,37.37
2023-06-13,2023-06-14,SZ300413,3,0.8333333333333334,0.9603698811096433,0.9498018494055482,0.0,0.11169437153689121,0.0018396846254928878,0.07974816369359905,38.12,37.87,39.0,38.05,38.6,38.45
2023-06-13,2023-06-14,SH600131,4,0.7549019607843137,0.9128137384412153,0.9035667107001321,0.0,0.055584415584415625,0.0029615004935834577,0.04625984251968518,20.32,20.1,20.35,20.33,20.41,20.28
2023-06-13,2023-06-14,SH603786,5,0.7352941176470589,0.9075297225891678,0.8982826948480845,0.0,0.02584562012142233,0.00955957664731999,0.06949611092323305,59.14,59.59,60.5,60.2,59.99,59.15
2023-06-14,2023-06-15,SH600498,1,0.7407407407407408,0.9907529722589168,0.9788639365918098,0.0,0.017169373549884126,0.0013704888076748745,0.09945255474452552,21.92,21.91,22.05,22.13,22.02,22.07
2023-06-14,2023-06-15,SZ002065,2,0.7407407407407408,0.964332892998679,0.952443857331572,0.0,0.02871410736579283,0.0012150668286754485,0.07645631067961145,8.24,8.25,8.31,8.26,8.2,8.14
2023-06-14,2023-06-15,SZ000425,3,0.7037037037037037,0.8665785997357992,0.8586525759577279,0.0,0.050552922590837435,0.001506024096385561,0.03909774436090219,6.65,6.65,6.57,6.59,6.58,6.59
2023-06-14,2023-06-15,SZ002648,4,0.6851851851851851,0.8414795244385733,0.8348745046235139,0.0,0.022535211267605604,0.0020703933747412417,0.07506887052341593,14.52,14.55,14.75,14.79,14.81,14.78
2023-06-14,2023-06-15,SZ000729,5,0.6481481481481481,0.9233817701453104,0.9154557463672391,0.0,0.0046224961479197635,0.003076923076922977,0.09125766871165664,13.04,13.02,12.99,13.08,12.88,12.92
2023-06-15,2023-06-16,SZ002920,1,0.8505747126436782,0.9854689564068693,0.9933949801849405,1.0,0.05807407407407417,0.0020343739038932718,0.04977597311677395,142.84,143.1,144.91,145.79,144.35,144.38
2023-06-15,2023-06-16,SZ300832,2,0.8505747126436782,0.9194187582562747,0.8903566710700133,0.0,0.05490519373454239,0.005026704366949408,0.13316661456705225,63.98,63.78,62.86,62.86,62.29,61.53
2023-06-15,2023-06-16,SH601333,3,0.7931034482758621,0.9484808454425363,0.9762219286657859,1.0,0.019559902200489088,0.004819277108433662,0.0839328537170263,4.17,4.18,4.17,4.16,4.19,4.22
2023-06-15,2023-06-16,SH603786,4,0.7701149425287356,0.9180977542932629,0.9141347424042272,0.0,0.043935538592027035,0.003915171288743968,0.04728631784205395,61.54,61.42,61.1,60.85,60.58,60.3
2023-06-15,2023-06-16,SH600132,5,0.689655172413793,0.8784676354029062,0.869220607661823,0.0,0.02817617739802669,0.004971167230065632,0.07043925603482393,101.08,99.8,100.33,101.01,99.85,99.81
2023-06-16,2023-06-19,SZ300308,1,0.9895833333333334,1.0,0.9973579920739762,0.0,0.13113311331133115,0.00810510490881744,0.0487583479219349,154.23,158.09,159.0,157.88,153.83,154.68
2023-06-16,2023-06-19,SZ300604,2,0.8020833333333334,0.9101717305151915,0.8996036988110965,0.0,0.05096799683919406,0.01526717557251911,0.1428571428571428,53.2,52.6,52.09,52.0,52.6,53.36
2023-06-16,2023-06-19,SZ000938,3,0.7708333333333334,0.9933949801849405,0.9841479524438573,0.0,0.04991087344028533,0.0014168319637293258,0.06027164685908315,35.34,35.5,35.03,34.88,34.61,34.92
2023-06-16,2023-06-19,SZ300212,4,0.7708333333333334,0.9894319682959049,0.9749009247027741,0.0,0.0707774798927614,0.0012534469791927183,0.1357035553329995,39.94,39.73,39.65,39.8,39.4,39.91
2023-06-16,2023-06-19,SZ002252,5,0.7291666666666666,0.9445178335535006,0.9286657859973579,0.0,0.04456824512534818,0.002673796791443861,0.052000000000000046,7.5,7.55,7.54,7.66,7.7,7.69
2023-06-19,2023-06-20,SZ300308,1,0.9111111111111111,1.0,0.9986789960369881,0.0,0.030362451767980136,0.004130193564295226,0.14187488489164468,162.89,160.01,160.13,162.16,161.9,163.0
2023-06-19,2023-06-20,SZ002920,2,0.8888888888888888,0.9920739762219286,0.9907529722589168,1.0,0.02758204147372667,0.007103393843725492,0.03526645768025083,153.12,152.09,153.6,151.55,152.02,155.59
2023-06-19,2023-06-20,SZ002555,3,0.7555555555555555,0.8943196829590488,0.9656538969616909,1.0,0.04748201438848909,0.0024786560176259798,0.04807692307692313,36.4,36.56,37.2,37.7,37.7,36.8
2023-06-19,2023-06-20,SZ002230,4,0.7333333333333334,0.9550858652575958,0.9841479524438573,1.0,0.03945205479452052,0.0010554089709762238,0.07722720084343693,75.88,75.0,75.98,76.07,76.49,77.4
2023-06-19,2023-06-20,SH601799,5,0.7111111111111111,0.9101717305151915,0.8824306472919419,0.0,0.025572122052704538,0.0027120942452751873,0.07387372157890293,118.31,117.0,117.29,116.7,116.26,117.81
2023-06-20,2023-06-21,SZ300308,1,0.8968253968253969,1.0,0.9986789960369881,0.0,0.03349790638085137,0.0051054518932718285,0.16109330592005788,165.37,165.66,161.37,160.45,160.9,158.11
2023-06-20,2023-06-21,SH603444,2,0.8650793650793651,0.9696169088507266,0.9590488771466315,0.0,0.05654622682109922,0.010107334525939038,0.04328344992473232,564.65,557.14,546.0,549.0,547.0,547.05
2023-06-20,2023-06-21,SH600839,3,0.8492063492063492,0.9379128137384413,0.9709379128137384,1.0,0.08835341365461846,0.020715630885122405,0.022140221402213944,5.42,5.27,5.21,5.22,5.21,5.21
2023-06-20,2023-06-21,SZ300033,4,0.8412698412698413,0.9867899603698811,0.9762219286657859,0.0,0.02181455254027842,0.010955941129449531,0.17204651162790707,215.0,207.0,208.24,205.03,205.19,204.97
2023-06-20,2023-06-21,SZ300212,5,0.8333333333333334,0.9960369881109643,0.9841479524438573,0.0,0.030000000000000027,0.004388103364212581,0.1851941747572814,41.2,40.32,40.49,40.12,40.02,39.2
2023-07-03,2023-07-04,SZ002705,1,0.8620689655172414,0.964332892998679,0.9233817701453104,0.0,0.05178173719376389,0.0031864046733935947,0.049761778718898864,18.89,18.79,18.91,18.8,18.94,18.9
2023-07-03,2023-07-04,SH601799,2,0.8390804597701149,0.9828269484808454,0.9722589167767504,0.0,0.034795274316232305,0.0029803921568627434,0.06318423522051941,127.88,128.09,126.82,127.19,129.34,131.59
2023-07-03,2023-07-04,SZ000625,3,0.7816091954022989,0.9022457067371202,0.8890356671070013,0.0,0.04783599088838275,0.00877192982456143,0.0304347826086957,13.8,13.85,13.85,14.03,14.23,14.4
2023-07-03,2023-07-04,SH603882,4,0.6666666666666666,0.9590488771466315,0.9154557463672391,0.0,0.010179799048122717,0.004469567503615046,0.08689962046852506,76.41,75.57,74.75,74.44,74.79,73.51
2023-07-03,2023-07-04,SH601633,5,0.6666666666666666,0.9537648612945839,0.9418758256274768,0.0,0.029527559055118058,0.0019157088122603305,0.058891013384321234,26.15,26.2,25.95,26.01,26.35,26.5
2023-07-04,2023-07-05,SZ300979,1,0.8137254901960785,0.9958791208791209,0.9821428571428571,0.0,0.007647413966592964,0.01356275303643728,0.18653884561613743,50.07,50.95,50.06,50.51,50.3,50.33
2023-07-04,2023-07-05,SH600166,2,0.8039215686274509,0.9532967032967034,0.9340659340659341,0.0,0.0196629213483146,0.005540166204986097,0.07713498622589543,3.63,3.63,3.6,3.59,3.59,3.59
2023-07-04,2023-07-05,SH601698,3,0.7843137254901961,0.8901098901098901,0.8763736263736264,0.0,0.06015037593984962,0.023222060957909907,0.03546099290780136,21.15,20.6,20.7,20.82,21.02,20.72
2023-07-04,2023-07-05,SH600418,4,0.7745098039215687,0.907967032967033,0.896978021978022,0.0,0.06727828746177367,0.005039596832253412,0.030802292263610198,13.96,14.21,14.18,14.01,14.15,14.37
2023-07-04,2023-07-05,SZ002475,5,0.6960784313725491,0.9807692307692307,0.9656593406593407,0.0,0.028683574879227125,0.000881316098707341,0.08746697974757844,34.07,34.0,33.9,33.83,33.87,34.06
2023-07-06,2023-07-07,SH603786,1,0.8888888888888888,0.9739010989010989,0.9835164835164835,1.0,0.018777226979119765,0.007427213309566305,0.08507814803892666,67.82,67.15,68.11,67.88,67.97,66.62
2023-07-06,2023-07-07,SZ002463,2,0.7936507936507936,0.989010989010989,0.9958791208791209,0.0,0.04001739886907352,0.0016757436112273538,0.04935173567544959,23.91,23.6,23.01,22.94,22.82,22.6
2023-07-06,2023-07-07,SZ300498,3,0.7936507936507935,0.9175824175824175,0.8901098901098901,0.0,0.021590909090908994,0.006718924972004547,0.17908787541713012,17.98,17.84,17.89,17.99,18.19,18.17
2023-07-06,2023-07-07,SH603885,4,0.7301587301587302,0.9326923076923077,0.9203296703296703,0.0,0.02376708259061222,0.0023269342641070168,0.07254788160185721,17.23,17.21,17.05,17.08,17.19,17.15
2023-07-06,2023-07-07,SH603806,5,0.7301587301587301,0.9903846153846154,0.9711538461538461,0.0,0.007527181488709234,0.002496532593620149,0.09075816270060888,36.14,36.0,35.62,35.45,35.52,35.91
2023-07-13,2023-07-14,SZ300751,1,0.9375,0.9972527472527473,0.9848901098901099,0.0,0.031504859792201856,0.009567546880979716,0.12487815444600892,184.66,185.0,183.89,183.18,186.2,183.65
2023-07-13,2023-07-14,SZ300308,2,0.9375,0.967032967032967,0.9491758241758241,0.0,0.08481387478849411,0.008851298190401202,0.0824072268798337,153.87,156.66,152.79,151.8,151.28,153.13
2023-07-13,2023-07-14,SZ300223,3,0.7916666666666666,0.8832417582417582,0.864010989010989,0.0,0.041644922241937055,0.0050352467270895485,0.13747494989979958,99.8,99.05,99.06,99.5,98.68,98.2
2023-07-13,2023-07-14,SZ300861,4,0.7083333333333334,0.9354395604395604,0.8928571428571429,0.0,0.008014655369819046,0.0043349304129591815,0.189913675601999,44.02,45.62,46.8,46.3,45.86,45.81
2023-07-13,2023-07-14,SH601012,5,0.625,0.9491758241758241,0.9162087912087912,0.0,0.0032701111837802888,0.0032701111837802888,0.09550195567144715,30.68,30.48,30.6,30.74,30.54,30.41
2023-07-14,2023-07-17,SH600188,1,0.7333333333333334,0.9848901098901099,0.9656593406593407,0.0,0.02267916540671311,0.001184132622853662,0.07451212300413967,33.82,19.69,18.99,19.01,19.04,19.12
2023-07-14,2023-07-17,SZ002463,2,0.7333333333333334,0.853021978021978,0.9945054945054945,1.0,0.03789126853377267,0.0059880239520957446,0.017063492063492003,25.2,25.57,24.88,24.93,25.01,25.62
2023-07-14,2023-07-17,SZ300769,3,0.7000000000000001,0.9038461538461539,0.9931318681318682,1.0,0.014679886250096086,0.0070943626516133396,0.18845629450083323,132.02,116.5,111.98,111.58,111.26,113.88
2023-07-14,2023-07-17,SZ002444,4,0.6666666666666666,0.9958791208791209,0.9862637362637363,0.0,0.0013245033112583293,0.0017667844522968323,0.10890652557319225,22.68,22.71,22.79,22.95,22.95,22.86
2023-07-14,2023-07-17,SZ300124,5,0.6333333333333333,0.9766483516483516,0.9505494505494505,0.0,0.015225424981522462,0.0011661807580176653,0.18200349446709385,68.68,67.89,67.53,67.5,67.68,66.78
2023-07-17,2023-07-18,SZ300769,1,0.9615384615384616,0.9739010989010989,0.9917582417582418,1.0,0.050300429184549245,0.030660377358490587,0.29339653481529915,122.36,120.49,117.72,115.91,117.0,117.19
2023-07-17,2023-07-18,SZ300308,2,0.9487179487179488,0.9931318681318682,0.9807692307692307,0.0,0.024399740428293404,0.00998080614203456,0.18123653870518175,157.86,160.08,158.44,157.9,156.22,157.5
2023-07-17,2023-07-18,SH600699,3,0.8717948717948718,0.9807692307692307,0.9601648351648352,0.0,0.038987341772151796,0.0034229828850855792,0.06871345029239762,20.52,20.36,20.3,20.31,20.11,19.98
2023-07-17,2023-07-18,SZ000960,4,0.6794871794871794,0.9381868131868132,0.907967032967033,0.0,0.013521819299323834,0.006101281269066394,0.09399636143117052,16.49,16.39,16.44,16.44,16.37,16.43
2023-07-17,2023-07-18,SZ300498,5,0.6410256410256411,0.9532967032967034,0.9230769230769231,0.0,0.02228260869565224,0.0015974440894568342,0.17809675704412564,18.81,18.8,18.73,18.69,18.81,18.71
2023-07-18,2023-07-19,SZ300751,1,0.9841269841269842,1.0,0.9917582417582418,0.0,0.05292816515694132,0.0063421754668546715,0.13319661881658584,199.93,199.8,197.91,198.02,197.47,193.18
2023-07-18,2023-07-19,SZ002444,2,0.7301587301587301,0.9931318681318682,0.9766483516483516,0.0,0.005286343612334932,0.0030769230769231992,0.09421560035056964,22.82,22.68,23.16,23.25,23.21,22.95
2023-07-18,2023-07-19,SH600885,3,0.6507936507936508,0.9587912087912088,0.9354395604395604,0.0,0.01704035874439458,0.0011771630370809305,0.08318636096413878,34.02,34.07,34.06,34.03,33.95,33.91
2023-07-18,2023-07-19,SH601058,4,0.6507936507936508,0.8612637362637363,0.8447802197802198,0.0,0.041884816753926524,0.0025188916876572875,0.05025125628140703,11.94,11.93,11.82,11.85,11.87,11.75
2023-07-18,2023-07-19,SH603659,5,0.6190476190476191,0.967032967032967,0.9436813186813187,0.0,0.004414437808361482,0.0025920165889061764,0.09462254395036207,38.68,38.62,38.44,38.48,38.28,38.01
2023-07-26,2023-07-27,SZ300601,1,0.9420289855072465,0.9793956043956044,0.9574175824175825,0.0,0.041043478260869515,0.004362416107382527,0.15870364183093888,29.93,29.93,29.88,29.98,29.89,30.04
2023-07-26,2023-07-27,SH600606,2,0.7971014492753623,0.9381868131868132,0.9093406593406593,0.0,0.02931596091205213,0.0031746031746031633,0.06645569620253156,3.16,3.1,3.09,3.12,3.1,3.15
2023-07-26,2023-07-27,SZ000031,3,0.7681159420289855,0.9560439560439561,0.9285714285714286,0.0,0.03883495145631066,0.0023419203747074846,0.05607476635513997,4.28,4.2,4.26,4.27,4.25,4.29
2023-07-26,2023-07-27,SZ002078,4,0.7101449275362319,0.929945054945055,0.8379120879120879,0.0,0.022867194371152255,0.002586206896551868,0.07566638005159065,11.63,11.6,11.54,11.58,11.66,11.68
2023-07-26,2023-07-27,SH603077,5,0.6666666666666666,0.9244505494505495,0.9010989010989011,0.0,0.011450381679389166,0.0037878787878786735,0.08301886792452828,2.65,2.65,2.63,2.62,2.63,2.64
2023-07-31,2023-08-01,SH600859,1,0.9259259259259259,0.9684065934065934,0.9313186813186813,0.0,0.03391304347826085,0.012345679012345734,0.04920100925147164,23.78,23.37,23.42,23.35,23.15,23.13
2023-07-31,2023-08-01,SZ000031,2,0.7407407407407408,0.9835164835164835,0.9615384615384616,0.0,0.016018306636155666,0.0022573363431153126,0.072072072072072,4.44,4.43,4.45,4.45,4.43,4.46
2023-07-31,2023-08-01,SZ000785,3,0.7283950617283951,0.8983516483516484,0.8585164835164835,0.0,0.04235294117647048,0.006818181818181612,0.05643340857787815,4.43,4.4,4.42,4.46,4.41,4.45
2023-07-31,2023-08-01,SZ000987,4,0.691358024691358,0.9217032967032966,0.8914835164835165,0.0,0.026063100137174278,0.00402684563758382,0.052139037433154956,7.48,7.35,7.5,7.56,7.54,7.58
2023-07-31,2023-08-01,SH601838,5,0.6790123456790124,0.9917582417582418,0.9162087912087912,0.0,0.019452449567723296,0.0014154281670204494,0.07703180212014127,14.15,14.09,13.98,14.07,14.02,14.16
2023-08-01,2023-08-02,SZ300782,1,0.9,0.9972527472527473,0.989010989010989,0.0,0.024666666666666615,0.004739336492890933,0.1749349381912817,122.96,122.06,122.8,125.15,124.74,125.07
2023-08-01,2023-08-02,SZ000932,2,0.7000000000000001,0.9986263736263736,0.9903846153846154,0.0,0.0016666666666667052,0.0050167224080266415,0.09816971713810307,6.01,5.95,5.97,5.98,5.98,5.99
2023-08-01,2023-08-02,SZ000987,3,0.7000000000000001,0.9793956043956044,0.9642857142857143,0.0,0.019047619047619202,0.0026773761713521083,0.09479305740987964,7.49,7.46,7.53,7.56,7.56,7.58
2023-08-01,2023-08-02,SH600808,4,0.6666666666666666,0.9354395604395604,0.8791208791208791,0.0,0.03114186851211076,0.0033670033670032407,0.06375838926174504,2.98,2.96,2.92,2.92,2.92,2.94
2023-08-01,2023-08-02,SH600909,5,0.5666666666666668,0.9862637362637363,0.9684065934065934,0.0,0.009191176470588092,0.0018248175182480342,0.10382513661202175,5.49,5.46,5.56,5.6,5.6,5.61
2023-08-02,2023-08-03,SZ000415,1,0.9074074074074074,0.989010989010989,0.9739010989010989,0.0,0.03629032258064502,0.00390625,0.0661478599221792,2.57,2.56,2.52,2.53,2.54,2.53
2023-08-02,2023-08-03,SH600782,2,0.8981481481481483,0.9945054945054945,0.9821428571428571,0.0,0.0181818181818183,0.006741573033707926,0.09821428571428559,4.48,4.43,4.45,4.43,4.42,4.44
2023-08-02,2023-08-03,SZ300782,3,0.8333333333333334,0.978021978021978,0.9629120879120879,0.0,0.02654432246436178,0.0031222480185733037,0.17797286512370314,125.3,124.28,123.16,123.5,124.3,123.18
2023-08-02,2023-08-03,SZ002500,4,0.8148148148148149,0.9684065934065934,0.9546703296703297,0.0,0.01391035548686248,0.007680491551459223,0.08993902439024404,6.56,6.6,6.5,6.53,6.56,6.58
2023-08-02,2023-08-03,SH601633,5,0.7962962962962963,0.9601648351648352,0.9217032967032966,0.0,0.020642978003384105,0.0043290043290042934,0.07791777188328908,30.16,30.01,29.96,29.94,29.74,29.67
2023-08-03,2023-08-04,SZ000415,1,0.8911564625850339,0.9972527472527473,0.9835164835164835,0.0,0.0234375,0.007692307692307665,0.08778625954198471,2.62,2.61,2.62,2.63,2.63,2.63
2023-08-03,2023-08-04,SZ002797,2,0.8163265306122449,0.9519230769230769,0.9120879120879121,0.0,0.04179566563467496,0.004477611940298498,0.050520059435364084,6.73,6.9,6.84,6.86,6.93,6.81
2023-08-03,2023-08-04,SH600109,3,0.8163265306122449,0.9148351648351648,0.8846153846153846,0.0,0.0728744939271253,0.014354066985645897,0.015094339622641506,10.6,10.78,11.43,11.25,11.2,11.0
2023-08-03,2023-08-04,SH603259,4,0.8095238095238094,0.9656593406593407,0.9368131868131868,0.0,0.0445047489823609,0.0037814578171861957,0.05455962587685126,76.98,77.3,76.9,76.97,76.84,76.15
2023-08-03,2023-08-04,SZ000031,5,0.8027210884353742,0.9958791208791209,0.9821428571428571,0.0,0.020270270270270174,0.004434589800443645,0.08609271523178808,4.53,4.59,4.52,4.49,4.49,4.54
2023-08-04,2023-08-07,SZ000415,1,0.9444444444444445,0.9931318681318682,0.9752747252747253,0.0,0.026819923371647514,0.0037453183520599342,0.07462686567164178,2.68,2.68,2.66,2.69,2.71,2.73
2023-08-04,2023-08-07,SZ000060,2,0.6111111111111112,0.8543956043956044,0.8173076923076923,0.0,0.02447552447552459,0.0034246575342467,0.07679180887372006,5.86,5.94,5.9,5.86,5.88,5.86
2023-08-04,2023-08-07,SH601688,3,0.611111111111111,0.9010989010989011,0.9807692307692307,1.0,0.012535612535612417,0.0011267605633802358,0.05740011254924027,17.77,17.32,17.45,17.54,17.3,17.43
2023-08-04,2023-08-07,SH600988,4,0.5555555555555556,0.9024725274725275,0.8585164835164835,0.0,0.01008742434431742,0.0006662225183211579,0.08988015978695074,15.02,15.0,15.17,15.08,15.06,15.14
2023-08-04,2023-08-07,SH603799,5,0.4444444444444445,0.8516483516483516,0.8145604395604396,0.0,0.032903865213082195,0.00019193857965449368,0.05545960468240252,52.11,51.88,51.44,51.24,51.42,51.43
2023-08-07,2023-08-08,SZ000415,1,0.9285714285714285,0.9972527472527473,0.9848901098901099,0.0,0.026119402985074647,0.0036496350364962904,0.07272727272727275,2.75,2.75,2.73,2.73,2.77,2.79
2023-08-07,2023-08-08,SH600909,2,0.8452380952380952,0.9958791208791209,0.9821428571428571,0.0,0.0176678445229681,0.0034843205574912606,0.11284722222222232,5.76,5.75,5.61,5.64,5.68,5.68
2023-08-07,2023-08-08,SZ000987,3,0.8333333333333334,0.9903846153846154,0.9711538461538461,0.0,0.014511873350923521,0.003916449086161844,0.11573472041612476,7.69,7.68,7.53,7.58,7.61,7.66
2023-08-07,2023-08-08,SH601236,4,0.8095238095238096,0.9642857142857143,0.9313186813186813,0.0,0.023041474654378113,0.00452488687782826,0.08783783783783772,8.88,8.87,8.59,8.56,8.69,8.72
2023-08-07,2023-08-08,SH601198,5,0.75,0.9656593406593407,0.9326923076923077,0.0,0.025751072961373467,0.0031479538300105414,0.09518828451882855,9.56,9.54,9.31,9.37,9.42,9.45
2023-08-08,2023-08-09,SH601688,1,0.8928571428571429,0.9587912087912088,0.9835164835164835,1.0,0.019988577955453835,0.003370786516853963,0.09406494960806278,17.86,17.71,17.94,18.05,18.04,17.78
2023-08-08,2023-08-09,SZ000987,2,0.7857142857142856,0.9876373626373627,0.9684065934065934,0.0,0.006510416666666741,0.0025940337224383825,0.0970245795601552,7.73,7.75,7.7,7.69,7.74,7.69
2023-08-08,2023-08-09,SH600958,3,0.7142857142857143,0.8928571428571429,0.8571428571428571,0.0,0.019195612431444298,0.0026978417266187993,0.09058295964125551,11.15,11.03,11.16,11.13,11.18,11.11
2023-08-08,2023-08-09,SZ000783,4,0.6785714285714287,0.978021978021978,0.9354395604395604,0.0,0.00886262924667669,0.0014662756598240456,0.0980966325036603,6.83,6.79,6.79,6.79,6.81,6.79
2023-08-08,2023-08-09,SH601168,5,0.6666666666666666,0.9326923076923077,0.8928571428571429,0.0,0.019512195121951015,0.0015974440894568342,0.07735247208931417,12.54,12.45,12.47,12.5,12.49,12.42
2023-08-29,2023-08-30,SZ300395,1,0.956989247311828,0.9986577181208054,0.9932885906040269,0.0,0.046666666666666634,0.0040503091025367866,0.14989384288747343,47.1,47.11,46.94,47.43,47.39,47.57
2023-08-29,2023-08-30,SH601598,2,0.946236559139785,0.9825503355704698,0.9691275167785235,0.0,0.0747126436781611,0.005376344086021501,0.039215686274509665,5.61,5.55,5.55,5.54,5.55,5.6
2023-08-29,2023-08-30,SZ300251,3,0.913978494623656,0.9932885906040269,0.9852348993288591,0.0,0.05054945054945059,0.0031479538300105414,0.15062761506276146,9.56,9.5,9.46,9.49,9.54,9.56
2023-08-29,2023-08-30,SZ002050,4,0.7956989247311829,0.9248322147651007,0.9100671140939597,0.0,0.08022922636103136,0.003994673768308976,0.027519893899204284,30.16,30.0,30.19,30.86,30.0,29.94
2023-08-29,2023-08-30,SZ300759,5,0.7204301075268816,0.9422818791946309,0.9275167785234899,0.0,0.041319444444444464,0.0026746907388832675,0.15438479493164392,29.99,29.96,29.6,29.75,29.64,29.81
2023-08-30,2023-08-31,SH603195,1,0.6969696969696969,0.934228187919463,0.9140939597315436,0.0,0.027449448080492322,0.0005707762557078944,0.0743487355010457,105.18,106.0,106.6,106.89,106.87,106.14
2023-08-30,2023-08-31,SZ002244,2,0.6363636363636364,0.9651006711409396,0.9087248322147651,0.0,0.0018214936247722413,0.0027347310847765094,0.10181818181818181,11.0,11.15,11.01,10.92,10.86,10.66
2023-08-30,2023-08-31,SH600079,3,0.6363636363636364,0.9516778523489933,0.9369127516778524,0.0,0.005181347150259086,0.00129032258064532,0.09536082474226792,23.28,23.21,23.17,23.08,23.07,23.02
2023-08-30,2023-08-31,SZ000830,4,0.6363636363636364,0.8711409395973154,0.8469798657718121,0.0,0.011639185257031892,0.0028846153846153744,0.10354745925215725,10.43,10.4,10.4,10.37,10.35,10.38
2023-08-30,2023-08-31,SH600160,5,0.6363636363636364,0.8026845637583893,0.9771812080536912,1.0,0.020872865275142427,0.01064495929868503,0.07806691449814118,16.14,16.02,16.2,16.21,16.18,16.48
2023-08-31,2023-09-01,SH601598,1,0.8494623655913979,1.0,0.9973154362416108,0.0,0.010638297872340496,0.0017574692442881013,0.09824561403508758,5.7,5.67,5.67,5.7,5.68,5.65
2023-08-31,2023-09-01,SZ300682,2,0.7849462365591396,0.9302013422818792,0.9167785234899329,0.0,0.014918414918414946,0.0018407731247123138,0.17638952687184206,21.77,21.75,21.69,21.69,21.6,21.42
2023-08-31,2023-09-01,SZ300395,3,0.7634408602150536,0.9865771812080537,0.9771812080536912,0.0,0.004044274159216821,0.003403531163582274,0.20161119355522583,47.17,47.0,46.94,46.73,46.66,46.1
2023-08-31,2023-09-01,SH603160,4,0.7204301075268816,0.9932885906040269,0.9865771812080537,0.0,0.0030482641828959434,0.002538930264048833,0.1067026844504475,59.23,59.1,59.64,58.77,58.4,58.6
2023-08-31,2023-09-01,SH600079,5,0.7096774193548386,0.9798657718120806,0.9704697986577181,0.0,0.008616975441619878,0.0012831479897348341,0.09013242204186245,23.41,23.35,23.16,23.11,23.0,23.0
2023-09-04,2023-09-05,SH601666,1,0.923076923076923,0.9973154362416108,0.9946308724832215,0.0,0.0202127659574467,0.004188481675392541,0.05630865484880099,9.59,9.69,9.65,9.64,9.6,9.56
2023-09-04,2023-09-05,SZ000683,2,0.858974358974359,0.9422818791946309,0.9302013422818792,0.0,0.02695417789757415,0.005277044854881341,0.0734908136482939,7.62,7.53,7.55,7.55,7.51,7.49
2023-09-04,2023-09-05,SH601598,3,0.782051282051282,0.9986577181208054,0.9959731543624161,0.0,0.010889292196007316,0.0017985611510793476,0.09874326750448836,5.57,5.61,5.55,5.54,5.5,5.51
2023-09-04,2023-09-05,SZ000893,4,0.7820512820512819,0.9463087248322147,0.934228187919463,0.0,0.012949640287769792,0.0039215686274509665,0.08025568181818188,28.16,28.17,28.06,28.1,28.12,27.94
2023-09-04,2023-09-05,SH601058,5,0.7692307692307692,0.9718120805369127,0.963758389261745,0.0,0.016976556184316927,0.0015923566878981443,0.07631160572337037,12.58,12.63,12.63,12.69,12.74,12.74
2023-09-07,2023-09-08,SZ000983,1,0.8000000000000002,0.9919463087248322,0.9879194630872483,0.0,0.017857142857142794,0.0010330578512396382,0.10010319917440658,9.69,9.62,9.6,9.61,9.52,9.48
2023-09-07,2023-09-08,SH600546,2,0.7333333333333334,0.9986577181208054,0.9986577181208054,1.0,0.03415154749199578,0.0005162622612286949,0.062435500515996,19.38,19.15,19.08,19.14,18.88,18.87
2023-09-07,2023-09-08,SH600398,3,0.6,0.8657718120805369,0.8536912751677852,0.0,0.011080332409972415,0.00137174211248281,0.08904109589041109,7.3,7.34,7.2,7.29,7.27,7.21
2023-09-07,2023-09-08,SZ000893,4,0.4666666666666666,0.8899328859060402,0.8791946308724832,0.0,0.01070281840884757,0.0007064641469445299,0.0878926932580304,28.33,28.35,28.34,28.49,28.36,28.45
2023-09-07,2023-09-08,SH601799,5,0.4000000000000001,0.9275167785234899,0.9167785234899329,0.0,0.007938096191048016,0.0005297311614353983,0.09483785572468562,151.1,152.87,152.2,152.55,152.51,152.0
2023-09-08,2023-09-11,SZ000893,1,0.8245614035087719,0.9020134228187919,0.8912751677852349,0.0,0.03880070546737202,0.006149641270925876,0.0590831918505943,29.45,29.38,29.52,29.24,29.33,29.25
2023-09-08,2023-09-11,SZ000895,2,0.7368421052631579,0.9516778523489933,0.9422818791946309,0.0,0.0045214770158252815,0.007177937287495384,0.09864966241560391,26.66,25.99,25.76,25.76,25.72,25.8
2023-09-08,2023-09-11,SZ300558,3,0.7017543859649124,0.9436241610738255,0.934228187919463,0.0,0.04875540012343138,0.0009817396426468061,0.13848568065908196,50.98,51.5,52.11,53.0,53.01,53.19
2023-09-08,2023-09-11,SH600809,4,0.7017543859649122,0.9865771812080537,0.9798657718120806,0.0,0.015878686832598854,0.0012128325508606874,0.09065687155640667,255.91,254.0,254.24,255.79,256.1,256.9
2023-09-08,2023-09-11,SZ003816,5,0.7017543859649122,0.9369127516778524,0.9275167785234899,0.0,0.006250000000000089,0.006250000000000089,0.09006211180124213,3.22,3.22,3.25,3.24,3.24,3.24
2023-09-15,2023-09-18,SZ300558,1,0.9166666666666666,0.9798657718120806,0.9718120805369127,0.0,0.050193050193050315,0.0035048883969746036,0.140625,54.4,54.71,55.43,55.78,56.09,55.58
2023-09-15,2023-09-18,SZ300832,2,0.8452380952380952,0.9879194630872483,0.9825503355704698,0.0,0.0394904458598726,0.003073140749846326,0.15242034313725483,65.28,65.0,65.8,66.3,66.02,65.11
2023-09-15,2023-09-18,SZ002867,3,0.7619047619047619,0.963758389261745,0.9570469798657718,0.0,0.006741573033707926,0.0056116722783390305,0.0909598214285714,17.92,17.88,17.77,17.71,17.73,17.7
2023-09-15,2023-09-18,SZ300257,4,0.75,0.9288590604026845,0.9181208053691275,0.0,0.02046577275935091,0.00346981263011803,0.17842323651452263,14.46,14.37,14.31,14.3,14.28,14.27
2023-09-15,2023-09-18,SZ002653,5,0.7380952380952381,0.8818791946308725,0.8697986577181208,0.0,0.04684684684684681,0.0047557284911370346,0.04733218588640287,23.24,23.35,23.55,23.87,23.91,23.47
2023-10-09,2023-10-10,SZ002821,1,0.9619047619047619,0.9879194630872483,0.9825503355704698,0.0,0.030013368983957234,0.006466361854996716,0.08293854241027976,154.09,152.0,152.24,152.05,150.39,151.5
2023-10-09,2023-10-10,SZ000933,2,0.8857142857142857,0.9543624161073826,0.9422818791946309,0.0,0.03964497041420123,0.004574042309891446,0.06943653955606144,17.57,17.42,17.42,17.38,17.34,17.45
2023-10-09,2023-10-10,SH600546,3,0.7999999999999999,0.9664429530201343,0.9758389261744966,1.0,0.02085561497326216,0.0020997375328084544,0.08643268727082232,19.09,19.13,18.72,18.72,18.81,18.96
2023-10-09,2023-10-10,SH600066,4,0.7047619047619048,0.9328859060402684,0.9140939597315436,0.0,0.009826152683295453,0.0030030030030030463,0.08907185628742531,13.36,13.43,13.12,12.96,13.04,12.95
2023-10-09,2023-10-10,SH601666,5,0.6952380952380953,0.9986577181208054,0.9959731543624161,0.0,0.021568627450980538,0.0009606147934677622,0.08829174664107486,10.42,10.31,10.23,10.21,10.3,10.32
2023-10-12,2023-10-13,SZ300558,1,0.8533333333333334,1.0,0.9973154362416108,0.0,0.015909844216108526,0.004918032786885185,0.17455138662316472,61.3,60.97,61.82,61.53,61.86,61.44
2023-10-12,2023-10-13,SH600499,2,0.7866666666666666,0.9959731543624161,0.9879194630872483,0.0,0.019742489270386354,0.0025316455696202667,0.0732323232323231,11.88,11.7,11.8,11.77,11.75,11.68
2023-10-12,2023-10-13,SZ002653,3,0.7733333333333334,0.9919463087248322,0.9825503355704698,0.0,0.01416666666666666,0.004125412541254203,0.0669679539852095,24.34,24.55,24.57,24.45,24.7,24.44
2023-10-12,2023-10-13,SZ000625,4,0.7600000000000001,0.9758389261744966,0.959731543624161,0.0,0.06359189378057306,0.0019749835418039208,0.035479632063074806,15.22,14.99,14.95,15.08,14.97,15.03
2023-10-12,2023-10-13,SZ300677,5,0.7200000000000001,0.9261744966442953,0.9033557046979865,0.0,0.01585903083700435,0.0052310374891018085,0.18126626192541195,23.06,22.97,23.09,23.1,23.1,23.1
2023-10-13,2023-10-16,SZ000739,1,0.9035087719298246,0.9557046979865772,0.9369127516778524,0.0,0.042553191489361764,0.008975712777191003,0.05913134484563054,19.11,19.3,19.36,19.35,19.4,19.08
2023-10-13,2023-10-16,SZ002821,2,0.9035087719298245,0.9986577181208054,0.9932885906040269,0.0,0.018129032258064504,0.00612049729040498,0.08383499144540907,157.81,159.99,163.9,160.6,159.99,160.7
2023-10-13,2023-10-16,SZ300347,3,0.8771929824561404,0.9852348993288591,0.9731543624161074,0.0,0.026436781609195492,0.004358217348516824,0.17329227323628205,71.44,70.95,71.9,71.61,71.19,70.61
2023-10-13,2023-10-16,SZ000963,4,0.8684210526315789,0.9825503355704698,0.9704697986577181,0.0,0.02376380220835328,0.005421970768505258,0.08323563892145369,42.65,43.0,44.19,43.58,43.29,43.49
2023-10-13,2023-10-16,SH603456,5,0.7807017543859649,0.9959731543624161,0.9892617449664429,0.0,0.01088065283917028,0.00439189189189193,0.09350824083417408,29.73,29.73,29.88,29.52,29.58,29.52
2023-10-18,2023-10-19,SZ000625,1,0.7666666666666666,0.9892617449664429,0.978523489932886,0.0,0.013468013468013629,0.0013306719893546592,0.09568106312292346,15.05,14.72,14.82,14.72,14.66,14.59
2023-10-18,2023-10-19,SZ300433,2,0.7333333333333334,0.978523489932886,0.9651006711409396,0.0,0.0022091310751104487,0.0029476787030213725,0.20279206465833965,13.61,13.02,13.07,13.04,13.0,12.9
2023-10-18,2023-10-19,SZ002429,3,0.7000000000000001,0.8778523489932886,0.8577181208053691,0.0,0.0037523452157597337,0.0037523452157597337,0.108411214953271,5.35,5.36,5.33,5.38,5.34,5.35
2023-10-18,2023-10-19,SZ300122,4,0.7000000000000001,0.825503355704698,0.9973154362416108,1.0,0.022589825684809828,0.0034910106475825042,0.1751608975473995,57.49,56.8,56.98,57.59,57.03,57.21
2023-10-18,2023-10-19,SZ000050,5,0.6,0.9302013422818792,0.9087248322147651,0.0,0.01430030643513791,0.0010080645161290036,0.09264853977844911,9.93,9.87,9.94,10.0,9.96,9.97
2023-10-27,2023-10-30,SZ000661,1,0.8333333333333334,0.9624161073825503,0.9463087248322147,0.0,0.05431578947368432,0.004210948466011555,0.04625931842385511,150.24,153.0,152.98,153.1,153.37,154.14
2023-10-27,2023-10-30,SZ002600,2,0.8333333333333334,0.9543624161073826,0.9261744966442953,0.0,0.04703832752613235,0.008389261744966348,0.058236272878535944,6.01,5.94,5.92,5.98,6.02,6.04
2023-10-27,2023-10-30,SZ002475,3,0.6944444444444445,0.9758389261744966,0.9570469798657718,0.0,0.030546623794212024,0.0015624999999999112,0.07145085803432161,32.05,32.0,32.54,32.72,33.0,32.92
2023-10-27,2023-10-30,SH603501,4,0.6944444444444445,0.9691275167785235,0.9503355704697987,0.0,0.03689850384148796,0.0013667870740992072,0.06551623281661323,102.57,108.5,111.86,111.98,109.63,111.58
2023-10-27,2023-10-30,SZ002273,5,0.638888888888889,0.9986577181208054,0.9959731543624161,0.0,0.006240249609984483,0.0031104199066873672,0.09922480620155039,12.9,13.06,13.47,13.3,13.36,13.93
2023-10-30,2023-10-31,SZ300136,1,0.9555555555555556,1.0,0.9986577181208054,0.0,0.08524590163934431,0.007227082540890217,0.11971299093655574,26.48,26.5,26.2,26.42,26.06,27.02
2023-10-30,2023-10-31,SZ300759,2,0.8666666666666667,0.9543624161073826,0.9315436241610738,0.0,0.13698630136986312,0.005451241671714069,0.06445783132530125,33.2,33.1,32.6,32.94,33.58,33.3
2023-10-30,2023-10-31,SZ002465,3,0.7999999999999999,0.9718120805369127,0.9476510067114094,0.0,0.02700421940928277,0.007450331125827825,0.05751848808545601,12.17,12.06,11.83,11.86,11.84,11.85
2023-10-30,2023-10-31,SZ300115,4,0.7777777777777778,0.9758389261744966,0.9530201342281879,0.0,0.052480916030534175,0.0027272727272726893,0.14052583862194035,11.03,11.2,11.41,11.65,11.61,11.61
2023-10-30,2023-10-31,SZ300832,5,0.6222222222222222,0.8791946308724832,0.851006711409396,0.0,0.05963938973647709,0.004088785046729049,0.12565445026178002,68.76,68.42,67.7,67.84,68.18,68.22
2023-10-31,2023-11-01,SZ300115,1,0.9565217391304347,0.9691275167785235,0.9463087248322147,0.0,0.04017857142857162,0.01040763226366015,0.134763948497854,11.65,11.53,11.56,11.41,11.43,11.41
2023-10-31,2023-11-01,SZ300558,2,0.8333333333333334,0.9422818791946309,0.9154362416107382,0.0,0.04810996563573888,0.0036196117143796336,0.1449180327868853,61.0,61.0,60.75,61.23,60.46,60.37
2023-10-31,2023-11-01,SZ002007,3,0.7318840579710145,0.9436241610738255,0.9167785234899329,0.0,0.009462365591397903,0.0034202650705428272,0.08990200255645497,23.47,23.47,23.51,23.62,23.5,23.38
2023-10-31,2023-11-01,SZ000661,4,0.7246376811594203,0.9812080536912752,0.9677852348993289,0.0,0.012727272727272698,0.0017985611510791255,0.09047191587586556,155.96,155.98,157.0,157.68,157.28,155.11
2023-10-31,2023-11-01,SH603160,5,0.7246376811594203,0.9610738255033557,0.9865771812080537,1.0,0.012602739726027323,0.002169197396963085,0.09672619047619047,73.92,73.91,73.33,73.28,72.9,73.49
2023-11-03,2023-11-06,SZ300661,1,0.8717948717948718,0.9946308724832215,0.9838926174496644,0.0,0.031733659948780746,0.002271498107084824,0.1703000215842867,92.66,92.3,93.46,92.99,92.62,92.82
2023-11-03,2023-11-06,SH600879,2,0.8205128205128206,0.9234899328859061,0.8953020134228188,0.0,0.05025773195876293,0.006172839506172867,0.041717791411042926,8.15,8.32,8.27,8.15,8.2,8.1
2023-11-03,2023-11-06,SZ002531,3,0.7435897435897436,0.9838926174496644,0.9677852348993289,0.0,0.010845986984815648,0.008658008658008809,0.08726752503576529,13.98,13.97,14.22,14.36,14.19,14.09
2023-11-03,2023-11-06,SZ002371,4,0.6923076923076924,0.9677852348993289,0.9463087248322147,0.0,0.026819923371647292,0.0015571473061350982,0.0697294776119406,257.28,259.03,257.17,256.21,254.68,254.99
2023-11-03,2023-11-06,SZ002429,5,0.6153846153846154,0.9570469798657718,0.9315436241610738,0.0,0.017274472168905985,0.001890359168241984,0.0792452830188679,5.3,5.33,5.36,5.35,5.33,5.35
2023-11-06,2023-11-07,SZ300661,1,0.9210526315789473,0.9986577181208054,0.9892617449664429,0.0,0.02881906825568792,0.0059322033898303594,0.1676495366470092,94.96,94.03,93.81,94.27,94.5,93.15
2023-11-06,2023-11-07,SH600867,2,0.8421052631578947,0.9624161073825503,0.9395973154362416,0.0,0.04419410745233976,0.0033305578684430515,0.05228215767634836,12.05,12.23,12.11,12.18,12.38,12.37
2023-11-06,2023-11-07,SZ002221,3,0.7719298245614036,0.9140939597315436,0.8832214765100671,0.0,0.027619047619047432,0.009354536950420878,0.06116774791473589,10.79,10.9,10.86,10.86,10.88,10.79
2023-11-06,2023-11-07,SZ002273,4,0.7631578947368421,0.9852348993288591,0.9932885906040269,1.0,0.010115606936416333,0.004310344827586299,0.0829756795422032,13.98,13.9,13.94,13.94,13.97,13.79
2023-11-06,2023-11-07,SZ300568,5,0.7456140350877193,0.9932885906040269,0.9771812080536912,0.0,0.032841823056300345,0.001299545159194171,0.16677482154445178,15.41,15.38,15.2,15.22,15.32,15.19
2023-11-07,2023-11-08,SH603160,1,0.888888888888889,0.9731182795698925,0.9932795698924731,1.0,0.025974025974025983,0.0017752979964493765,0.07531645569620249,79.0,78.96,78.27,78.47,78.27,79.55
2023-11-07,2023-11-08,SH603501,2,0.8333333333333334,0.9919354838709677,0.9758064516129032,0.0,0.017117117117117164,0.001685742170171256,0.08201948627103617,112.9,112.16,112.75,112.82,113.07,113.01
2023-11-07,2023-11-08,SH601969,3,0.5555555555555555,0.8561827956989247,0.8172043010752689,0.0,0.015151515151515138,0.001494768310911887,0.08208955223880587,6.7,6.7,6.61,6.6,6.62,6.62
2023-11-07,2023-11-08,SZ000563,4,0.5,0.8467741935483871,0.8104838709677419,0.0,0.009677419354838568,0.0032051282051281937,0.09584664536741228,3.13,3.12,3.12,3.11,3.11,3.12
2023-11-07,2023-11-08,SH600118,5,0.4444444444444444,0.9260752688172043,0.8924731182795699,0.0,0.014498006524102935,0.00035739814152968563,0.08717399071096832,27.99,27.85,27.79,27.74,27.93,27.81
2023-11-08,2023-11-09,SZ300759,1,0.9090909090909092,0.9932795698924731,0.978494623655914,0.0,0.02398629354654469,0.003919372900335949,0.1809815950920246,35.86,35.5,35.85,35.77,35.81,35.17
2023-11-08,2023-11-09,SZ002294,2,0.7777777777777778,0.9865591397849462,0.967741935483871,0.0,0.012435547467394725,0.004211793020457266,0.08298382264829218,33.38,33.28,33.46,33.52,33.59,33.28
2023-11-08,2023-11-09,SZ300182,3,0.7575757575757577,0.9086021505376344,0.8763440860215054,0.0,0.02941176470588225,0.0035842293906809264,0.17142857142857149,5.6,5.56,5.52,5.51,5.51,5.47
2023-11-08,2023-11-09,SH600276,4,0.7272727272727272,0.9596774193548387,0.9301075268817204,0.0,0.015886115122756506,0.0028513238289205045,0.08184402924451661,49.24,49.14,48.97,49.22,49.09,48.8
2023-11-08,2023-11-09,SZ002797,5,0.7171717171717171,0.9529569892473119,0.9220430107526881,0.0,0.011146496815286566,0.004746835443037778,0.09606299212598435,6.35,6.33,6.45,6.37,6.39,6.35
2023-11-09,2023-11-10,SZ000050,1,0.9166666666666666,0.9798387096774194,0.9543010752688172,0.0,0.02764537654909427,0.007476635514018781,0.07328385899814482,10.78,10.66,10.57,10.56,10.58,10.6
2023-11-09,2023-11-10,SZ000625,2,0.875,0.9637096774193549,0.9341397849462365,0.0,0.06802288620470431,0.004184100418409997,0.027976190476190377,16.8,16.34,15.97,15.86,15.87,15.83
2023-11-09,2023-11-10,SH600060,3,0.7291666666666666,0.9475806451612904,0.9166666666666666,0.0,0.017714044706874654,0.004579517069108974,0.07956900124326571,24.13,23.89,23.87,23.89,23.75,23.64
2023-11-09,2023-11-10,SZ300568,4,0.6875,0.9946236559139785,0.9838709677419355,0.0,0.017728168089297336,0.0012919896640826156,0.1793548387096775,15.5,15.5,15.29,15.22,15.19,15.25
2023-11-09,2023-11-10,SZ300850,5,0.625,0.9959677419354839,0.9879032258064516,0.0,0.00419580419580412,0.001953670108847394,0.19999999999999996,35.9,35.8,35.01,35.37,35.18,35.02
2023-11-10,2023-11-13,SH603883,1,0.9824561403508771,0.9865591397849462,0.9704301075268817,0.0,0.07066222715501302,0.00590893291623229,0.038009675190048275,28.94,28.84,28.96,28.97,28.94,28.76
2023-11-10,2023-11-13,SZ002221,2,0.8947368421052632,0.978494623655914,0.9583333333333334,0.0,0.017924528301886733,0.006529850746268551,0.08248378127896205,10.79,10.82,10.79,10.72,10.78,10.75
2023-11-10,2023-11-13,SH603939,3,0.8596491228070176,0.9381720430107527,0.9099462365591398,0.0,0.065974171813588,0.0050291159343567315,0.037134579931525025,37.97,37.7,37.61,37.63,37.51,37.2
2023-11-10,2023-11-13,SH600737,4,0.7543859649122807,0.9543010752688172,0.9274193548387096,0.0,0.0117647058823529,0.003500583430571691,0.09069767441860477,8.6,8.49,8.48,8.47,8.48,8.52
2023-11-10,2023-11-13,SH600118,5,0.7368421052631579,0.9395161290322581,0.9112903225806451,0.0,0.030358449158741863,0.0017780938833571458,0.07206247781327635,28.17,28.13,27.95,27.93,28.0,27.91
2023-11-15,2023-11-16,SH600131,1,0.8974358974358975,0.9865771812080537,0.9771812080536912,0.0,0.01914486279515004,0.0037712130735387817,0.06950532247964913,15.97,16.01,15.93,15.95,15.85,16.03
2023-11-15,2023-11-16,SZ000009,2,0.7948717948717948,0.9691275167785235,0.9463087248322147,0.0,0.015017667844522853,0.003493449781659441,0.07832898172323755,11.49,11.48,11.53,11.52,11.52,11.53
2023-11-15,2023-11-16,SZ002670,3,0.6410256410256411,0.9516778523489933,0.9234899328859061,0.0,0.024752475247524774,0.0009671179883945502,0.06570048309178733,10.35,10.3,10.25,10.27,10.26,10.3
2023-11-15,2023-11-16,SZ002221,4,0.6153846153846154,0.9583892617449664,0.9315436241610738,0.0,0.010091743119265972,0.002732240437158362,0.08628519527702094,11.01,11.06,11.05,11.05,11.07,11.02
2023-11-15,2023-11-16,SH601881,5,0.5897435897435898,0.9959731543624161,0.9906040268456375,0.0,0.012564671101256364,0.0007304601899196239,0.09197080291970816,13.7,13.61,13.64,13.79,13.73,13.75
2023-11-17,2023-11-20,SH600131,1,0.8449612403100776,0.9892617449664429,0.9798657718120806,0.0,0.011501597444089517,0.00571791613723005,0.09349336702463673,15.83,15.82,16.06,16.2,16.12,16.36
2023-11-17,2023-11-20,SZ002241,2,0.813953488372093,0.9543624161073826,0.9248322147651007,0.0,0.023354564755838636,0.003121748178980255,0.07831950207468874,19.28,19.21,19.01,18.93,18.93,18.81
2023-11-17,2023-11-20,SZ002384,3,0.7984496124031008,0.934228187919463,0.9006711409395973,0.0,0.02549123738714809,0.004682622268470382,0.07716209218021763,19.31,19.3,19.17,19.07,19.01,19.02
2023-11-17,2023-11-20,SH601111,4,0.7906976744186046,0.9087248322147651,0.876510067114094,0.0,0.0290404040404042,0.008663366336633782,0.06871165644171784,8.15,8.14,8.23,8.25,8.21,8.25
2023-11-17,2023-11-20,SZ002409,5,0.7906976744186046,0.9033557046979865,0.8697986577181208,0.0,0.05207827915251495,0.006654286598576142,0.04842428900845519,65.05,69.7,66.64,67.01,68.0,66.61
2023-11-20,2023-11-21,SZ002180,1,0.9459459459459459,0.9865771812080537,0.9758389261744966,0.0,0.06511791622668084,0.00698835274542442,0.03139458030403164,30.26,30.15,30.02,30.12,30.13,30.22
2023-11-20,2023-11-21,SZ300442,2,0.8558558558558559,0.9946308724832215,0.9906040268456375,0.0,0.011376146788990793,0.006206644760861524,0.17815674891146593,27.56,27.5,27.23,27.17,27.23,27.38
2023-11-20,2023-11-21,SZ000547,3,0.846846846846847,0.9476510067114094,0.9221476510067114,0.0,0.057630736392742854,0.006091370558375608,0.03329969727547932,9.91,9.86,9.78,9.72,9.68,9.58
2023-11-20,2023-11-21,SH600399,4,0.8198198198198199,0.9664429530201343,0.9489932885906041,0.0,0.050000000000000044,0.001988071570576455,0.059523809523809534,10.08,10.15,10.04,10.01,10.02,10.14
2023-11-20,2023-11-21,SZ000661,5,0.7567567567567567,0.9932885906040269,0.9865771812080537,0.0,0.009574468085106425,0.00261015474488846,0.07847269571685356,161.33,161.32,161.35,162.05,162.16,162.84
2023-11-22,2023-11-23,SZ000625,1,0.9,0.974496644295302,0.9610738255033557,0.0,0.023676012461059104,0.0018292682926830395,0.09738283627510658,16.43,16.5,17.15,17.23,17.28,17.23
2023-11-22,2023-11-23,SZ300442,2,0.7666666666666666,0.9932885906040269,0.9892617449664429,0.0,0.010566037735849187,0.0011214953271028172,0.1941747572815533,26.78,26.66,26.39,26.24,25.99,26.05
2023-11-22,2023-11-23,SH600566,3,0.7333333333333334,0.9489932885906041,0.934228187919463,0.0,0.011463250168577188,0.001335113484646211,0.08433333333333337,30.0,30.29,30.52,30.17,30.02,30.2
2023-11-22,2023-11-23,SH600161,4,0.5666666666666667,0.8953020134228188,0.87248322147651,0.0,0.006247944755014778,0.003937007874015741,0.0915032679738561,30.6,30.55,30.6,30.57,30.47,30.43
2023-11-22,2023-11-23,SZ000009,5,0.5333333333333333,0.9516778523489933,0.9369127516778524,0.0,0.006890611541774394,0.0008561643835616195,0.09666381522668965,11.69,11.6,11.67,11.65,11.63,11.56
2023-11-24,2023-11-27,SH603939,1,0.9047619047619048,0.9664429530201343,0.9557046979865772,0.0,0.016468682505399457,0.006146445750935259,0.0786188579017264,37.65,37.96,37.97,37.9,38.13,37.87
2023-11-24,2023-11-27,SZ300482,2,0.7301587301587302,0.9892617449664429,0.9838926174496644,0.0,0.0009940357852882276,0.013078470824949617,0.19000331016219807,30.21,29.51,30.15,29.86,29.69,29.81
2023-11-24,2023-11-27,SH600380,3,0.7301587301587302,0.9302013422818792,0.9060402684563759,0.0,0.015212169735788539,0.0031645569620253333,0.08596214511041,12.68,12.68,12.46,12.55,12.47,12.44
2023-11-24,2023-11-27,SH600566,4,0.6825396825396824,0.978523489932886,0.9664429530201343,0.0,0.04091653027823239,0.0006293266205159576,0.056918238993710624,31.8,31.8,30.81,31.3,30.94,30.91
2023-11-24,2023-11-27,SZ002156,5,0.6825396825396824,0.9583892617449664,0.9463087248322147,0.0,0.004484304932735439,0.005837449483610202,0.09419642857142874,22.4,22.35,22.35,22.35,22.42,22.26
2023-11-27,2023-11-28,SZ300212,1,0.981981981981982,1.0,0.9986577181208054,0.0,0.05914123683499861,0.007449267916773694,0.1440591534931157,39.22,37.3,36.07,36.46,35.84,36.07
2023-11-27,2023-11-28,SH600399,2,0.954954954954955,0.9879194630872483,0.9812080536912752,0.0,0.0552712384851588,0.008806262230919737,0.05237633365664385,10.31,10.3,10.19,10.17,10.18,10.2
2023-11-27,2023-11-28,SZ300482,3,0.9099099099099099,0.9919463087248322,0.9865771812080537,0.0,0.04201965435445598,0.004573668735707415,0.1730081300813009,30.75,30.15,30.67,30.64,30.62,30.87
2023-11-27,2023-11-28,SZ300748,4,0.8018018018018017,0.9677852348993289,0.9570469798657718,0.0,0.029152915291529302,0.004294149221685473,0.1769107429182255,18.71,18.67,18.58,18.75,18.8,18.75
2023-11-27,2023-11-28,SZ002409,5,0.7747747747747749,0.9288590604026845,0.9087248322147651,0.0,0.05210084033613449,0.00433178244825938,0.05894568690095858,62.6,62.1,62.55,62.29,62.54,62.58
2023-12-12,2023-12-13,SH601156,1,0.888888888888889,0.9919354838709677,1.0,1.0,0.012434554973822065,0.0038935756002596023,0.08338720103426,15.47,15.48,15.64,15.76,15.72,15.84
2023-12-12,2023-12-13,SH600350,2,0.8333333333333334,0.9314516129032258,0.918010752688172,0.0,0.011510791366906581,0.004285714285714226,0.09246088193456603,7.03,6.99,7.05,7.04,7.03,7.05
2023-12-12,2023-12-13,SZ300257,3,0.7962962962962963,0.9811827956989247,0.9704301075268817,0.0,0.02425015954052334,0.002498438475952547,0.17071651090342677,16.05,16.01,15.95,15.9,15.84,15.8
2023-12-12,2023-12-13,SH600377,4,0.7592592592592592,0.928763440860215,0.9153225806451613,0.0,0.015444015444015413,0.0028598665395613843,0.09125475285171114,10.52,10.48,10.6,10.56,10.54,10.56
2023-12-12,2023-12-13,SH600566,5,0.6851851851851851,0.9932795698924731,0.9852150537634409,0.0,0.0063331222292590805,0.002523659305993853,0.08904971680302065,31.78,31.76,31.89,31.87,31.85,31.92
2023-12-13,2023-12-14,SH601158,1,0.787878787878788,0.9139784946236559,0.8978494623655914,0.0,0.010309278350515427,0.0034129692832762792,0.08843537414965996,5.88,5.84,5.83,5.82,5.84,5.84
2023-12-13,2023-12-14,SZ002050,2,0.7575757575757575,0.8790322580645161,0.8629032258064516,0.0,0.028739612188365626,0.005754908598510466,0.0720296196566812,29.71,29.44,29.52,29.45,29.39,29.61
2023-12-13,2023-12-14,SH600377,3,0.6363636363636364,0.9422043010752689,0.9301075268817204,0.0,0.004770992366412097,0.0019029495718363432,0.09971509971509973,10.53,10.5,10.42,10.39,10.44,10.46
2023-12-13,2023-12-14,SH600642,4,0.6363636363636364,0.9233870967741935,0.9112903225806451,0.0,0.006379585326953707,0.0015873015873015817,0.09350237717908105,6.31,6.29,6.25,6.26,6.28,6.28
2023-12-13,2023-12-14,SH603826,5,0.6060606060606061,0.9865591397849462,0.9811827956989247,0.0,0.00983169471754719,0.00016504373659009808,0.09257425742574243,60.6,60.63,60.64,60.76,60.65,60.79
2023-12-14,2023-12-15,SH600373,1,0.9047619047619048,0.9879194630872483,0.9838926174496644,0.0,0.020905923344947785,0.0020519835841315004,0.07235494880546067,14.65,14.73,14.64,14.44,14.42,14.41
2023-12-14,2023-12-15,SZ000983,2,0.8571428571428571,0.9664429530201343,0.959731543624161,0.0,0.013958125623130702,0.002958579881656709,0.09046214355948878,10.17,10.14,10.05,10.04,10.07,10.09
2023-12-14,2023-12-15,SZ002203,3,0.5714285714285714,0.9060402684563759,0.8953020134228188,0.0,0.0072727272727273196,0.0009033423667570428,0.08844765342960303,11.08,11.12,11.11,11.19,11.16,11.13
2023-12-14,2023-12-15,SH601233,4,0.5238095238095238,0.8966442953020134,0.8832214765100671,0.0,0.005528680027643507,0.0013764624913972234,0.09484536082474215,14.55,14.6,14.67,14.64,14.57,14.5
2023-12-14,2023-12-15,SZ002432,5,0.4761904761904762,0.8590604026845637,0.8442953020134228,0.0,0.005270092226613787,0.0036832412523020164,0.10091743119266061,38.15,38.0,38.07,38.2,38.06,37.92
2023-12-15,2023-12-18,SZ000156,1,0.8666666666666667,0.9557046979865772,0.9489932885906041,0.0,0.010830324909747224,0.0023866348448686736,0.09047619047619038,8.4,8.37,8.36,8.34,8.36,8.39
2023-12-15,2023-12-18,SZ300251,2,0.6666666666666666,0.9033557046979865,0.8899328859060402,0.0,0.009411764705882453,0.002336448598130758,0.18881118881118875,8.58,8.55,8.51,8.49,8.52,8.5
2023-12-15,2023-12-18,SH600378,3,0.6,0.8778523489932886,0.8630872483221477,0.0,0.014210178453403888,0.0009784735812132794,0.08113391984359719,30.69,30.64,30.4,30.23,30.24,30.5
2023-12-15,2023-12-18,SH600150,4,0.5333333333333333,0.9718120805369127,0.9651006711409396,0.0,0.008044770898915754,0.0003471017007983246,0.09125607217210274,28.82,28.71,28.57,28.55,28.66,28.86
2023-12-15,2023-12-18,SZ002867,5,0.3333333333333333,0.8711409395973154,0.8563758389261745,0.0,0.002609262883235486,0.001955671447196883,0.09889394925178929,15.37,15.43,15.35,15.41,15.45,15.44
2023-12-26,2023-12-27,SZ002867,1,0.7619047619047619,0.8805369127516779,0.8657718120805369,0.0,0.01620220349967605,0.007712082262210762,0.08035714285714302,15.68,15.61,15.34,15.27,15.21,15.23
2023-12-26,2023-12-27,SH600820,2,0.6904761904761904,0.9530201342281879,0.9140939597315436,0.0,0.003527336860670305,0.003527336860670305,0.10017574692442865,5.69,5.69,5.72,5.7,5.69,5.66
2023-12-26,2023-12-27,SZ000408,3,0.6904761904761904,0.8966442953020134,0.8805369127516779,0.0,0.0068742418115648185,0.004437273093989447,0.09277108433734949,24.9,24.95,24.82,24.71,24.63,24.6
2023-12-26,2023-12-27,SH600941,4,0.6428571428571429,0.9677852348993289,0.9570469798657718,0.0,0.021160122118117686,0.00010310341272301571,0.08072164948453597,97.0,96.69,97.8,97.83,97.78,97.0
2023-12-26,2023-12-27,SH600642,5,0.619047619047619,0.9838926174496644,0.9798657718120806,0.0,0.0031007751937983663,0.001547987616099089,0.09891808346213304,6.47,6.48,6.49,6.46,6.46,6.46
2023-12-28,2023-12-29,SZ300308,1,0.761904761904762,0.9959731543624161,0.9919463087248322,0.0,0.01627994011976064,0.004160118332254825,0.18357576873503967,108.62,109.11,112.29,115.1,113.61,113.84
2023-12-28,2023-12-29,SZ002831,2,0.7380952380952381,0.8496644295302014,0.8389261744966443,0.0,0.029242016160061723,0.005261180007515964,0.07214953271028035,26.75,26.86,27.05,27.01,27.12,27.12
2023-12-28,2023-12-29,SZ000027,3,0.6666666666666666,0.8469798657718121,0.836241610738255,0.0,0.016393442622950838,0.013071895424836555,0.08709677419354844,6.2,6.22,6.14,6.13,6.16,6.16
2023-12-28,2023-12-29,SH600845,4,0.6428571428571428,1.0,0.9959731543624161,0.0,0.008949011446409916,0.0031036623215394687,0.08993399339934016,48.48,48.45,48.41,48.51,48.3,48.25
2023-12-28,2023-12-29,SH600499,5,0.6190476190476191,0.8523489932885906,0.8416107382550335,0.0,0.046719681908548694,0.0019029495718363432,0.05128205128205132,10.53,10.54,10.53,10.52,10.48,10.56
2023-12-29,2024-01-02,SZ300308,1,0.935483870967742,0.9973154362416108,0.9919463087248322,0.0,0.034643937310970596,0.00266453503863584,0.15873859509256794,112.89,112.85,111.4,112.19,112.91,112.39
2023-12-29,2024-01-02,SZ300115,2,0.8494623655913979,0.938255033557047,0.9167785234899329,0.0,0.04660347551342814,0.004548900682335155,0.15094339622641506,13.25,13.35,13.01,13.17,13.23,13.13
2023-12-29,2024-01-02,SH601058,3,0.7956989247311826,0.9771812080536912,0.963758389261745,0.0,0.013733905579399242,0.002546689303905003,0.08213378492802703,11.81,11.74,11.8,11.77,11.72,11.7
2023-12-29,2024-01-02,SH600582,4,0.7634408602150536,0.9114093959731544,0.8859060402684564,0.0,0.018656716417910335,0.009242144177449063,0.08058608058608074,5.46,5.46,5.45,5.49,5.48,5.52
2023-12-29,2024-01-02,SZ300832,5,0.7419354838709679,0.9879194630872483,0.9758389261744966,0.0,0.008406621831350325,0.0025716857400026605,0.1899448505835577,77.97,78.35,77.52,77.54,77.17,77.12
2024-01-02,2024-01-03,SZ300979,1,0.7866666666666666,0.9919463087248322,0.9838926174496644,0.0,0.014979142965491077,0.01229198184568836,0.18008593312161403,53.53,53.24,52.7,52.31,52.25,52.37
2024-01-02,2024-01-03,SH603939,2,0.7600000000000001,0.9114093959731544,0.8845637583892617,0.0,0.04183168316831698,0.006456241032998689,0.04632929436920863,42.09,42.06,42.35,42.35,42.18,41.92
2024-01-02,2024-01-03,SH600348,3,0.6933333333333334,0.974496644295302,0.959731543624161,0.0,0.06269270298047269,0.0009680542110357404,0.03868471953578334,10.34,10.27,10.26,10.25,10.27,10.36
2024-01-02,2024-01-03,SH603225,4,0.6533333333333333,1.0,0.9946308724832215,0.0,0.00635144671841914,0.002812939521800173,0.09537166900420746,14.26,14.2,14.13,14.07,14.17,14.26
2024-01-02,2024-01-03,SH600435,5,0.6533333333333333,0.8791946308724832,0.851006711409396,0.0,0.03653355989804585,0.00411522633744843,0.058196721311475574,12.2,12.1,12.12,12.1,12.06,12.32
2024-01-04,2024-01-05,SZ300017,1,0.8684210526315789,0.9832635983263598,0.9693165969316597,0.0,0.017654476670870167,0.003731343283582156,0.18463444857496913,8.07,8.03,8.02,8.07,8.02,7.98
2024-01-04,2024-01-05,SH601717,2,0.850877192982456,0.9651324965132496,0.9511854951185496,0.0,0.017884914463452528,0.004604758250191798,0.07792207792207795,13.09,13.09,13.18,13.25,13.33,13.23
2024-01-04,2024-01-05,SH600985,3,0.8070175438596491,0.9679218967921897,0.9553695955369595,0.0,0.01412429378531077,0.0056022408963585235,0.08189415041782744,17.95,17.85,17.91,17.86,17.82,17.85
2024-01-04,2024-01-05,SH601898,4,0.7719298245614036,0.9414225941422594,0.9205020920502092,0.0,0.023414634146341484,0.003827751196172402,0.07626310772163958,10.49,10.41,10.61,10.59,10.53,10.54
2024-01-04,2024-01-05,SH601985,5,0.7368421052631579,0.9916317991631799,0.9776847977684798,0.0,0.0063131313131312705,0.0037783375314861534,0.09786700125470515,7.97,7.96,7.9,7.92,7.89,7.97
2024-01-15,2024-01-16,SH601225,1,0.9215686274509803,0.994413407821229,0.9832402234636871,0.0,0.024988844265952714,0.0026189436927106513,0.07749238136700054,22.97,22.84,22.78,22.78,22.78,22.87
2024-01-15,2024-01-16,SZ000301,2,0.7549019607843137,0.9622905027932961,0.9441340782122905,0.0,0.011640211640211673,0.00525762355415349,0.10669456066945604,9.56,9.5,9.62,9.59,9.58,9.58
2024-01-15,2024-01-16,SZ002353,3,0.7352941176470589,0.9287709497206704,0.9050279329608939,0.0,0.019061066007765692,0.0027787426189649356,0.08278489781780407,28.87,28.73,28.8,28.77,28.95,28.95
2024-01-15,2024-01-16,SH600803,4,0.7156862745098039,0.9692737430167597,0.9497206703910615,0.0,0.02422535211267607,0.0011013215859030367,0.07645764576457648,18.18,18.08,18.24,18.34,18.33,18.37
2024-01-15,2024-01-16,SZ300017,5,0.7156862745098039,0.9581005586592178,0.9399441340782123,0.0,0.043050430504304904,0.001180637544273777,0.15919811320754707,8.48,8.46,8.46,8.38,8.41,8.43
2024-01-25,2024-01-26,SH600970,1,0.9150326797385621,0.9972144846796658,0.9916317991631799,0.0,0.085576923076923,0.004448398576512469,0.021257750221434835,11.29,11.19,11.05,10.97,10.89,10.87
2024-01-25,2024-01-26,SH601390,2,0.9084967320261437,0.9693593314763231,0.9553695955369595,0.0,0.08026755852842804,0.006230529595015577,0.026315789473684292,6.46,6.41,6.35,6.34,6.31,6.28
2024-01-25,2024-01-26,SH600373,3,0.8627450980392156,0.958217270194986,0.9400278940027894,0.0,0.06904400606980277,0.005710206995003464,0.029808374733853782,14.09,13.95,13.84,13.89,13.89,13.93
2024-01-25,2024-01-26,SH601598,4,0.7712418300653594,0.9345403899721448,0.9163179916317992,0.0,0.0626151012891345,0.00522648083623678,0.032928942807625816,5.77,5.77,5.79,5.78,5.76,5.78
2024-01-25,2024-01-26,SH601186,5,0.7647058823529411,0.8899721448467967,0.8716875871687587,0.0,0.07604562737642584,0.009512485136742077,0.008244994110718551,8.49,8.4,8.42,8.43,8.39,8.37
2024-01-26,2024-01-29,SH600011,1,0.9102564102564102,0.9484679665738162,0.9246861924686193,0.0,0.02893518518518512,0.00679501698754259,0.07536557930258714,8.89,8.9,8.89,8.86,8.86,8.95
2024-01-26,2024-01-29,SH600373,2,0.8333333333333334,0.9972144846796658,0.9846582984658299,0.0,0.022222222222222365,0.0021082220660575413,0.0841514726507715,14.26,14.2,14.55,14.47,14.39,14.47
2024-01-26,2024-01-29,SZ002756,3,0.7692307692307692,0.947075208913649,0.9232914923291492,0.0,0.01591923898272185,0.0077026766801462365,0.09096120772023708,52.33,52.0,50.56,49.99,49.44,49.66
2024-01-26,2024-01-29,SH600499,4,0.7564102564102564,0.9401114206128134,0.9860529986052998,1.0,0.017211703958692093,0.004248088360238045,0.08544839255499159,11.82,11.45,11.52,11.39,11.33,11.42
2024-01-26,2024-01-29,SH600036,5,0.6794871794871794,0.9860724233983287,0.9721059972105998,0.0,0.0064683053040104355,0.003223726627981982,0.0922236503856042,31.12,31.2,31.45,31.21,31.31,31.38
2024-01-31,2024-02-01,SH600011,1,0.9333333333333332,0.9735376044568245,0.9637883008356546,0.0,0.057485029940119725,0.010297482837528626,0.09060022650056632,8.83,8.68,8.58,8.61,8.55,8.45
2024-01-31,2024-02-01,SH601088,2,0.8431372549019608,0.9805013927576601,0.9707520891364902,0.0,0.048883865498728474,0.005962059620596261,0.059806034482758896,37.12,36.85,36.77,36.94,36.78,36.47
2024-01-31,2024-02-01,SZ003816,3,0.8392156862745098,0.9958217270194986,0.9902506963788301,0.0,0.04958677685950419,0.005277044854881341,0.05774278215223094,3.81,3.77,3.79,3.74,3.72,3.66
2024-01-31,2024-02-01,SH600373,4,0.823529411764706,0.9373259052924791,0.9498607242339833,1.0,0.051042415528396834,0.008275862068965356,0.05129958960328307,14.62,14.18,14.15,13.87,13.88,13.7
2024-01-31,2024-02-01,SH600970,5,0.811764705882353,0.9972144846796658,0.9916434540389972,0.0,0.016438356164383716,0.007239819004524861,0.09344115004492348,11.13,10.91,10.78,10.7,10.76,10.82
2024-02-08,2024-02-19,SH600673,1,0.9166666666666666,0.958217270194986,0.935933147632312,0.0,0.03600000000000003,0.01171875,0.05791505791505802,7.77,7.93,7.56,7.72,7.66,7.58
2024-02-08,2024-02-19,SZ300308,2,0.7619047619047619,1.0,1.0,0.0,0.004392156862745189,0.011053213327017364,0.16765578635014844,128.06,138.0,137.96,135.2,138.72,137.1
2024-02-08,2024-02-19,SH601601,3,0.6904761904761904,0.967966573816156,0.9484679665738162,0.0,0.0030864197530864335,0.00853374709076804,0.08846153846153859,26.0,26.0,25.91,26.14,26.19,25.93
2024-02-08,2024-02-19,SH600009,4,0.6785714285714285,0.9261838440111421,0.9011142061281338,0.0,0.010916403332375646,0.005428571428571338,0.08326229042341571,35.19,36.0,35.63,35.34,35.4,35.22
2024-02-08,2024-02-19,SH600600,5,0.6547619047619048,0.924791086350975,0.8997214484679665,0.0,0.007792207792207684,0.007530511555440045,0.08840206185567001,77.6,78.56,77.99,77.4,77.62,77.64
2024-02-19,2024-02-20,SZ002867,1,0.8115942028985508,0.9846796657381616,0.9693593314763231,0.0,0.028491620111732008,0.004364429896345001,0.06083650190114076,18.41,18.17,18.42,18.34,18.37,18.36
2024-02-19,2024-02-20,SZ003816,2,0.7318840579710145,0.9637883008356546,0.9401114206128134,0.0,0.03200000000000003,0.002590673575129543,0.06718346253229979,3.87,3.88,3.87,3.89,3.92,3.97
2024-02-19,2024-02-20,SZ000157,3,0.6884057971014492,0.9958217270194986,0.9888579387186629,0.0,0.01804123711340222,0.002538071065989911,0.07721518987341769,7.9,7.91,7.96,7.97,8.02,8.12
2024-02-19,2024-02-20,SH603195,4,0.6884057971014492,0.9164345403899722,0.8899721448467967,0.0,0.015241748258806975,0.011159143460339749,0.08003579240405645,100.58,100.0,99.98,99.46,100.1,99.87
2024-02-19,2024-02-20,SH601288,5,0.681159420289855,0.9066852367688022,0.8788300835654597,0.0,0.027707808564231717,0.0049261083743843415,0.06862745098039214,4.08,4.08,4.08,4.06,4.09,4.09
2024-02-20,2024-02-21,SZ300308,1,0.9548022598870056,1.0,1.0,1.0,0.03300653594771252,0.009388172180355037,0.15710218285352728,158.05,152.0,152.9,153.1,153.8,150.48
2024-02-20,2024-02-21,SH601156,2,0.8926553672316384,0.979108635097493,0.9526462395543176,0.0,0.04601226993865026,0.004714201532115547,0.06392961876832848,17.05,16.8,16.89,17.0,16.88,17.02
2024-02-20,2024-02-21,SH603156,3,0.864406779661017,0.9763231197771588,0.9498607242339833,0.0,0.027291242362525336,0.006384676775738285,0.08207771609833459,25.22,25.0,25.17,24.95,25.03,25.32
2024-02-20,2024-02-21,SH603885,4,0.8587570621468927,0.9428969359331476,0.9206128133704735,0.0,0.03143712574850288,0.007309941520467822,0.07764876632801165,13.78,13.66,13.62,13.58,13.64,13.63
2024-02-20,2024-02-21,SH600282,5,0.8192090395480226,0.9303621169916435,0.9080779944289693,0.0,0.036674816625916984,0.004739336492891155,0.0589622641509433,4.24,4.18,4.19,4.18,4.15,4.17
2024-02-21,2024-02-22,SH603369,1,0.8596491228070176,0.9484679665738162,0.9233983286908078,0.0,0.07725409836065578,0.004778287461773667,0.029674719421723506,52.57,51.99,51.68,52.31,51.99,52.68
2024-02-21,2024-02-22,SH600809,2,0.7719298245614036,0.8913649025069638,0.8593314763231198,0.0,0.052511210762331784,0.006906906906906984,0.04592901878914413,234.71,232.97,231.31,232.45,231.49,232.69
2024-02-21,2024-02-22,SH601186,3,0.736842105263158,0.9637883008356546,0.9401114206128134,0.0,0.03664302600472791,0.0022857142857142243,0.06271379703534796,8.77,8.64,8.7,8.69,8.76,8.67
2024-02-21,2024-02-22,SH600048,4,0.736842105263158,0.8844011142061281,0.8523676880222841,0.0,0.03893442622950838,0.0049554013875123815,0.07001972386587751,10.14,9.99,10.02,10.0,10.0,10.0
2024-02-21,2024-02-22,SH601628,5,0.7368421052631579,0.9930362116991643,0.9860724233983287,0.0,0.03442622950819674,0.0019053667831057108,0.06656101426307437,31.55,31.25,31.15,31.11,31.31,31.21
2024-02-22,2024-02-23,SH600546,1,0.8070175438596491,0.9387186629526463,0.9080779944289693,0.0,0.03741670937980501,0.0049652432969213844,0.06324110671936767,20.24,20.22,20.14,19.98,19.89,19.79
2024-02-22,2024-02-23,SH600282,2,0.7368421052631579,0.9749303621169917,0.9540389972144847,0.0,0.007194244604316502,0.004784688995215447,0.09523809523809512,4.2,4.15,4.19,4.19,4.18,4.16
2024-02-22,2024-02-23,SH601628,3,0.6929824561403509,0.9958217270194986,0.9902506963788301,0.0,0.007360000000000033,0.002547770700636942,0.09498094027954251,31.48,31.57,31.47,31.53,31.64,31.6
2024-02-22,2024-02-23,SH600985,4,0.6754385964912281,0.8593314763231198,0.8175487465181058,0.0,0.06947368421052635,0.0034567901234567877,0.02952755905511828,20.32,20.18,20.22,20.08,20.01,19.85
2024-02-22,2024-02-23,SZ003816,5,0.6666666666666666,0.9818941504178273,0.9623955431754875,0.0,0.007633587786259444,0.0025316455696202667,0.0984848484848484,3.96,3.96,3.96,3.97,3.98,3.94
2024-02-23,2024-02-26,SH600160,1,0.9375,0.9986072423398329,0.9916434540389972,0.0,0.02455242966751925,0.005522088353413723,0.0639041437843233,20.03,20.17,20.98,21.12,21.17,20.67
2024-02-23,2024-02-26,SH603993,2,0.8541666666666666,0.9749303621169917,0.9512534818941504,0.0,0.03583061889250816,0.003154574132492094,0.061320754716981174,6.36,6.32,6.31,6.36,6.36,6.32
2024-02-23,2024-02-26,SH601168,3,0.7708333333333334,0.9693593314763231,0.9456824512534819,0.0,0.02402402402402415,0.002941176470588225,0.06392961876832848,17.05,16.98,16.79,16.95,16.95,16.73
2024-02-23,2024-02-26,SZ300418,4,0.6875,0.9596100278551533,0.9331476323119777,0.0,0.006174427579109798,0.011116856256463192,0.1723344413193557,39.11,38.78,38.73,38.68,39.01,39.05
2024-02-23,2024-02-26,SH603379,5,0.6458333333333334,0.9958217270194986,0.9972144846796658,1.0,0.02204545454545448,0.00044493882091201087,0.06849010451412041,44.97,45.0,46.5,46.69,46.75,45.89
2024-02-26,2024-02-27,SH603379,1,0.8703703703703703,0.9986072423398329,1.0,1.0,0.020000000000000018,0.007020623080298494,0.07864923747276698,45.9,46.2,46.03,45.88,45.54,45.53
2024-02-26,2024-02-27,SH600160,2,0.7407407407407408,1.0,0.9958217270194986,0.0,0.01041150223103604,0.003446578040374293,0.08292443572129549,20.38,20.37,20.52,20.39,20.26,20.21
2024-02-26,2024-02-27,SH600096,3,0.7407407407407408,0.9623955431754875,0.9317548746518106,0.0,0.008888888888888946,0.007210205213532994,0.09856828193832601,18.16,18.0,17.99,18.02,17.96,17.94
2024-02-26,2024-02-27,SZ002648,4,0.7222222222222222,0.9596100278551533,0.9289693593314763,0.0,0.010526315789473717,0.004307692307692346,0.08884803921568629,16.32,16.11,16.19,16.19,16.16,16.22
2024-02-26,2024-02-27,SH601699,5,0.6481481481481481,0.967966573816156,0.9456824512534819,0.0,0.00039077764751871413,0.016276300119094866,0.10234374999999996,25.6,25.25,25.6,25.73,25.78,26.08
2024-02-27,2024-02-28,SH601058,1,0.9807692307692308,0.9931787175989086,0.9777158774373259,0.0,0.05224429727740998,0.007751937984496138,0.06293706293706292,14.3,14.21,14.13,14.13,13.93,13.93
2024-02-27,2024-02-28,SH601608,2,0.8012820512820512,0.9781718963165075,0.958217270194986,0.0,0.012077294685990614,0.004796163069544557,0.09785202863961806,4.19,4.23,4.21,4.23,4.22,4.21
2024-02-27,2024-02-28,SH600150,3,0.7884615384615384,0.9481582537517054,0.9178272980501393,0.0,0.02541334966319675,0.004499100179963911,0.0794266945356823,33.49,33.74,33.48,33.78,34.1,34.55
2024-02-27,2024-02-28,SZ002690,4,0.717948717948718,0.927694406548431,0.8941504178272981,0.0,0.012067156348373631,0.005211047420531356,0.08812856402280977,19.29,19.48,19.5,19.51,19.45,19.77
2024-02-27,2024-02-28,SH601186,5,0.7115384615384616,0.9549795361527967,0.9261838440111421,0.0,0.007092198581560183,0.0059031877213693296,0.09507042253521125,8.52,8.5,8.52,8.53,8.55,8.55
2024-03-04,2024-03-05,SH600398,1,0.851063829787234,0.9631650750341064,0.9261838440111421,0.0,0.04142011834319548,0.010332950631458004,0.06931818181818183,8.8,8.76,8.71,8.75,8.76,8.74
2024-03-04,2024-03-05,SH600150,2,0.8014184397163121,0.9713506139154161,0.9345403899721448,0.0,0.04519774011299438,0.0046158023350530986,0.06027027027027021,37.0,36.56,37.14,37.07,37.2,37.08
2024-03-04,2024-03-05,SH600566,3,0.7872340425531915,0.984993178717599,0.9554317548746518,0.0,0.03442667389536447,0.004474861805738195,0.06892033542976939,38.16,38.0,38.18,38.65,38.81,39.15
2024-03-04,2024-03-05,SH600096,4,0.7659574468085107,0.9890859481582538,0.9637883008356546,0.0,0.030810810810810718,0.004212743549236508,0.0776088096486629,19.07,18.98,18.9,18.95,18.95,19.15
2024-03-04,2024-03-05,SZ300251,5,0.7659574468085105,0.9577080491132333,0.9192200557103064,0.0,0.03017689906347565,0.00917431192660545,0.1454545454545455,9.9,9.8,9.85,9.83,9.82,9.74
2024-03-05,2024-03-06,SH600660,1,0.9111111111111111,0.9304229195088677,0.8885793871866295,0.0,0.054772727272727195,0.005198180636777128,0.042232277526395245,46.41,46.1,45.9,45.85,45.85,45.58
2024-03-05,2024-03-06,SH600150,2,0.8666666666666667,0.9822646657571623,0.9484679665738162,0.0,0.024343544857768018,0.006179473401397129,0.08411214953271018,37.45,37.4,37.4,37.05,37.19,37.25
2024-03-05,2024-03-06,SZ000423,3,0.7999999999999999,0.8894952251023193,0.8314763231197771,0.0,0.03874634062338567,0.00920194077296288,0.06482095490716189,60.32,60.02,60.03,59.89,60.34,60.14
2024-03-05,2024-03-06,SH603993,4,0.6222222222222222,0.9249658935879945,0.8774373259052924,0.0,0.011146496815286566,0.004746835443037778,0.08818897637795287,6.35,6.33,6.31,6.32,6.32,6.33
2024-03-05,2024-03-06,SH601799,5,0.6222222222222222,0.8935879945429741,0.8356545961002786,0.0,0.012173437286280953,0.004888647474198704,0.09628378378378377,148.0,146.88,148.88,149.47,149.25,150.1
2024-03-06,2024-03-07,SH603806,1,0.8787878787878789,0.9795361527967258,0.9427012278308322,0.0,0.06052917723812978,0.0041180507892930596,0.03725222146274776,29.26,29.21,29.2,29.54,29.61,29.5
2024-03-06,2024-03-07,SZ301236,2,0.7575757575757577,1.0,0.9890859481582538,0.0,0.034022124817365995,0.0008080808080808133,0.15987081146548254,49.54,50.0,50.6,50.23,49.89,48.83
2024-03-06,2024-03-07,SZ002867,3,0.7575757575757575,0.9058663028649386,0.8472032742155525,0.0,0.02709744658676394,0.010769230769230864,0.07102993404363267,19.71,19.7,20.02,19.85,19.93,19.99
2024-03-06,2024-03-07,SZ002028,4,0.6969696969696969,0.9631650750341064,0.922237380627558,0.0,0.009703947368421062,0.005569205569205593,0.09040560351848836,61.39,60.94,61.18,61.48,61.25,61.27
2024-03-06,2024-03-07,SH601699,5,0.6363636363636364,0.937244201909959,0.8813096862210096,0.0,0.029616087751371145,0.0014224751066855834,0.0703125,28.16,27.97,28.06,28.02,28.19,28.16
2024-03-07,2024-03-08,SH600131,1,0.7037037037037037,0.965893587994543,0.9167803547066848,0.0,0.02002164502164505,0.0037273695420660946,0.0901856763925728,18.85,18.69,18.41,18.38,18.55,18.47
2024-03-07,2024-03-08,SZ300124,2,0.6666666666666666,0.9727148703956344,0.9249658935879945,0.0,0.00284431137724539,0.004649070185962723,0.19122257053291536,66.99,66.85,66.43,66.5,66.31,66.5
2024-03-07,2024-03-08,SH601699,3,0.6666666666666666,0.9536152796725784,0.9004092769440655,0.0,0.008580622095101909,0.004987531172069737,0.09890109890109877,28.21,28.38,27.85,27.78,27.61,27.6
2024-03-07,2024-03-08,SH600938,4,0.5555555555555555,0.9331514324693042,0.8717598908594816,0.0,0.037269372693726766,0.0017818959372772891,0.06047669868374239,28.11,28.4,28.14,28.39,28.27,28.21
2024-03-07,2024-03-08,SH601766,5,0.5185185185185185,0.9345156889495225,0.8731241473396999,0.0,0.014749262536873031,0.004379562043795637,0.08430232558139528,6.88,6.88,6.81,6.81,6.79,6.83
2024-03-12,2024-03-13,SZ300212,1,0.8888888888888888,0.9809004092769441,0.9358799454297408,0.0,0.057037037037037,0.0028109627547434624,0.13910301331464603,28.54,28.2,28.4,28.3,28.53,27.97
2024-03-12,2024-03-13,SZ301029,2,0.8333333333333334,0.9986357435197817,0.9918144611186903,0.0,0.03035714285714297,0.0027806743135210255,0.1736568457538994,28.85,28.5,28.34,28.34,28.36,28.46
2024-03-12,2024-03-13,SZ300496,3,0.7222222222222222,0.946793997271487,0.8635743519781719,0.0,0.019344262295081904,0.0035506778566816166,0.17449340623994858,62.18,62.74,62.22,62.41,62.53,61.94
2024-03-12,2024-03-13,SH603486,4,0.6944444444444443,0.9549795361527967,0.8758526603001364,0.0,0.034589571502323,0.0012490632025978776,0.05813373253493004,40.08,40.05,40.01,39.67,39.7,39.78
2024-03-12,2024-03-13,SZ300088,5,0.6111111111111112,0.922237380627558,0.8335607094133697,0.0,0.009090909090909038,0.0036166365280287938,0.1855855855855857,5.55,5.56,5.53,5.52,5.51,5.52
2024-03-13,2024-03-14,SZ000625,1,0.8333333333333334,0.965893587994543,0.8949522510231923,0.0,0.05329949238578702,0.0006027727546715766,0.056024096385542066,16.6,16.82,16.72,16.78,16.91,16.76
2024-03-13,2024-03-14,SZ300438,2,0.6666666666666666,0.8854024556616644,0.9795361527967258,1.0,0.01845699520118127,0.01284875183553602,0.16129032258064524,27.59,27.4,27.21,27.3,27.52,27.5
2024-03-13,2024-03-14,SZ002709,3,0.6111111111111112,0.82537517053206,0.903137789904502,1.0,0.029490616621983934,0.0039215686274509665,0.08333333333333348,23.04,22.98,23.0,23.14,23.15,22.85
2024-03-13,2024-03-14,SZ300919,4,0.5555555555555556,0.9208731241473397,0.8076398362892224,0.0,0.032857679309050036,0.00018181818181806086,0.16706053444828228,55.01,54.81,54.46,54.76,54.89,54.55
2024-03-13,2024-03-14,SZ300014,5,0.4444444444444444,0.9495225102319236,0.859481582537517,0.0,0.004279600570613384,0.00023679848448976415,0.20596590909090895,42.24,42.15,42.28,42.38,42.94,42.67
2024-03-14,2024-03-15,SZ300474,1,0.9682539682539683,1.0,1.0,0.0,0.08156028368794344,0.011273209549071517,0.14633879781420767,91.5,91.83,90.93,90.79,91.9,89.64
2024-03-14,2024-03-15,SZ301236,2,0.8571428571428571,0.9986357435197817,0.9972714870395635,0.0,0.014095385209500044,0.011361448103216043,0.19935262757044936,52.52,53.2,52.07,52.43,52.69,52.55
2024-03-14,2024-03-15,SZ002409,3,0.8095238095238094,0.9836289222373806,0.9795361527967258,1.0,0.015887850467289688,0.00872308834446911,0.09751609935602579,54.35,54.0,53.47,53.36,53.16,53.41
2024-03-14,2024-03-15,SZ300212,4,0.746031746031746,0.9959072305593452,0.9713506139154161,0.0,0.02166064981949467,0.004258339247693366,0.19081272084805656,28.3,27.88,28.08,27.61,27.4,27.4
2024-03-14,2024-03-15,SH600131,5,0.6507936507936508,0.9618008185538881,0.9099590723055935,0.0,0.02155625657202953,0.004653567735263708,0.09418425115800311,19.43,19.49,19.3,19.21,19.28,19.26
2024-03-15,2024-03-18,SZ301029,1,0.903954802259887,0.9972714870395635,0.9863574351978172,0.0,0.036416605972323435,0.009219858156028327,0.17006324666198158,28.46,28.6,28.35,28.15,28.65,28.53
2024-03-15,2024-03-18,SZ300496,2,0.8531073446327683,0.9645293315143247,0.9140518417462483,0.0,0.04297520661157028,0.012841091492777013,0.15499207606973053,63.1,63.8,62.95,62.46,62.98,62.38
2024-03-15,2024-03-18,SH600839,3,0.8022598870056497,0.984993178717599,0.984993178717599,1.0,0.01697792869269965,0.010118043844856706,0.10016694490818034,5.99,6.2,6.19,6.25,6.23,6.08
2024-03-15,2024-03-18,SH600580,4,0.7966101694915254,0.9699863574351978,0.9195088676671214,0.0,0.01870615744349191,0.015540015540015606,0.0589135424636571,13.07,13.8,14.45,14.45,14.45,14.45
2024-03-15,2024-03-18,SZ300251,5,0.768361581920904,0.9740791268758526,0.9236016371077762,0.0,0.02134471718249742,0.007368421052631691,0.1859979101358411,9.57,9.6,9.61,9.54,9.57,9.49
2024-03-18,2024-03-19,SH600839,1,0.954248366013072,0.9877216916780355,0.984993178717599,1.0,0.040322580645161255,0.0556464811783961,0.03875968992248069,6.45,6.21,6.18,6.16,6.17,6.22
2024-03-18,2024-03-19,SH600418,2,0.8954248366013072,0.956343792633015,0.9699863574351978,1.0,0.0517045454545455,0.00707290533188254,0.01836844948676397,18.51,18.7,18.83,18.86,18.88,18.83
2024-03-18,2024-03-19,SH600131,3,0.7843137254901961,0.9536152796725784,0.9085948158253752,0.0,0.02905441098785011,0.004641567818463033,0.07700205338809041,19.48,19.27,19.39,19.35,19.36,19.49
2024-03-18,2024-03-19,SZ000625,4,0.7712418300653594,0.9809004092769441,0.9440654843110505,0.0,0.039766081871345005,0.0022547914317927464,0.04105736782902136,17.78,17.83,17.61,17.51,17.64,17.61
2024-03-18,2024-03-19,SZ300502,5,0.738562091503268,0.9440654843110505,0.990450204638472,1.0,0.0332467532467533,0.003152187618207014,0.16113624937154336,79.56,77.3,78.02,76.51,76.8,76.52
2024-03-19,2024-03-20,SZ002273,1,0.7833333333333333,0.984993178717599,0.9795361527967258,1.0,0.04265734265734267,0.0026899798251514007,0.04493628437290398,14.91,14.83,15.14,14.84,14.97,15.17
2024-03-19,2024-03-20,SH600362,2,0.6833333333333332,0.9740791268758526,0.9345156889495225,0.0,0.0057017543859647635,0.0035010940919035782,0.1037941561273441,22.93,22.6,22.43,22.54,22.55,22.62
2024-03-19,2024-03-20,SZ300454,3,0.6833333333333332,0.8840381991814461,0.8281036834924966,0.0,0.06363636363636371,0.007360088876545046,0.1284808381582574,72.54,75.0,77.69,76.5,76.2,75.5
2024-03-19,2024-03-20,SZ000878,4,0.6666666666666666,0.9699863574351978,0.9304229195088677,0.0,0.009848484848484995,0.003009781790820343,0.09152288072018,13.33,13.35,13.06,13.16,13.16,13.26
2024-03-19,2024-03-20,SZ300604,5,0.6666666666666666,0.9413369713506139,0.8922237380627558,0.0,0.04390243902439028,0.0034385745545484347,0.15140186915887854,32.1,32.11,33.15,33.29,32.86,33.87
2024-03-21,2024-03-22,SZ000625,1,0.9696969696969697,0.9849726775956285,0.9617486338797814,0.0,0.0537572254335259,0.004961411245865577,0.04827207899067476,18.23,18.01,17.86,17.9,17.89,17.99
2024-03-21,2024-03-22,SZ300433,2,0.787878787878788,0.9098360655737705,0.860655737704918,0.0,0.015544041450777257,0.011053795136330091,0.17055393586005807,13.72,13.51,13.58,13.49,13.54,13.53
2024-03-21,2024-03-22,SZ002850,3,0.6363636363636364,0.9453551912568307,0.9726775956284153,1.0,0.0017601501994837232,0.0017601501994837232,0.1031978446761157,85.37,84.73,84.2,84.15,83.72,83.22
2024-03-21,2024-03-22,SZ002422,4,0.6363636363636364,0.9289617486338798,0.8879781420765027,0.0,0.012922465208747624,0.0009823182711199419,0.08374223094537125,30.57,30.38,30.51,30.35,30.2,30.0
2024-03-21,2024-03-22,SH603606,5,0.6060606060606061,0.8688524590163934,0.8101092896174863,0.0,0.03141711229946509,0.0012978585334200154,0.052711168718945656,46.29,46.0,46.25,45.88,45.9,45.68
2024-04-01,2024-04-02,SZ002532,1,0.8176100628930817,0.9795361527967258,0.9645293315143247,0.0,0.03148425787106457,0.004379562043795637,0.053779069767441845,6.88,6.8,6.85,6.84,6.88,6.91
2024-04-01,2024-04-02,SZ300529,2,0.7861635220125787,0.903137789904502,0.8731241473396999,0.0,0.032838506522717026,0.020444444444444487,0.16202090592334484,22.96,22.75,23.1,23.08,23.14,23.33
2024-04-01,2024-04-02,SH600066,3,0.7672955974842767,0.9236016371077762,0.8949522510231923,0.0,0.04949999999999988,0.003825920612147149,0.04144830871843741,20.99,21.9,22.2,21.64,22.08,21.81
2024-04-01,2024-04-02,SZ000625,4,0.7547169811320754,0.9686221009549796,0.9481582537517054,0.0,0.055291319857312615,0.0022586109542630517,0.04112676056338027,17.75,17.69,17.71,17.65,17.59,17.64
2024-04-01,2024-04-02,SZ000975,5,0.7484276729559749,0.9877216916780355,0.975443383356071,0.0,0.012520413718018597,0.007583965330444142,0.06989247311827951,18.6,18.3,18.33,18.37,18.29,18.37
2024-04-02,2024-04-03,SZ300073,1,0.9523809523809524,0.9795361527967258,0.9631650750341064,0.0,0.047526673132880726,0.0032512772875057383,0.1293981481481481,43.2,43.0,44.5,46.9,45.15,45.07
2024-04-02,2024-04-03,SZ000883,2,0.7380952380952381,0.9645293315143247,0.9495225102319236,0.0,0.03396226415094361,0.001828153564899626,0.07481751824817495,5.48,5.47,5.48,5.48,5.48,5.49
2024-04-02,2024-04-03,SH601857,3,0.6904761904761904,0.8676671214188267,0.8321964529331515,0.0,0.01736465781409624,0.0040322580645162365,0.07530120481927716,9.96,10.07,10.22,10.25,10.21,10.19
2024-04-02,2024-04-03,SH600547,4,0.6666666666666666,0.9986357435197817,0.990450204638472,0.0,0.00240880935994503,0.0030991735537189147,0.11362856162032275,29.13,29.8,29.48,29.67,29.65,29.95
2024-04-02,2024-04-03,SZ002595,5,0.6666666666666666,0.931787175989086,0.8990450204638472,0.0,0.012280212112754763,0.002210555402044845,0.08657292528260241,36.27,36.29,36.02,35.95,36.24,36.03
2024-04-03,2024-04-08,SH600549,1,0.9238095238095237,0.9959072305593452,0.9809004092769441,0.0,0.05363237445148705,0.006052141527001842,0.04349838037945397,21.61,21.79,21.62,21.46,21.7,21.46
2024-04-03,2024-04-08,SH600362,2,0.8571428571428571,0.9931787175989086,0.9768076398362893,0.0,0.03711340206185554,0.005195843325339622,0.05129224652087494,25.15,25.35,25.85,25.95,26.45,26.37
2024-04-03,2024-04-08,SH603993,3,0.780952380952381,1.0,0.9931787175989086,0.0,0.038049940546967864,0.0022962112514350874,0.05040091638029787,8.73,8.75,8.98,9.1,9.12,9.08
2024-04-03,2024-04-08,SH603218,4,0.7714285714285715,0.8963165075034106,0.9699863574351978,1.0,0.05447154471544713,0.011700468018720711,0.06013878180416343,12.97,13.1,12.98,12.87,12.82,12.9
2024-04-03,2024-04-08,SH601168,5,0.7619047619047619,0.8867667121418826,0.956343792633015,1.0,0.06815816857440171,0.01633663366336635,0.02971261568436434,20.53,20.6,20.95,21.24,21.47,21.3
2024-04-08,2024-04-09,SZ300394,1,0.8690476190476191,0.9427012278308322,0.91268758526603,0.0,0.07274297482229453,0.008619612742036153,0.14144166460242769,161.48,158.68,156.2,157.0,153.7,156.59
2024-04-08,2024-04-09,SH600066,2,0.8571428571428571,0.956343792633015,0.9304229195088677,0.0,0.032181732134406005,0.00925497454881996,0.08940852819807432,21.81,21.34,21.48,21.39,21.39,21.39
2024-04-08,2024-04-09,SH603218,3,0.8214285714285715,0.8963165075034106,0.9672578444747613,1.0,0.05038167938931304,0.021529324424647278,0.04651162790697683,13.76,13.6,13.34,13.55,13.49,13.53
2024-04-08,2024-04-09,SH600988,4,0.8095238095238094,0.9699863574351978,0.990450204638472,1.0,0.030303030303030276,0.004749340369393229,0.0488445378151261,19.04,18.81,18.79,18.84,18.67,18.64
2024-04-08,2024-04-09,SZ300073,5,0.75,0.9918144611186903,0.9781718963165075,0.0,0.03021077283372353,0.0027353544563484267,0.14844282791543528,43.99,45.0,45.86,46.09,47.08,46.92
2024-04-10,2024-04-11,SH601139,1,0.7254901960784313,0.9358799454297408,0.9167803547066848,0.0,0.02516556291390737,0.0038910505836575737,0.08397932816537468,7.74,7.7,7.78,7.77,7.8,7.89
2024-04-10,2024-04-11,SH600233,2,0.6666666666666666,0.9986357435197817,0.984993178717599,0.0,0.03077889447236193,0.0006097560975610872,0.06946983546617913,16.41,16.24,16.47,16.54,16.38,16.47
2024-04-10,2024-04-11,SH603026,3,0.6666666666666666,0.9836289222373806,0.9877216916780355,1.0,0.013127249629472981,0.002724224643755324,0.05684430512016725,47.85,47.77,46.52,46.48,46.03,45.6
2024-04-10,2024-04-11,SZ002683,4,0.6666666666666666,0.9781718963165075,0.956343792633015,0.0,0.010027347310847645,0.0031688546853780863,0.08754512635379075,22.16,21.94,22.07,22.05,22.06,22.03
2024-04-10,2024-04-11,SZ000539,5,0.6666666666666666,0.8731241473396999,0.8458390177353342,0.0,0.031192660550458662,0.0035714285714285587,0.07473309608540935,5.62,5.57,5.63,5.58,5.56,5.61
2024-04-16,2024-04-17,SZ300628,1,0.9666666666666667,0.9877216916780355,0.9809004092769441,0.0,0.031080265540132768,0.004114017043785001,0.17120280948200173,34.17,34.0,33.64,33.73,34.1,34.19
2024-04-16,2024-04-17,SH601857,2,0.8666666666666667,0.9918144611186903,0.984993178717599,0.0,0.029245283018867863,0.0036798528058878954,0.0760769935838681,10.91,10.75,10.65,10.72,10.72,10.7
2024-04-16,2024-04-17,SH600690,3,0.7666666666666666,0.9045020463847203,0.8854024556616644,0.0,0.03031423290203339,0.00396253602305463,0.07319698600645852,27.87,27.44,27.4,27.26,27.44,27.31
2024-04-16,2024-04-17,SH600985,4,0.5,0.9331514324693042,0.9195088676671214,0.0,0.01377551020408152,0.000503524672708977,0.07800704579768492,19.87,19.61,19.45,19.34,19.42,19.36
2024-04-16,2024-04-17,SZ001872,5,0.4666666666666666,0.9195088676671214,0.9045020463847203,0.0,0.0010504201680672232,0.002630194634402727,0.10230849947534115,19.06,18.83,18.83,18.81,18.85,18.99
2024-04-18,2024-04-19,SH603993,1,0.9333333333333332,0.9740437158469946,0.9631147540983607,0.0,0.04905239687848373,0.004268943436499528,0.05632306057385761,9.41,9.47,9.55,9.55,9.74,9.6
2024-04-18,2024-04-19,SH601666,2,0.7333333333333334,0.9904371584699454,0.9808743169398907,0.0,0.02422145328719738,0.0027100271002711285,0.0729729729729729,14.8,14.7,14.65,14.69,14.76,14.71
2024-04-18,2024-04-19,SH600362,3,0.7333333333333334,0.9562841530054644,0.9439890710382514,0.0,0.04689922480620168,0.00371609067261236,0.05997778600518311,27.01,27.42,27.83,27.68,28.16,27.69
2024-04-18,2024-04-19,SH600901,4,0.4000000000000001,0.9371584699453552,0.9262295081967213,0.0,0.009451795841209698,0.0018761726078799779,0.09176029962546828,5.34,5.3,5.38,5.41,5.39,5.39
2024-04-18,2024-04-19,SZ002430,5,0.20000000000000004,0.8319672131147541,0.8183060109289617,0.0,0.005483870967742055,0.0003209242618742447,0.10041706769329473,31.17,30.91,31.16,31.08,31.18,31.29
2024-04-19,2024-04-22,SZ300073,1,0.9777777777777777,1.0,0.9986338797814208,0.0,0.03578489521550021,0.00963576797070731,0.1736972704714641,52.39,52.0,53.19,52.65,52.18,52.1
2024-04-19,2024-04-22,SZ002128,2,0.7944444444444444,0.9931693989071039,0.9877049180327869,0.0,0.01056869652742809,0.005005005005005003,0.08914342629482075,20.08,19.96,20.09,20.2,20.02,19.86
2024-04-19,2024-04-22,SH600690,3,0.7777777777777777,0.9877049180327869,0.9781420765027322,0.0,0.018781006378455034,0.002790373212417041,0.08973913043478254,28.75,28.98,29.12,29.3,29.21,28.89
2024-04-19,2024-04-22,SH600066,4,0.7611111111111111,0.9986338797814208,0.9959016393442623,0.0,0.012916666666666687,0.0033016921172099867,0.09090909090909105,24.31,24.09,24.22,24.47,24.28,24.19
2024-04-19,2024-04-22,SH601857,5,0.7166666666666667,0.9808743169398907,0.9699453551912568,0.0,0.021515434985968307,0.0018348623853210455,0.06959706959706957,10.92,10.8,10.92,11.01,10.9,10.76
2024-04-22,2024-04-23,SZ300628,1,0.9166666666666666,0.9972677595628415,0.9931693989071039,0.0,0.035175879396984966,0.007479861910241858,0.17390062821245,35.02,34.54,36.88,36.86,36.62,37.67
2024-04-22,2024-04-23,SZ002080,2,0.6666666666666666,0.8989071038251366,0.8838797814207651,0.0,0.015072463768116107,0.01038661281015596,0.08566533409480304,17.51,17.31,17.24,17.04,16.98,16.89
2024-04-22,2024-04-23,SH600521,3,0.625,0.8852459016393442,0.8729508196721312,0.0,0.04518272425249159,0.0019108280254778176,0.06293706293706292,15.73,15.6,15.7,15.74,15.78,15.6
2024-04-22,2024-04-23,SH600737,4,0.5833333333333334,0.9549180327868853,0.9412568306010929,0.0,0.0009496676163343043,0.0028544243577544037,0.11195445920303615,10.54,10.4,10.38,10.29,10.3,10.32
2024-04-22,2024-04-23,SH603939,5,0.5,0.9193989071038251,0.9057377049180327,0.0,0.01903642773208003,0.0006923609508424633,0.08279520295202958,43.36,43.32,43.86,43.97,43.62,43.44
2024-04-23,2024-04-24,SH600060,1,0.8484848484848485,0.9713114754098361,0.9644808743169399,0.0,0.02614379084967311,0.004894578313253017,0.11165230423379535,26.69,26.91,26.56,26.43,26.36,26.45
2024-04-23,2024-04-24,SH600486,2,0.8181818181818182,0.9699453551912568,0.9631147540983607,0.0,0.06421861656703687,0.0046759109964527035,0.07157759589151014,62.31,62.04,60.84,61.44,61.44,60.76
2024-04-23,2024-04-24,SH600066,3,0.787878787878788,0.9972677595628415,0.994535519125683,0.0,0.012755102040816313,0.0037926675094817064,0.09613769941225847,23.82,23.66,23.5,23.51,23.56,23.36
2024-04-23,2024-04-24,SZ300628,4,0.7272727272727272,0.9986338797814208,0.9972677595628415,0.0,0.07237984944991305,0.0005402485143164437,0.13660907127429822,37.04,36.7,36.4,36.64,36.37,36.26
2024-04-23,2024-04-24,SZ002128,5,0.6666666666666666,0.9931693989071039,0.9877049180327869,0.0,0.005835543766578244,0.0037056643726840477,0.12499999999999978,18.96,18.93,18.83,18.69,18.82,18.65
2024-04-24,2024-04-25,SH601717,1,0.8518518518518517,0.9849726775956285,0.976775956284153,0.0,0.022797288971041274,0.004842615012106588,0.07530120481927716,16.6,16.48,16.52,16.46,16.52,16.33
2024-04-24,2024-04-25,SH601899,2,0.7870370370370371,0.924863387978142,0.9112021857923497,0.0,0.028755868544600993,0.006314580941446657,0.06902452937820858,17.53,17.33,17.17,17.21,17.33,17.32
2024-04-24,2024-04-25,SH600885,3,0.7731481481481483,0.8975409836065574,0.8784153005464481,0.0,0.030492285084496862,0.009719222462202914,0.07415329768270928,28.05,27.7,26.41,27.1,27.08,27.05
2024-04-24,2024-04-25,SH603993,4,0.7546296296296297,0.9754098360655737,0.9672131147540983,0.0,0.0338785046728971,0.00340136054421758,0.06892655367231648,8.85,8.77,8.72,8.68,8.75,8.75
2024-04-24,2024-04-25,SZ002064,5,0.7314814814814815,0.9603825136612022,0.9480874316939891,0.0,0.023778071334213946,0.0038860103626943143,0.07741935483870965,7.75,7.72,7.7,7.71,7.77,7.83
2024-04-29,2024-04-30,SZ000830,1,0.8666666666666667,0.9548563611491108,0.9357045143638851,0.0,0.04664179104477606,0.00899280575539585,0.057040998217468664,11.22,11.34,11.6,11.49,11.39,11.54
2024-04-29,2024-04-30,SH600141,2,0.8222222222222223,0.9740082079343365,0.9671682626538988,0.0,0.032227488151658656,0.002762430939226679,0.08126721763085398,21.78,21.63,21.75,21.8,21.58,21.76
2024-04-29,2024-04-30,SZ300661,3,0.688888888888889,0.9124487004103967,0.8809849521203831,0.0,0.06014005217630092,0.0012968486577615845,0.11643569485817906,77.21,76.59,76.72,76.61,76.73,77.24
2024-04-29,2024-04-30,SH600521,4,0.6888888888888888,0.9958960328317373,0.9890560875512996,0.0,0.003107520198881275,0.006234413965087393,0.09417596034696407,16.14,16.33,16.36,16.36,16.44,16.58
2024-04-29,2024-04-30,SH600346,5,0.6444444444444445,0.9589603283173734,0.945280437756498,0.0,0.00910273081924573,0.0038809831824060392,0.09149484536082486,15.52,15.52,15.53,15.73,15.56,15.64
2024-04-30,2024-05-06,SZ002532,1,0.8205128205128206,0.960328317373461,0.9411764705882353,0.0,0.018918918918918948,0.0026595744680850686,0.08355437665782484,7.54,7.56,7.54,7.45,7.38,7.49
2024-04-30,2024-05-06,SH600985,2,0.794871794871795,0.9370725034199726,0.9069767441860465,0.0,0.0388768898488121,0.0031282586027110426,0.06652806652806653,19.24,19.15,18.75,18.61,18.69,18.75
2024-04-30,2024-05-06,SH603883,3,0.7435897435897436,0.8946648426812586,0.853625170998632,0.0,0.020121951219512324,0.003298350824587626,0.07830245068738795,33.46,33.77,33.87,33.93,34.13,34.74
2024-04-30,2024-05-06,SH603195,4,0.6410256410256411,0.9507523939808481,0.9274965800273598,0.0,0.027094017094017042,0.000999583506872126,0.08121827411167515,120.17,120.8,120.37,120.05,121.31,122.07
2024-04-30,2024-05-06,SZ001203,5,0.6153846153846154,0.9466484268125855,0.9165526675786594,0.0,0.014967259120673537,0.001846722068328699,0.09400921658986161,10.85,10.96,10.84,10.77,10.8,10.75
2024-05-06,2024-05-07,SH600066,1,0.8271604938271605,0.9740082079343365,0.9958960328317373,1.0,0.04747081712062262,0.0029806259314457684,0.04977711738484403,26.92,26.94,27.09,27.37,27.66,28.07
2024-05-06,2024-05-07,SZ002399,2,0.7839506172839507,0.9384404924760602,0.9849521203830369,1.0,0.03734827264239016,0.023020257826887658,0.026102610261026227,11.11,10.58,10.5,10.45,10.4,10.49
2024-05-06,2024-05-07,SH600690,3,0.7716049382716049,0.9849521203830369,0.9767441860465116,0.0,0.03511053315994794,0.002834645669291369,0.045540201005025205,31.84,31.72,31.5,31.88,31.63,31.66
2024-05-06,2024-05-07,SH603355,4,0.7654320987654321,0.9466484268125855,0.920656634746922,0.0,0.06277860326894502,0.00280406589554838,0.014680181754631372,28.61,28.21,27.8,27.92,27.88,27.99
2024-05-06,2024-05-07,SZ000683,5,0.7561728395061729,0.9958960328317373,0.9904240766073872,0.0,0.07182320441988943,0.001290322580645098,0.01804123711340222,7.76,7.73,7.67,7.69,7.7,7.68
2024-05-07,2024-05-08,SZ300628,1,0.981981981981982,0.9959016393442623,0.9904371584699454,0.0,0.03474576271186458,0.005766062602965416,0.15288015288015266,36.63,36.45,36.21,36.23,36.13,37.01
2024-05-07,2024-05-08,SH603026,2,0.8198198198198199,0.9480874316939891,0.9877049180327869,1.0,0.023544800523217946,0.005353319057815886,0.06751863684771031,46.95,46.4,45.83,45.79,45.33,45.49
2024-05-07,2024-05-08,SH600426,3,0.7387387387387387,0.953551912568306,0.9357923497267759,0.0,0.013272903852379336,0.0048154093097914075,0.08977635782747595,31.3,31.22,31.75,31.73,31.59,31.04
2024-05-07,2024-05-08,SZ002408,4,0.7207207207207208,0.9221311475409836,0.9016393442622951,0.0,0.05477031802120136,0.003361344537815114,0.04690117252931336,5.97,5.98,5.86,5.9,5.83,5.84
2024-05-07,2024-05-08,SH601601,5,0.6486486486486487,0.9330601092896175,0.9153005464480874,0.0,0.016417910447761086,0.002945508100147265,0.0862701908957415,27.24,27.09,27.08,26.94,26.92,27.11
2024-05-08,2024-05-09,SZ002019,1,0.9,0.994535519125683,0.9863387978142076,0.0,0.00850460666194186,0.0028188865398168783,0.0899508081517919,14.23,14.18,14.1,14.13,14.12,14.23
2024-05-08,2024-05-09,SZ300502,2,0.7333333333333334,0.9658469945355191,0.9453551912568307,0.0,0.0034813925570229554,0.004566758803028703,0.19583682258643376,83.59,82.8,82.12,82.85,82.65,82.89
2024-05-08,2024-05-09,SZ000999,3,0.7000000000000001,0.98224043715847,0.9631147540983607,0.0,0.007608336089976797,0.0011503697617092357,0.0897898883782009,60.92,60.6,60.78,60.57,60.94,60.83
2024-05-08,2024-05-09,SH600765,4,0.7000000000000001,0.9193989071038251,0.9849726775956285,1.0,0.011683483802443106,0.0010509721492379942,0.09606299212598413,19.05,19.1,18.93,18.85,18.98,19.47
2024-05-08,2024-05-09,SH603883,5,0.6,0.9521857923497268,0.9275956284153005,0.0,0.007657402155416992,0.0008450704225353434,0.09541232761047014,35.53,35.58,35.38,35.58,35.95,35.92
2024-05-09,2024-05-10,SH601919,1,0.8954248366013072,0.9685792349726776,0.9494535519125683,0.0,0.07711038961038952,0.003023431594860071,0.012057272042200529,13.27,13.39,13.28,13.32,13.43,13.44
2024-05-09,2024-05-10,SZ002025,2,0.8888888888888888,0.9658469945355191,0.9467213114754098,0.0,0.06720930232558131,0.00327940533449933,0.03726302026585304,45.89,45.6,45.63,46.3,46.01,45.84
2024-05-09,2024-05-10,SH600141,3,0.8104575163398692,0.9781420765027322,0.9617486338797814,0.0,0.03452685421994883,0.002064409578860449,0.07334157395962104,24.27,24.35,24.3,24.5,24.49,24.28
2024-05-09,2024-05-10,SH600760,4,0.7254901960784313,0.9139344262295082,0.8879781420765027,0.0,0.03080030295379954,0.0027013752455795625,0.07127112417340209,40.83,40.58,40.56,40.8,40.77,40.38
2024-05-09,2024-05-10,SZ300502,5,0.7189542483660132,0.9959016393442623,0.9863387978142076,0.0,0.018236714975845558,0.0016633004633479498,0.19036887676432213,84.31,83.0,81.64,81.87,82.15,81.99
2024-05-10,2024-05-13,SZ300661,1,0.983739837398374,0.9808743169398907,0.9672131147540983,0.0,0.03659517426273462,0.005591677503250958,0.14379930169403865,77.33,76.7,76.63,76.37,76.01,77.26
2024-05-10,2024-05-13,SZ300866,2,0.7723577235772358,0.9385245901639344,0.9180327868852459,0.0,0.025984077841663122,0.0029182879377434023,0.17307899558142026,92.79,91.61,94.47,93.66,93.19,93.49
2024-05-10,2024-05-13,SZ002311,3,0.7560975609756099,0.924863387978142,0.9057377049180327,0.0,0.02695789059425424,0.0026897214217098675,0.06936194673309082,52.19,52.03,52.19,52.72,53.03,53.99
2024-05-10,2024-05-13,SH603338,4,0.7317073170731708,0.8838797814207651,0.8620218579234973,0.0,0.029778095919828385,0.003907885554780277,0.0633949673293479,71.93,71.06,71.56,71.09,71.01,71.27
2024-05-10,2024-05-13,SZ002128,5,0.7154471544715447,0.9781420765027322,0.9617486338797814,0.0,0.007441860465116301,0.002777777777777768,0.09833795013850422,21.66,21.63,21.5,21.54,21.46,21.47
2024-05-13,2024-05-14,SH600690,1,0.890625,0.976775956284153,0.9617486338797814,0.0,0.050111714012128994,0.003967043027158779,0.0495440729483283,32.9,32.7,32.45,32.42,32.51,32.09
2024-05-13,2024-05-14,SZ300866,2,0.890625,0.9590163934426229,0.9357923497267759,0.0,0.04846632463704825,0.008504829903402067,0.155543987506507,96.05,98.0,99.64,99.04,100.46,98.15
2024-05-13,2024-05-14,SH601156,3,0.8854166666666666,0.9795081967213115,0.9658469945355191,0.0,0.07804878048780495,0.0036330608537693543,0.028959276018099445,22.1,21.89,21.67,21.88,22.04,21.84
2024-05-13,2024-05-14,SZ300661,4,0.8489583333333334,0.9918032786885246,0.9795081967213115,0.0,0.022164276401564598,0.00499935905653115,0.17334183673469372,78.4,78.69,78.97,78.25,77.69,77.82
2024-05-13,2024-05-14,SZ002028,5,0.796875,0.9713114754098361,0.9508196721311475,0.0,0.021309192200557048,0.005484711367064188,0.0770489567707624,73.33,72.51,72.3,72.22,72.4,72.88
2024-05-15,2024-05-16,SH601919,1,0.8666666666666667,0.9781420765027322,0.994535519125683,1.0,0.025035765379112895,0.0042046250875964475,0.07187718073970695,14.33,14.5,14.58,14.56,14.48,14.42
2024-05-15,2024-05-16,SH603833,2,0.7333333333333334,0.9508196721311475,0.9289617486338798,0.0,0.028558745190885082,0.0015850144092219853,0.07150050352467274,69.51,69.0,69.76,70.17,69.67,70.0
2024-05-15,2024-05-16,SZ300866,3,0.6666666666666666,0.9918032786885246,0.976775956284153,0.0,0.025007782504928855,0.00020251113811253774,0.16207734359182036,98.78,98.3,98.85,98.75,99.05,98.39
2024-05-15,2024-05-16,SZ300408,4,0.4000000000000001,0.8401639344262295,0.8101092896174863,0.0,0.0018044027426922238,0.0028901734104047616,0.19920749279538885,27.76,27.62,27.76,27.7,27.71,27.71
2024-05-15,2024-05-16,SH603338,5,0.3333333333333333,0.8961748633879781,0.8743169398907104,0.0,0.008543417366946748,0.0001388888888889106,0.08915428412720461,72.01,72.05,71.8,71.4,70.82,70.71
2024-05-20,2024-05-21,SZ300502,1,0.9310344827586207,0.9809004092769441,0.9549795361527967,0.0,0.08762638420799229,0.0040000000000000036,0.12881806108897753,90.36,89.98,90.44,90.14,90.73,89.85
2024-05-20,2024-05-21,SZ002180,2,0.8735632183908045,0.9590723055934516,0.9345156889495225,0.0,0.08435525826830181,0.00447504302925994,0.009252912954078152,29.18,28.82,29.64,29.53,29.5,29.35
2024-05-20,2024-05-21,SH601601,3,0.8045977011494253,0.9795361527967258,0.9536152796725784,0.0,0.03248099516240499,0.0026845637583892135,0.065930388219545,29.88,29.45,29.74,29.85,29.67,29.85
2024-05-20,2024-05-21,SZ002155,4,0.7586206896551725,0.9154160982264665,0.9686221009549796,1.0,0.041802388707926186,0.005238344683080154,0.015112037519541488,19.19,18.87,18.76,18.64,18.62,18.26
2024-05-20,2024-05-21,SH600995,5,0.7011494252873564,0.8935879945429741,0.8649386084583902,0.0,0.027075812274368394,0.006189213085764811,0.0711775043936731,11.38,11.38,11.22,11.16,11.25,11.17
2024-05-21,2024-05-22,SZ002791,1,0.8484848484848486,0.9726775956284153,0.9877049180327869,1.0,0.026862026862026767,0.002861912711662251,0.08608799048751492,42.05,42.07,42.8,42.5,42.45,42.24
2024-05-21,2024-05-22,SZ002120,2,0.8484848484848485,0.9699453551912568,0.9863387978142076,1.0,0.020697167755991286,0.005364806866952732,0.0800426894343651,9.37,9.34,9.38,9.48,9.38,9.38
2024-05-21,2024-05-22,SH600663,3,0.7727272727272728,0.9849726775956285,0.9631147540983607,0.0,0.012609117361784605,0.0038461538461538325,0.0862068965517242,10.44,10.43,10.46,10.38,10.42,10.39
2024-05-21,2024-05-22,SH601156,4,0.7727272727272728,0.9713114754098361,0.9467213114754098,0.0,0.028229665071770382,0.0018648018648017572,0.07398790134946487,21.49,21.45,21.34,21.41,21.32,21.36
2024-05-21,2024-05-22,SZ000876,5,0.6818181818181818,0.9562841530054644,0.930327868852459,0.0,0.01242829827915859,0.004743833017077925,0.09254013220018886,10.59,10.6,10.67,10.64,10.66,10.49
2024-05-22,2024-05-23,SZ002850,1,0.8888888888888888,0.9467213114754098,0.9221311475409836,0.0,0.02092555331991952,0.030358412021525227,0.07656681119432407,101.48,99.0,97.25,97.39,97.2,96.55
2024-05-22,2024-05-23,SZ002180,2,0.7777777777777778,1.0,0.9849726775956285,0.0,0.007352941176470562,0.004188481675392763,0.09801876955161637,28.77,28.52,28.72,28.4,28.44,28.31
2024-05-22,2024-05-23,SH600048,3,0.7777777777777778,0.9904371584699454,0.9931693989071039,1.0,0.015260323159784539,0.003549245785270605,0.08841732979664019,11.31,11.03,10.98,11.02,11.01,10.91
2024-05-22,2024-05-23,SZ002271,4,0.7777777777777777,0.9371584699453552,0.9672131147540983,1.0,0.019689737470167,0.0052941176470588935,0.07372732592159159,17.09,16.68,16.71,16.7,16.68,16.62
2024-05-22,2024-05-23,SZ002025,5,0.7037037037037037,0.9754098360655737,0.9508196721311475,0.0,0.010778706555213402,0.0030561012879284366,0.0940152339499456,45.95,45.75,45.62,45.3,45.55,45.59
2024-06-03,2024-06-04,SH601919,1,0.9078014184397163,0.9972677595628415,1.0,1.0,0.03950777202072553,0.0050093926111458575,0.030529595015576172,16.05,15.9,15.96,16.0,16.06,16.17
2024-06-03,2024-06-04,SZ000400,2,0.900709219858156,0.9795081967213115,0.9699453551912568,0.0,0.04082321187584359,0.006525285481239873,0.05802269043760133,30.85,30.9,30.85,30.99,31.05,30.93
2024-06-03,2024-06-04,SZ300496,3,0.8014184397163121,0.9931693989071039,0.9877049180327869,0.0,0.03546099290780136,0.003781368167755206,0.16078767123287685,58.4,58.0,58.12,58.1,57.69,57.78
2024-06-03,2024-06-04,SZ300014,4,0.7446808510638298,0.9207650273224044,0.8702185792349727,0.0,0.029485887096774244,0.005414718188530676,0.15104039167686656,40.85,41.55,42.4,42.96,43.02,43.68
2024-06-03,2024-06-04,SH601117,5,0.7163120567375886,0.9986338797814208,0.9918032786885246,0.0,0.01833740831295838,0.0036144578313253017,0.08043217286914772,8.33,8.36,8.33,8.32,8.33,8.35
2024-06-12,2024-06-13,SH600025,1,0.75,0.9877049180327869,0.976775956284153,0.0,0.009451795841209698,0.003759398496240518,0.0926966292134832,10.68,10.67,10.73,10.73,10.7,10.8
2024-06-12,2024-06-13,SH600886,2,0.7261904761904762,0.9918032786885246,0.9808743169398907,0.0,0.024581005586592264,0.0010917030567685337,0.08342420937840789,18.34,18.36,18.37,18.37,18.36,18.47
2024-06-12,2024-06-13,SH601009,3,0.6904761904761906,0.9112021857923497,0.9057377049180327,0.0,0.01809045226130679,0.003964321110009994,0.07699901283316879,10.13,10.12,10.22,10.16,10.12,10.15
2024-06-12,2024-06-13,SH600803,4,0.6785714285714285,0.98224043715847,0.9713114754098361,0.0,0.008321096426823438,0.00340964442279601,0.09563106796116494,20.6,20.55,20.44,20.47,20.61,20.74
2024-06-12,2024-06-13,SH601077,5,0.6785714285714285,0.9426229508196722,0.9330601092896175,0.0,0.011928429423459175,0.0039447731755424265,0.08644400785854622,5.09,5.08,5.04,5.0,4.99,4.97
2024-06-17,2024-06-18,SH600584,1,0.9407407407407407,0.9795081967213115,0.9726775956284153,0.0,0.07641996557659203,0.006437077566784577,0.0220658778381837,31.27,31.2,31.18,31.1,31.28,31.0
2024-06-17,2024-06-18,SH603986,2,0.888888888888889,0.9685792349726776,0.9590163934426229,0.0,0.04540420819490598,0.006825938566553003,0.05646186440677958,94.4,94.2,92.81,94.05,93.98,93.99
2024-06-17,2024-06-18,SZ300395,3,0.8518518518518517,0.9931693989071039,0.9863387978142076,0.0,0.03447223917022568,0.004740740740740712,0.17664405780005898,33.91,33.95,33.61,33.7,33.62,33.37
2024-06-17,2024-06-18,SZ300496,4,0.7925925925925927,0.9904371584699454,0.9890710382513661,0.0,0.0337950138504155,0.0035855145213337103,0.1491604144337264,55.98,55.83,56.3,57.05,57.0,57.05
2024-06-17,2024-06-18,SZ000400,5,0.7407407407407408,0.9959016393442623,0.9959016393442623,0.0,0.030487804878048808,0.0029673590504448732,0.06508875739644981,33.8,33.71,33.35,33.3,33.69,33.64
2024-06-18,2024-06-19,SZ300496,1,0.9024390243902438,0.9918032786885246,0.9918032786885246,0.0,0.024717893605588515,0.005094869992972484,0.17461982170949142,57.21,57.5,56.68,56.6,56.68,56.22
2024-06-18,2024-06-19,SZ002463,2,0.8536585365853658,0.953551912568306,0.9863387978142076,1.0,0.029679144385026834,0.006008359456635137,0.07842118930148012,38.51,38.6,38.28,38.09,38.0,37.9
2024-06-18,2024-06-19,SZ300433,3,0.829268292682927,0.9863387978142076,0.9836065573770492,0.0,0.012941176470588234,0.0034965034965033226,0.18466898954703836,17.22,17.23,17.18,17.11,17.09,17.03
2024-06-18,2024-06-19,SH600803,4,0.8130081300813008,0.9808743169398907,0.976775956284153,0.0,0.015458937198067568,0.003341288782816143,0.08943862987630813,21.02,21.0,21.48,21.38,21.13,21.05
2024-06-18,2024-06-19,SZ301236,5,0.7723577235772359,0.8907103825136612,0.8825136612021858,0.0,0.026650366748166343,0.01769268056228812,0.16908787806620618,41.99,43.28,42.89,42.67,43.04,42.76
2024-06-19,2024-06-20,SH600584,1,0.9710144927536232,0.994535519125683,0.994535519125683,0.0,0.015015974440894642,0.00793147208121825,0.08718917217500777,31.77,31.3,31.71,31.65,31.37,31.5
2024-06-19,2024-06-20,SZ002156,2,0.8985507246376812,0.98224043715847,0.976775956284153,0.0,0.03259506895110742,0.004471544715447084,0.06515580736543902,24.71,24.32,24.52,24.58,24.31,24.5
2024-06-19,2024-06-20,SH600025,3,0.7246376811594203,0.9672131147540983,0.9576502732240437,0.0,0.008662175168431263,0.003831417624521105,0.08206106870229002,10.48,10.46,10.47,10.49,10.54,10.51
2024-06-19,2024-06-20,SZ002653,4,0.7246376811594203,0.9494535519125683,0.9289617486338798,0.0,0.012450652900091175,0.004216867469879482,0.08548290341931586,33.34,33.21,33.45,33.9,33.87,33.31
2024-06-19,2024-06-20,SH601985,5,0.6956521739130435,0.9549180327868853,0.9426229508196722,0.0,0.009861932938856066,0.002938295788442735,0.0908203125,10.24,10.24,10.22,10.23,10.29,10.27
2024-07-02,2024-07-03,SH600938,1,0.9666666666666667,0.9859154929577465,0.9619718309859155,0.0,0.02394859813084116,0.0037217291726310275,0.0678836280661721,35.06,35.17,35.22,35.26,35.6,35.23
2024-07-02,2024-07-03,SH601985,2,0.7666666666666666,0.9802816901408451,0.9591549295774648,0.0,0.015668202764977046,0.0018181818181817189,0.09074410163339386,11.02,11.0,11.02,10.99,11.01,10.96
2024-07-02,2024-07-03,SH601816,3,0.6833333333333332,0.9464788732394366,0.9070422535211268,0.0,0.016544117647058876,0.0018115942028986698,0.07775768535262206,5.53,5.53,5.53,5.53,5.49,5.51
2024-07-02,2024-07-03,SH601988,4,0.6666666666666666,0.8901408450704226,0.8859154929577465,0.0,0.017130620985010614,0.002109704641350074,0.08210526315789468,4.75,4.76,4.76,4.73,4.72,4.72
2024-07-02,2024-07-03,SZ003816,5,0.65,0.9746478873239437,0.9535211267605633,0.0,0.006315789473684275,0.002096436058700357,0.08995815899581583,4.78,4.78,4.8,4.78,4.78,4.78
2024-07-12,2024-07-15,SZ002916,1,0.7555555555555555,0.9675599435825106,0.9760225669957687,1.0,0.026016260162601723,0.002781088597536785,0.1068938193343898,126.2,126.14,125.16,127.14,126.86,126.99
2024-07-12,2024-07-15,SZ002180,2,0.7555555555555555,0.8547249647390691,0.846262341325811,0.0,0.02766654532216961,0.0071352122725649725,0.07793127878143813,28.23,28.23,27.27,26.88,26.8,26.35
2024-07-12,2024-07-15,SZ300433,3,0.7111111111111111,0.998589562764457,0.9788434414668548,0.0,0.014432989690721598,0.0015267175572519776,0.21087398373983723,19.68,19.52,19.33,19.39,19.31,19.2
2024-07-12,2024-07-15,SZ002409,4,0.6666666666666666,0.918194640338505,0.9069111424541608,0.0,0.035815974823917296,0.0010137581462710266,0.08174189814814792,69.12,69.49,70.34,70.63,70.06,69.4
2024-07-12,2024-07-15,SH601077,5,0.6444444444444445,0.9393511988716502,0.8321579689703809,0.0,0.007766990291262044,0.003868471953578423,0.08092485549132955,5.19,5.18,5.21,5.21,5.22,5.25
2024-07-15,2024-07-16,SZ003816,1,0.8913043478260869,0.9746121297602257,0.9421720733427362,0.0,0.02092050209205021,0.00411522633744843,0.08196721311475419,4.88,4.91,4.91,4.9,4.88,4.96
2024-07-15,2024-07-16,SH601985,2,0.8550724637681159,0.9732016925246827,0.9534555712270804,0.0,0.018800358102059267,0.0044130626654899086,0.08435852372583463,11.38,11.25,11.28,11.24,11.2,11.32
2024-07-15,2024-07-16,SH601939,3,0.8333333333333334,0.9449929478138223,0.843441466854725,0.0,0.028493894165535938,0.003973509933774766,0.0699208443271766,7.58,7.59,7.63,7.65,7.62,7.52
2024-07-15,2024-07-16,SH600350,4,0.8115942028985508,0.9167842031029619,0.8039492242595204,0.0,0.030681818181818032,0.013407821229050487,0.06945975744211674,9.07,8.95,9.04,8.94,8.96,8.9
2024-07-15,2024-07-16,SH600377,5,0.782608695652174,0.9661495063469676,0.9506346967559943,0.0,0.01235521235521242,0.006139677666922472,0.08695652173913038,13.11,13.04,13.1,12.99,13.0,13.02
2024-07-16,2024-07-17,SH600418,1,0.8981481481481483,0.9901408450704225,0.9746478873239437,0.0,0.060416666666666785,0.0034499753573189462,0.034872298624754494,20.36,20.33,20.51,20.54,20.63,20.31
2024-07-16,2024-07-17,SH600489,2,0.8148148148148148,0.995774647887324,0.9816901408450704,0.0,0.03468208092485536,0.0028011204481790397,0.05586592178770955,17.9,18.35,18.41,18.18,18.31,18.4
2024-07-16,2024-07-17,SZ002241,3,0.7870370370370371,0.9929577464788732,0.9774647887323944,0.0,0.06561085972850678,0.0012755102040817867,0.03524416135881103,23.55,23.19,23.22,23.27,23.21,23.21
2024-07-16,2024-07-17,SH601985,4,0.7870370370370371,0.9774647887323944,0.9619718309859155,0.0,0.021333333333333426,0.003493449781659441,0.07136640557006091,11.49,11.48,11.57,11.54,11.52,11.52
2024-07-16,2024-07-17,SZ300433,5,0.75,0.9915492957746479,0.9704225352112676,0.0,0.03669724770642202,0.001477104874446189,0.15240904621435591,20.34,20.06,19.92,19.99,19.91,19.94
2024-07-17,2024-07-18,SH601818,1,0.7681159420289855,0.9098591549295775,0.9014084507042254,0.0,0.011976047904191711,0.0029673590504450953,0.08579881656804744,3.38,3.38,3.33,3.34,3.35,3.34
2024-07-17,2024-07-18,SH601816,2,0.7101449275362319,0.9507042253521126,0.9197183098591549,0.0,0.014285714285714235,0.0017636684303350414,0.08626760563380276,5.68,5.67,5.63,5.65,5.67,5.66
2024-07-17,2024-07-18,SH601288,3,0.6666666666666666,0.9690140845070423,0.952112676056338,0.0,0.006369426751592355,0.0021141649048626032,0.09282700421940926,4.74,4.73,4.68,4.7,4.7,4.7
2024-07-17,2024-07-18,SH600018,4,0.6666666666666666,0.8746478873239436,0.8690140845070422,0.0,0.00836120401337781,0.0033277870216306127,0.09286898839137647,6.03,6.02,5.95,5.99,6.01,6.01
2024-07-17,2024-07-18,SH600000,5,0.6376811594202899,0.9366197183098591,0.928169014084507,0.0,0.016853932584269593,0.0011061946902657382,0.07734806629834257,9.05,8.75,8.64,8.64,8.66,8.66
2024-07-18,2024-07-19,SH600584,1,0.746031746031746,0.9549295774647887,0.9380281690140845,0.0,0.030294117647058805,0.003150057273768603,0.08878104481872673,35.03,34.3,33.91,33.57,34.07,34.64
2024-07-18,2024-07-19,SZ002384,2,0.7301587301587301,0.9985915492957746,0.9943661971830986,1.0,0.002745098039215632,0.004715127701375277,0.1357059053578411,25.57,24.81,25.07,24.91,24.91,25.31
2024-07-18,2024-07-19,SH600489,3,0.6984126984126985,0.9943661971830986,0.9845070422535211,0.0,0.0017045454545452365,0.006278538812785284,0.10890527509926273,17.63,16.8,16.86,16.8,16.86,17.03
2024-07-18,2024-07-19,SZ002155,4,0.6666666666666666,0.9746478873239437,0.9549295774647887,0.0,0.030975735673722138,0.001002506265664227,0.08863294942413624,19.97,19.01,18.32,18.58,18.74,18.62
2024-07-18,2024-07-19,SH600988,5,0.6507936507936508,0.9971830985915493,0.9887323943661972,0.0,0.008737864077669855,0.0014457831325300763,0.1000962463907602,20.78,19.99,20.1,20.14,20.04,20.15
2024-07-19,2024-07-22,SZ300763,1,0.8717948717948718,0.9690140845070423,0.9915492957746479,1.0,0.038583677357891366,0.0038367096378146837,0.15058859501605282,65.41,65.7,67.4,66.88,67.41,66.66
2024-07-19,2024-07-22,SH600150,2,0.8461538461538461,0.9535211267605633,0.9366197183098591,0.0,0.020427553444180457,0.005853430110044577,0.08310055865921795,42.96,42.99,42.82,43.38,43.5,43.18
2024-07-19,2024-07-22,SH600547,3,0.7606837606837606,0.976056338028169,0.9507042253521126,0.0,0.015625,0.003284072249589487,0.12536824877250408,30.55,30.06,30.28,30.49,30.09,30.24
2024-07-19,2024-07-22,SZ300408,4,0.7350427350427351,0.9422535211267605,0.9197183098591549,0.0,0.017020005971931873,0.005016228976099102,0.10745742806811509,34.06,34.16,33.46,33.58,33.66,33.31
2024-07-19,2024-07-22,SH600893,5,0.7008547008547009,0.8802816901408451,0.8661971830985915,0.0,0.02360184710107749,0.004531722054380571,0.07518796992481214,39.9,39.99,39.96,40.3,40.59,40.35
2024-07-22,2024-07-23,SH600584,1,0.946236559139785,0.9858956276445698,0.9675599435825106,0.0,0.022285714285714242,0.007603491974091936,0.07937395192845154,35.78,35.49,35.07,35.13,35.24,34.98
2024-07-22,2024-07-23,SH601000,2,0.8387096774193549,0.9506346967559943,0.9351198871650211,0.0,0.012320328542094305,0.006122448979591688,0.0872210953346857,4.93,4.92,4.91,4.9,4.9,4.89
2024-07-22,2024-07-23,SH600418,3,0.7956989247311829,0.9943582510578279,0.9816643159379408,0.0,0.047146401985111774,0.0018993352326686086,0.021327014218009532,21.1,21.0,20.93,20.8,20.93,20.78
2024-07-22,2024-07-23,SH600660,4,0.7956989247311829,0.9153737658674189,0.9083215796897038,0.0,0.015432098765432167,0.004477915733767546,0.08328267477203655,49.35,49.23,49.12,49.11,48.9,48.74
2024-07-22,2024-07-23,SZ002180,5,0.7634408602150539,0.9562764456981664,0.9421720733427362,0.0,0.006870491240123622,0.005833905284831742,0.07471852610030716,29.31,29.02,28.98,28.77,28.78,28.52
2024-07-31,2024-08-01,SH600418,1,0.952991452991453,0.9929378531073446,0.9844632768361582,0.0,0.06617257808364219,0.005994005994006013,0.03426017874875864,20.14,20.01,19.89,19.92,19.9,19.96
2024-07-31,2024-08-01,SZ300604,2,0.905982905982906,0.9774011299435028,0.9661016949152542,0.0,0.0554140127388536,0.006988757216651598,0.14484007242003605,33.14,33.1,33.55,33.37,33.01,33.11
2024-07-31,2024-08-01,SZ300012,3,0.8803418803418803,0.9901129943502824,0.9830508474576272,0.0,0.05698529411764697,0.004366812227074357,0.13652173913043475,11.5,11.55,11.71,11.65,11.72,11.79
2024-07-31,2024-08-01,SH600166,4,0.8290598290598291,0.9957627118644068,0.9915254237288136,1.0,0.05555555555555558,0.0035211267605634866,0.04912280701754401,2.85,2.78,2.76,2.79,2.79,2.8
2024-07-31,2024-08-01,SZ300373,5,0.8076923076923078,0.9759887005649718,0.9675141242937854,0.0,0.038221153846153655,0.006056370836245106,0.16253762445010422,43.19,43.09,43.01,43.1,42.87,43.1
2024-08-01,2024-08-02,SH600435,1,0.875,0.9562146892655368,0.9378531073446328,0.0,0.009803921568627416,0.004333694474539351,0.08953613807982741,9.27,9.2,9.22,9.18,9.24,9.52
2024-08-01,2024-08-02,SH600299,2,0.6666666666666666,0.9774011299435028,0.9703389830508474,0.0,0.002673796791443861,0.002673796791443861,0.09422222222222221,11.25,11.21,11.28,11.26,11.33,11.32
2024-08-01,2024-08-02,SH600372,3,0.625,0.9279661016949152,0.9081920903954802,0.0,0.008613938919342257,0.0031152647975078995,0.09627329192546563,12.88,12.75,12.89,12.84,12.88,13.03
2024-08-01,2024-08-02,SH600958,4,0.5416666666666666,0.96045197740113,0.942090395480226,0.0,0.004728132387706863,0.0011778563015312216,0.09999999999999987,8.5,8.47,8.53,8.47,8.49,8.48
2024-08-01,2024-08-02,SH600879,5,0.5416666666666666,0.8686440677966102,0.8361581920903954,0.0,0.012360939431396822,0.0012224938875304847,0.08669108669108683,8.19,8.15,8.14,8.08,8.13,8.27
2024-08-02,2024-08-05,SZ300763,1,0.9444444444444445,1.0,0.9985855728429985,0.0,0.015632327653587685,0.015314892952023706,0.18408496229028803,64.97,64.01,67.61,67.4,66.08,64.93
2024-08-02,2024-08-05,SH601698,2,0.8333333333333334,0.9858557284299858,0.9929278642149929,1.0,0.021154945683247606,0.004499437570303577,0.07670772676371795,17.86,18.07,18.44,18.2,18.03,17.87
2024-08-02,2024-08-05,SZ300037,3,0.5555555555555555,0.9646393210749646,0.9448373408769448,0.0,0.002834645669291369,0.009191759112519682,0.1991206030150754,31.84,31.6,31.95,32.19,31.96,31.5
2024-08-02,2024-08-05,SH600489,4,0.4444444444444444,0.9222065063649222,0.8444130127298444,0.0,0.009334163036714305,0.0018529956763433386,0.10295930949445142,16.22,15.49,15.62,15.68,15.66,15.61
2024-08-02,2024-08-05,SZ002294,5,0.3888888888888889,0.9519094766619519,0.9335219236209336,0.0,0.004878048780487809,0.000693962526023606,0.1005547850208044,28.84,28.68,28.97,29.15,29.11,29.08
2024-08-07,2024-08-08,SZ002025,1,0.8000000000000002,0.926657263751763,0.9026798307475318,0.0,0.008934136713068863,0.0018568186507117446,0.09019769357495866,48.56,48.31,47.77,47.41,47.4,46.97
2024-08-07,2024-08-08,SZ000728,2,0.7333333333333334,0.9139633286318759,0.8885754583921015,0.0,0.0030911901081918103,0.0030911901081918103,0.09861325115562392,6.49,6.46,6.48,6.46,6.46,6.48
2024-08-07,2024-08-08,SZ002568,3,0.6666666666666666,0.8519040902679831,0.9689703808180536,1.0,0.0366870483602002,0.0005364806866952065,0.06863270777479902,18.65,18.51,18.55,18.66,18.54,18.51
2024-08-07,2024-08-08,SH600765,4,0.4666666666666666,0.849083215796897,0.8265162200282088,0.0,0.019072164948453763,0.0005060728744938903,0.0804248861911987,19.77,19.62,19.52,19.34,19.35,19.22
2024-08-07,2024-08-08,SZ000768,5,0.3333333333333333,0.9111424541607899,0.8857545839210155,0.0,0.0007727975270479526,0.0003862495171880198,0.09961389961389977,25.9,25.74,25.72,25.51,25.49,25.11
2024-08-16,2024-08-19,SZ000739,1,0.8333333333333334,0.958904109589041,0.9478873239436619,0.0,0.017635532331809145,0.005161290322580614,0.05006418485237485,15.58,15.74,15.96,15.88,15.75,15.75
2024-08-16,2024-08-19,SZ002736,2,0.7083333333333334,0.9876712328767123,0.9774647887323944,0.0,0.009977827050997812,0.0033039647577091102,0.09110867178924265,9.11,9.08,9.14,9.16,9.16,9.2
2024-08-16,2024-08-19,SH600143,3,0.6875,0.9958904109589041,0.9859154929577465,0.0,0.002915451895043608,0.004379562043795637,0.10174418604651159,6.88,6.82,6.83,6.91,6.89,6.91
2024-08-16,2024-08-19,SH600377,4,0.625,0.9780821917808219,0.8943661971830986,0.0,0.0007385524372232055,0.005192878338278861,0.10036900369003687,13.55,13.57,13.63,13.62,13.68,13.77
2024-08-16,2024-08-19,SH601098,5,0.6041666666666666,0.9849315068493151,0.9732394366197183,0.0,0.011591962905718622,0.0015302218821728886,0.08708938120702836,13.09,13.0,13.0,13.03,13.08,12.99
2024-08-20,2024-08-21,SH601939,1,0.875,0.9753424657534246,0.971830985915493,0.0,0.013647642679900596,0.0036855036855036882,0.0844553243574051,8.17,8.13,8.04,8.03,8.07,8.13
2024-08-20,2024-08-21,SZ300296,2,0.8333333333333334,0.8575342465753425,0.8535211267605634,0.0,0.1103448275862069,0.006250000000000089,0.07867494824016563,4.83,4.8,4.72,4.84,4.78,4.83
2024-08-20,2024-08-21,SH601288,3,0.5833333333333334,0.9136986301369863,0.9084507042253521,0.0,0.004089979550102374,0.0020408163265306367,0.095723014256619,4.91,4.9,4.83,4.82,4.84,4.87
2024-08-20,2024-08-21,SZ002738,4,0.5833333333333334,0.8506849315068493,0.847887323943662,0.0,0.007562117392869938,0.0021489971346704273,0.08470335954253039,27.98,27.79,27.83,27.81,27.88,28.25
2024-08-20,2024-08-21,SZ000651,5,0.5,0.8945205479452055,0.8915492957746479,0.0,0.00589101620029453,0.0009770395701025336,0.09346022449975622,40.98,40.8,40.61,40.58,40.68,40.59
2024-08-30,2024-09-02,SH600707,1,0.7407407407407408,0.8683127572016461,0.8559670781893004,0.0,0.023400936037441422,0.003058103975535076,0.08841463414634143,6.56,6.5,6.55,6.56,6.56,6.61
2024-08-30,2024-09-02,SZ300274,2,0.7037037037037037,0.9890260631001372,0.9849108367626886,0.0,0.020808482438700926,0.0011698947094760381,0.18021293170605057,77.02,76.9,77.28,76.94,77.04,76.34
2024-08-30,2024-09-02,SH603444,3,0.5925925925925926,0.9643347050754458,0.9958847736625515,1.0,0.048067100381741,0.0001539250897897304,0.049915354229723485,194.93,193.59,195.15,193.36,196.65,196.44
2024-08-30,2024-09-02,SZ003816,4,0.5925925925925926,0.869684499314129,0.8587105624142661,0.0,0.010570824524312794,0.002096436058700357,0.10041841004184082,4.78,4.75,4.77,4.8,4.79,4.8
2024-08-30,2024-09-02,SZ002558,5,0.5925925925925926,0.8257887517146777,0.8106995884773662,0.0,0.032362459546925626,0.0010460251046024993,0.06478578892371978,9.57,9.5,9.54,9.5,9.45,9.41
2024-09-02,2024-09-03,SH601898,1,0.9333333333333332,0.9972565157750343,0.9766803840877915,0.0,0.06561085972850678,0.002838892831795725,0.033262561924982226,14.13,13.99,14.28,14.06,13.95,14.0
2024-09-02,2024-09-03,SH601319,2,0.8222222222222223,0.9657064471879286,0.9039780521262003,0.0,0.026755852842809347,0.0032679738562091387,0.07491856677524433,6.14,6.06,6.11,6.13,6.12,6.16
2024-09-02,2024-09-03,SH601928,3,0.7333333333333334,0.9231824417009602,0.9012345679012346,0.0,0.018095238095237942,0.005644402634054524,0.09354536950420944,10.69,10.65,10.72,10.71,10.67,10.7
2024-09-02,2024-09-03,SH600028,4,0.6222222222222222,0.8998628257887518,0.877914951989026,0.0,0.032592592592592506,0.001436781609195359,0.0746054519368724,6.97,6.95,6.97,6.93,6.87,6.84
2024-09-02,2024-09-03,SH600141,5,0.6,0.9327846364883402,0.9163237311385459,0.0,0.028146574614976272,0.000516795865632913,0.06973140495867769,19.36,19.28,19.49,19.77,19.61,19.55
2024-09-04,2024-09-05,SH600350,1,0.8888888888888888,0.9422283356258597,0.9284731774415406,0.0,0.026910656620021456,0.003154574132492094,0.07232704402515733,9.54,9.52,9.36,9.36,9.39,9.33
2024-09-04,2024-09-05,SH600707,2,0.8333333333333334,0.9669876203576341,0.9559834938101788,0.0,0.010558069381598756,0.0029940119760478723,0.09850746268656718,6.7,6.67,6.7,6.67,6.63,6.61
2024-09-04,2024-09-05,SZ002595,3,0.7222222222222223,0.9889958734525447,0.9834938101788171,0.0,0.02049382716049375,0.0009687575684185212,0.07669973384950413,41.33,41.52,41.4,41.32,41.26,41.44
2024-09-04,2024-09-05,SH603486,4,0.6666666666666666,0.9408528198074277,0.9270976616231087,0.0,0.015140591204037657,0.0014224751066855834,0.09375,42.24,42.12,41.98,42.04,41.98,41.92
2024-09-04,2024-09-05,SH600415,5,0.6481481481481481,0.9711141678129298,0.9601100412654745,0.0,0.008235294117647118,0.001168224299065379,0.09218203033838956,8.57,8.6,8.61,8.56,8.54,8.56
2024-09-05,2024-09-06,SH603228,1,0.943502824858757,0.9738651994497937,0.9669876203576341,0.0,0.05333333333333323,0.015500945179584225,0.045420699925539765,26.86,26.3,26.02,25.81,25.67,25.72
2024-09-05,2024-09-06,SH601601,2,0.8870056497175142,0.9601100412654745,0.9491059147180193,0.0,0.029192124915139228,0.00697442710063112,0.06893139841688645,30.32,30.25,30.17,30.23,30.37,30.89
2024-09-05,2024-09-06,SH601319,3,0.8700564971751413,0.9779917469050894,0.9436038514442916,0.0,0.01980198019801982,0.006514657980456029,0.08090614886731395,6.18,6.15,6.15,6.18,6.19,6.22
2024-09-05,2024-09-06,SH601628,4,0.8587570621468926,0.9931224209078404,0.9862448418156808,0.0,0.01784651992861397,0.0044027003228646056,0.0862068965517242,34.22,34.1,33.94,34.03,34.26,34.45
2024-09-05,2024-09-06,SH600377,5,0.8248587570621467,0.9298486932599724,0.9133425034387895,0.0,0.026485325697924056,0.005610098176718203,0.07182705718270577,14.34,14.39,14.39,14.49,14.5,14.58
2024-09-20,2024-09-23,SZ000921,1,0.8871794871794872,0.9739010989010989,0.9642857142857143,0.0,0.02514071294559117,0.005520794994479106,0.08638360175695459,27.32,27.25,27.7,27.72,28.17,28.34
2024-09-20,2024-09-23,SZ301236,2,0.8615384615384616,0.9326923076923077,0.9203296703296703,0.0,0.05906432748537993,0.006390664073353536,0.12424075096631704,36.22,36.9,37.41,38.17,38.15,37.39
2024-09-20,2024-09-23,SH603444,3,0.8461538461538461,0.9766483516483516,0.9395604395604396,0.0,0.015177404764298075,0.007481296758104827,0.08366336633663374,202.0,200.0,202.99,206.18,204.68,205.2
2024-09-20,2024-09-23,SH600612,4,0.7999999999999999,0.9725274725274725,0.9629120879120879,0.0,0.011155227831348036,0.0060195635816402415,0.09050112191473447,53.48,53.17,53.87,53.64,54.29,54.22
2024-09-20,2024-09-23,SH600563,5,0.7948717948717948,0.9464285714285714,0.9313186813186813,0.0,0.0206148713060057,0.005517727166001407,0.08184471687098638,85.65,86.17,86.9,86.99,87.31,86.02
2024-09-23,2024-09-24,SH603486,1,0.8253968253968252,0.9546703296703297,0.9423076923076923,0.0,0.024878048780487827,0.0011913271384322854,0.07615421227986663,42.02,42.14,41.73,41.31,41.19,41.02
2024-09-23,2024-09-24,SH603786,2,0.7142857142857143,0.9574175824175825,0.945054945054945,0.0,0.016169881161114397,0.001151631477926962,0.08397239263803691,52.16,52.04,52.1,51.77,51.34,50.93
2024-09-23,2024-09-24,SH600271,3,0.6349206349206349,0.9217032967032966,0.9038461538461539,0.0,0.01568154402895061,0.0011890606420927874,0.08194774346793343,8.42,8.42,8.45,8.42,8.4,8.39
2024-09-23,2024-09-24,SH601919,4,0.6031746031746031,0.8324175824175825,0.8118131868131868,0.0,0.02001539645881456,0.0015117157974300355,0.0777358490566038,13.25,13.42,13.3,13.37,13.44,13.48
2024-09-23,2024-09-24,SH600690,5,0.5873015873015873,0.9862637362637363,0.9807692307692307,0.0,0.005130084279955982,0.0010948905109489093,0.091870215092964,27.43,28.02,27.66,27.36,27.35,26.95
2024-09-24,2024-09-25,SH603298,1,0.8703703703703703,0.9684065934065934,0.9601648351648352,0.0,0.03762268266085056,0.012234042553191493,0.05149763531266416,19.03,18.85,18.62,18.86,18.79,18.76
2024-09-24,2024-09-25,SH601601,2,0.851851851851852,0.9326923076923077,0.9120879120879121,0.0,0.057419354838709635,0.007375537799631182,0.030506406345332415,32.78,33.49,33.82,33.92,33.25,33.17
2024-09-24,2024-09-25,SH600927,3,0.8333333333333334,0.9752747252747253,0.967032967032967,0.0,0.04785077047850761,0.0038850038850040125,0.04024767801857587,12.92,13.18,13.36,13.54,13.47,13.67
2024-09-24,2024-09-25,SH600612,4,0.8111111111111112,0.9409340659340659,0.9217032967032966,0.0,0.037844036697247674,0.0072342793544797335,0.05985267034990782,54.3,54.79,54.19,54.93,54.55,53.87
2024-09-24,2024-09-25,SZ300124,5,0.7888888888888889,0.9093406593406593,0.8887362637362637,0.0,0.07605956471935849,0.004920838682070938,0.11007025761124134,46.97,48.4,48.1,48.2,48.02,48.48
2024-09-25,2024-09-26,SZ300033,1,0.8761904761904762,0.9917582417582418,0.9821428571428571,0.0,0.014513543160914688,0.004427736006683336,0.147134658571072,120.23,117.2,119.38,118.59,118.41,120.55
2024-09-25,2024-09-26,SZ300059,2,0.8380952380952381,0.967032967032967,0.9491758241758241,0.0,0.012987012987013102,0.007263922518159882,0.1498397435897436,12.48,12.26,12.45,12.34,12.28,12.5
2024-09-25,2024-09-26,SH600536,3,0.8095238095238096,0.9876373626373627,0.978021978021978,0.0,0.01378518093049963,0.0036963321012224437,0.07903682719546756,35.3,35.1,34.95,34.96,35.08,35.65
2024-09-25,2024-09-26,SH600739,4,0.7714285714285714,0.9807692307692307,0.9684065934065934,0.0,0.03171007927519809,0.002200220022002153,0.03951701427003296,9.11,9.0,9.27,9.23,9.33,9.39
2024-09-25,2024-09-26,SH603707,5,0.7619047619047619,0.9766483516483516,0.9615384615384616,0.0,0.012451361867704236,0.0038580246913579863,0.07840122982321285,13.01,12.9,12.84,12.78,12.72,12.75
2024-09-26,2024-09-27,SH600985,1,0.8583333333333334,0.9629120879120879,0.9313186813186813,0.0,0.0629095674967235,0.006203473945409321,0.036991368680641346,16.22,16.38,16.72,16.72,16.44,16.58
2024-09-26,2024-09-27,SZ002625,2,0.8500000000000001,0.9986263736263736,0.9945054945054945,0.0,0.048086359175662396,0.005649717514124353,0.04962546816479407,21.36,21.9,22.07,21.82,21.74,21.85
2024-09-26,2024-09-27,SZ002601,3,0.8291666666666666,0.9354395604395604,0.9038461538461539,0.0,0.06188548293811458,0.011570247933884392,0.045751633986928164,18.36,19.0,19.06,19.14,18.98,19.23
2024-09-26,2024-09-27,SH601689,4,0.775,0.9821428571428571,0.9629120879120879,0.0,0.06460224239188461,0.0027659039476992664,0.03635907723169507,39.88,40.3,40.42,40.67,40.95,41.67
2024-09-26,2024-09-27,SH601601,5,0.775,0.9244505494505495,0.8914835164835165,0.0,0.05783353733170138,0.007577965607694415,0.03355510558287533,34.57,35.4,35.6,35.37,35.0,35.44
2024-09-27,2024-09-30,SZ300059,1,0.9333333333333332,0.9986263736263736,0.9917582417582418,0.0,0.1382113821138211,0.008403361344537785,0.0071428571428571175,16.8,19.49,20.16,19.73,19.86,20.2
2024-09-27,2024-09-30,SZ300015,2,0.9076923076923077,0.9876373626373627,0.9601648351648352,0.0,0.09539748953974891,0.012374323279195742,0.054239877769289624,13.09,14.5,14.77,14.39,14.36,14.52
2024-09-27,2024-09-30,SZ301236,3,0.9025641025641026,0.9711538461538461,0.9326923076923077,0.0,0.10208279763435324,0.012520670918970023,0.07956136257582846,42.86,49.0,48.71,47.52,49.0,50.9
2024-09-27,2024-09-30,SH601689,4,0.8564102564102565,0.9958791208791209,0.9752747252747253,0.0,0.04987593052109185,0.011958861516383701,0.03876152209879469,42.31,44.15,45.47,45.49,44.5,44.46
2024-09-27,2024-09-30,SZ002153,5,0.8461538461538461,0.9945054945054945,0.9725274725274725,0.0,0.050393700787401574,0.009077155824508187,0.032983508245876925,6.67,6.88,7.23,7.09,7.12,7.15
2024-09-30,2024-10-08,SZ300118,1,0.896551724137931,0.9464285714285714,0.8695054945054945,0.0,0.1283950617283951,0.02008928571428581,0.016046681254558548,13.71,16.34,15.85,15.75,15.33,15.82
2024-09-30,2024-10-08,SZ301029,2,0.7816091954022989,0.9423076923076923,0.8626373626373627,0.0,0.10938883968113378,0.014991896272285254,0.010379241516965898,25.05,30.21,29.39,29.39,28.42,29.08
2024-09-30,2024-10-08,SZ300763,3,0.7471264367816092,0.9821428571428571,0.9326923076923077,0.0,0.10600238505366377,0.005662650602409558,0.02623697136695813,83.47,97.0,95.3,96.21,91.98,95.39
2024-09-30,2024-10-08,SZ300595,4,0.735632183908046,0.9244505494505495,0.8289835164835165,0.0,0.11880108991825611,0.013326752221125338,0.014125669751583025,20.53,24.86,24.61,24.3,23.29,24.16
2024-09-30,2024-10-08,SZ300682,5,0.7126436781609194,0.9725274725274725,0.9024725274725275,0.0,0.10000000000000009,0.006908462867012188,0.037735849056603765,11.66,14.33,13.96,13.9,13.47,13.61
2024-10-21,2024-10-22,SZ300118,1,0.75,0.9780521262002744,0.8422496570644719,0.0,0.04403948367501909,0.0036496350364965124,0.09890909090909084,13.75,13.31,13.14,13.11,13.13,13.07
2024-10-21,2024-10-22,SZ301165,2,0.6666666666666666,1.0,0.9410150891632373,0.0,0.03497382198952881,0.0010127607859025112,0.15337919870497774,49.42,49.0,48.73,48.2,48.62,50.0
2024-10-21,2024-10-22,SZ300136,3,0.6388888888888888,0.9890260631001372,0.8998628257887518,0.0,0.013082583810302584,0.0028328611898016387,0.18361581920903935,24.78,24.71,24.46,24.22,24.24,24.99
2024-10-21,2024-10-22,SZ000519,4,0.6388888888888888,0.897119341563786,0.8271604938271605,1.0,0.022106631989596837,0.0187945560596241,0.0540712468193385,15.72,15.5,15.38,15.25,15.22,15.17
2024-10-21,2024-10-22,SZ300002,5,0.611111111111111,0.8532235939643347,0.9108367626886146,1.0,0.060377358490566024,0.002855103497501954,0.13024911032028474,14.05,14.19,14.56,14.73,14.73,14.47
2024-10-24,2024-10-25,SZ301165,1,0.7333333333333334,0.9972602739726028,0.9602739726027397,0.0,0.02578452928243058,0.0003898635477583845,0.1740062353858145,51.32,51.85,50.65,50.0,49.86,49.3
2024-10-24,2024-10-25,SZ300054,2,0.6666666666666666,0.9904109589041096,0.8917808219178082,0.0,0.011743119266055091,0.0007259528130671988,0.19223793978962633,27.57,27.68,27.5,27.43,27.45,27.22
2024-10-24,2024-10-25,SZ300433,3,0.6,0.9506849315068493,0.9383561643835616,1.0,0.01804577464788726,0.002600780234070177,0.20665801988759203,23.13,23.27,23.08,23.11,22.99,22.85
2024-10-24,2024-10-25,SZ002572,4,0.5333333333333333,0.9726027397260274,0.9068493150684932,1.0,0.001612903225806317,0.0037715517241379004,0.11057434245840048,18.63,18.62,19.13,19.26,19.05,19.6
2024-10-24,2024-10-25,SZ300223,5,0.4666666666666666,0.9794520547945206,0.9671232876712329,1.0,0.007427130044842967,0.0004174784302810597,0.2015579357351509,71.89,72.0,71.98,71.98,72.38,72.12
2024-10-25,2024-10-28,SZ300118,1,0.8571428571428572,0.9972602739726028,0.9465753424657535,0.0,0.0871722182849044,0.002614379084967311,0.10951760104302477,15.34,15.18,15.07,14.86,14.79,14.85
2024-10-25,2024-10-28,SZ300395,2,0.7380952380952381,0.9986301369863013,0.9506849315068493,0.0,0.00666370501999114,0.004655287076036352,0.191747572815534,45.32,45.88,45.23,44.51,44.71,45.15
2024-10-25,2024-10-28,SZ300002,3,0.6428571428571429,0.8863013698630137,0.9013698630136986,1.0,0.025075987841945313,0.004467609828741725,0.16160118606375096,13.49,13.5,13.5,13.33,13.38,13.44
2024-10-25,2024-10-28,SZ300601,4,0.6428571428571428,0.9876712328767123,0.8589041095890411,0.0,0.016756756756756586,0.0026652452025583973,0.18394471026049986,18.81,19.2,19.33,19.43,19.45,19.74
2024-10-25,2024-10-28,SZ300568,5,0.6428571428571428,0.8013698630136986,0.8780821917808219,1.0,0.10692464358452125,0.003693444136657398,0.0754369825206993,10.87,10.98,10.7,10.66,10.62,10.61
2024-10-28,2024-10-29,SZ300748,1,0.8571428571428572,0.989041095890411,0.9602739726027397,1.0,0.07432024169184293,0.003386004514672747,0.12710911136107983,17.78,18.05,17.46,17.38,17.24,17.61
2024-10-28,2024-10-29,SZ300394,2,0.7142857142857143,0.9958904109589041,0.9863013698630136,1.0,0.023328267477203513,0.00044573211499865373,0.18422811316551568,134.67,132.0,130.7,132.87,132.51,133.8
2024-10-28,2024-10-29,SZ300012,3,0.6666666666666666,0.9808219178082191,0.8342465753424657,0.0,0.006775067750677488,0.0047329276538201626,0.19179004037685066,14.86,14.97,14.83,14.75,14.72,14.7
2024-10-28,2024-10-29,SZ301358,4,0.6190476190476191,0.9739726027397261,0.958904109589041,1.0,0.007045454545454577,0.004078857919782353,0.18099751749040838,44.31,43.36,44.22,44.7,44.41,43.8
2024-10-28,2024-10-29,SZ300682,5,0.4761904761904762,0.815068493150685,0.826027397260274,1.0,0.021666666666666723,0.002452984464431651,0.1810766721044046,12.26,12.31,12.33,12.2,12.15,12.08
2024-10-30,2024-10-31,SZ300136,1,0.7777777777777777,0.9876543209876543,0.8532235939643347,0.0,0.024640657084188833,0.012170385395537497,0.19478957915831652,24.95,24.9,24.28,24.31,24.33,24.5
2024-10-30,2024-10-31,SZ300088,2,0.7777777777777777,0.9259259259259259,0.9149519890260631,1.0,0.07439198855507856,0.014864864864864824,0.11051930758988027,7.51,7.66,7.37,7.34,7.33,7.27
2024-10-30,2024-10-31,SZ300861,3,0.7301587301587301,0.9917695473251029,0.8806584362139918,0.0,0.027128547579298834,0.008193363375665674,0.1800081267777327,24.61,25.2,25.55,25.27,25.45,26.07
2024-10-30,2024-10-31,SZ301165,4,0.6984126984126985,1.0,0.953360768175583,0.0,0.024321608040201115,0.006319115323854652,0.18171114599686033,50.96,50.45,50.36,50.49,50.8,51.7
2024-10-30,2024-10-31,SZ300118,5,0.6984126984126983,0.9986282578875172,0.9327846364883402,0.0,0.04219096965210967,0.005714285714285783,0.18536931818181834,14.08,14.45,14.59,14.7,14.46,14.81
2024-11-04,2024-11-05,SZ300861,1,0.8571428571428571,0.989010989010989,0.8585164835164835,0.0,0.059825508932281,0.007106198183971735,0.12622500980007834,25.51,25.46,25.0,25.12,25.21,25.36
2024-11-04,2024-11-05,SZ300058,2,0.8095238095238096,0.9945054945054945,0.8983516483516484,0.0,0.029023746701847042,0.007751937984496138,0.14358974358974352,7.8,7.7,7.72,7.72,7.75,7.73
2024-11-04,2024-11-05,SZ300136,3,0.746031746031746,0.9793956043956044,0.8063186813186813,0.0,0.038362068965517304,0.0058455114822546506,0.14030718140307186,24.09,24.12,24.2,24.43,24.43,24.67
2024-11-04,2024-11-05,SH600563,4,0.7301587301587302,0.9931318681318682,0.9340659340659341,1.0,0.06818749479643671,0.002343750000000089,0.05487139516757589,128.3,128.5,128.74,128.53,129.0,130.29
2024-11-04,2024-11-05,SZ300438,5,0.6349206349206349,0.8296703296703297,0.9093406593406593,1.0,0.036407766990291135,0.007966951903216168,0.17740046838407508,34.16,34.02,34.51,34.55,34.64,34.55
2024-11-05,2024-11-06,SZ300861,1,0.8666666666666667,0.9849108367626886,0.8518518518518519,0.0,0.09740769835035357,0.006846846846846999,0.09663564781675005,27.94,28.38,28.83,28.5,28.43,29.28
2024-11-05,2024-11-06,SH600563,2,0.8333333333333334,0.9986282578875172,0.9506172839506173,1.0,0.035719844357976704,0.0036196365281653264,0.06536929897062138,133.09,132.33,132.57,132.7,134.0,134.82
2024-11-05,2024-11-06,SH603317,3,0.7333333333333334,0.9972565157750343,0.9327846364883402,1.0,0.020689655172413834,0.0027100271002711285,0.08243243243243237,14.8,14.8,14.73,14.63,14.66,14.67
2024-11-05,2024-11-06,SH603799,4,0.6666666666666666,0.8285322359396433,0.8381344307270233,1.0,0.06453634085213023,0.007113218731475746,0.03296056503825784,33.98,34.7,37.32,37.36,37.36,37.36
2024-11-05,2024-11-06,SZ300394,5,0.6333333333333333,0.9807956104252401,0.9615912208504801,1.0,0.05335114323878365,0.0023177570093457778,0.15321497836789488,134.06,133.0,134.34,131.82,131.96,130.97
2024-11-11,2024-11-12,SZ300073,1,0.9166666666666666,0.9904109589041096,0.9082191780821918,0.0,0.05352607931236575,0.01677978883861231,0.15965139996291478,53.93,54.11,53.26,52.8,53.27,53.7
2024-11-11,2024-11-12,SZ300751,2,0.8214285714285715,0.9712328767123287,0.8602739726027397,0.0,0.1185618729096991,0.006242948476871124,0.07288084915532966,133.78,135.35,134.19,133.68,134.33,134.2
2024-11-11,2024-11-12,SZ300438,3,0.8095238095238096,0.9808219178082191,0.8794520547945206,0.0,0.07753479125248508,0.005299417064122736,0.15946230890880342,37.94,39.05,38.89,38.46,38.92,38.72
2024-11-11,2024-11-12,SZ300748,4,0.7976190476190476,1.0,0.9876712328767123,1.0,0.04927940492794036,0.0044503782821541105,0.1705804164820559,22.57,22.56,22.71,22.78,22.83,22.84
2024-11-11,2024-11-12,SZ301358,5,0.7738095238095238,0.9849315068493151,0.9767123287671233,1.0,0.03622047244094495,0.014453651956060964,0.15691489361702127,52.64,53.0,53.85,53.5,53.36,53.84
2024-11-26,2024-11-27,SH603338,1,0.9333333333333332,0.9684499314128944,0.9615912208504801,1.0,0.033571428571428585,0.002424662279182588,0.0642709053213546,57.88,57.3,58.0,57.77,58.0,57.8
2024-11-26,2024-11-27,SH601607,2,0.6,0.943758573388203,0.8573388203017832,0.0,0.021779425393883445,0.0009078529278256919,0.08662131519274374,22.05,22.02,21.85,21.95,21.77,21.98
2024-11-26,2024-11-27,SZ300558,3,0.5333333333333333,0.9602194787379973,0.8765432098765432,0.0,0.021146245059288526,0.0005809450038729569,0.175149990323205,51.67,51.62,51.35,51.42,51.03,51.16
2024-11-26,2024-11-27,SH601128,4,0.4666666666666666,0.9314128943758574,0.8340192043895748,0.0,0.016348773841961872,0.0013422818791946067,0.08176943699731898,7.46,7.45,7.45,7.42,7.44,7.4
2024-11-26,2024-11-27,SH600183,5,0.4666666666666666,0.9286694101508917,0.831275720164609,0.0,0.014742014742014531,0.003889158969372808,0.08668280871670708,20.65,20.51,20.65,20.49,20.58,20.31
2024-12-02,2024-12-03,SH603296,1,0.8759689922480621,0.9807956104252401,0.9300411522633745,0.0,0.04193138500635318,0.003979185797367446,0.04893292682926842,65.6,65.3,65.35,65.0,64.89,64.65
2024-12-02,2024-12-03,SZ300450,2,0.8372093023255814,0.943758573388203,0.9849108367626886,1.0,0.03249251817015808,0.006249999999999867,0.17349896480331273,24.15,24.28,23.95,23.95,24.0,23.86
2024-12-02,2024-12-03,SZ300136,3,0.7906976744186046,0.9547325102880658,0.8861454046639232,0.0,0.025630914826498596,0.0058004640371229765,0.1680123029603997,26.01,25.99,25.82,25.74,25.79,26.55
2024-12-02,2024-12-03,SZ300118,4,0.7596899224806202,0.9231824417009602,0.8491083676268861,0.0,0.03155680224403934,0.008224811514736086,0.18830727396329028,14.71,15.25,14.87,14.89,15.01,15.26
2024-12-02,2024-12-03,SH601788,5,0.751937984496124,0.9862825788751715,0.9423868312757202,0.0,0.02590673575129543,0.0025316455696202667,0.09393939393939399,19.8,19.74,19.62,19.63,19.56,19.52
2024-12-03,2024-12-04,SZ300888,1,0.7777777777777778,0.9753086419753086,0.9080932784636488,0.0,0.013550135501354976,0.006458557588805203,0.20320855614973277,37.4,37.03,37.65,37.58,37.57,37.11
2024-12-03,2024-12-04,SH600079,2,0.7777777777777778,0.9231824417009602,0.8381344307270233,0.0,0.027360988526037078,0.008228670420095341,0.07259450171821302,23.28,23.24,23.25,23.12,23.1,23.31
2024-12-03,2024-12-04,SZ300296,3,0.7777777777777777,0.9314128943758574,0.8477366255144033,0.0,0.03220035778175312,0.003478260869565153,0.1542461005199307,5.77,5.81,5.7,5.7,5.69,5.64
2024-12-03,2024-12-04,SH601816,4,0.611111111111111,0.9382716049382716,0.8600823045267489,0.0,0.024793388429752206,0.001615508885298933,0.0693548387096774,6.2,6.2,6.17,6.11,6.09,6.09
2024-12-03,2024-12-04,SZ000623,5,0.27777777777777773,0.9218106995884774,0.813443072702332,0.0,0.01025917926565878,0.0005347593582889498,0.08925708177445202,18.71,18.68,18.56,18.53,18.51,18.48
2024-12-04,2024-12-05,SH603338,1,0.8333333333333334,0.9725651577503429,0.9218106995884774,0.0,0.015664055990668224,0.005443747937974308,0.08383921246923709,60.95,60.5,61.14,60.52,60.26,60.47
2024-12-04,2024-12-05,SZ000937,2,0.7916666666666666,0.9684499314128944,0.9149519890260631,0.0,0.021439509954058078,0.004518072289156683,0.08095952023988007,6.67,6.66,6.62,6.65,6.63,6.6
2024-12-04,2024-12-05,SH603517,3,0.6666666666666666,0.9629629629629629,0.9094650205761317,0.0,0.009694619486185108,0.006766553890768412,0.1003360537686031,20.83,20.61,20.29,19.98,20.0,19.93
2024-12-04,2024-12-05,SH603728,4,0.5416666666666666,0.8710562414266118,0.9588477366255144,1.0,0.05793006004945256,0.0016722408026756952,0.07913188647746239,59.9,59.8,59.7,59.16,59.32,58.84
2024-12-04,2024-12-05,SH603392,5,0.5,0.887517146776406,0.8093278463648834,0.0,0.024660090642495414,0.0015635179153095091,0.07753349811369836,76.87,77.05,75.95,76.0,75.81,75.9
2024-12-05,2024-12-06,SZ300418,1,0.8888888888888888,0.9602194787379973,0.9149519890260631,0.0,0.0267565803785077,0.006182050735451083,0.13601694915254225,47.2,48.7,47.62,47.83,48.4,48.9
2024-12-05,2024-12-06,SZ300296,2,0.7777777777777778,0.9519890260631001,0.9039780521262003,0.0,0.019298245614034926,0.006932409012131657,0.1790017211703958,5.81,5.86,5.95,5.93,5.88,5.84
2024-12-05,2024-12-06,SH600132,3,0.7654320987654321,0.9094650205761317,0.8477366255144033,0.0,0.02758188371728565,0.005674846625766783,0.0773219460118959,65.57,65.52,65.3,65.45,65.32,64.79
2024-12-05,2024-12-06,SZ002867,4,0.7407407407407408,0.9986282578875172,0.9780521262002744,0.0,0.019969278033794113,0.0030211480362536403,0.08584337349397586,13.28,13.21,13.19,13.24,13.3,13.22
2024-12-05,2024-12-06,SH603885,5,0.7037037037037037,0.9492455418381345,0.9012345679012346,0.0,0.01888162672476401,0.0042949176807443035,0.0826799714896651,14.03,14.08,14.16,14.14,14.04,14.29
2024-12-06,2024-12-09,SZ300888,1,0.8787878787878788,0.9862825788751715,0.9602194787379973,0.0,0.02365887207702877,0.0029649595687331054,0.1819403386186509,37.21,37.19,37.51,37.53,37.43,37.49
2024-12-06,2024-12-09,SZ300487,2,0.787878787878788,0.9794238683127572,0.953360768175583,0.0,0.007574358026972039,0.002020944332169705,0.19123579024569115,54.54,54.7,54.5,54.72,54.51,54.25
2024-12-06,2024-12-09,SH600373,3,0.7575757575757575,0.8683127572016461,0.803840877914952,0.0,0.07137254901960777,0.008118081180811698,0.02342606149341142,13.66,13.59,13.27,13.36,13.41,13.46
2024-12-06,2024-12-09,SH601988,4,0.6363636363636364,0.9382716049382716,0.8916323731138546,0.0,0.0059055118110236116,0.0019607843137257053,0.09393346379647749,5.11,5.1,5.09,5.1,5.11,5.13
2024-12-06,2024-12-09,SH601006,5,0.5757575757575758,0.9286694101508917,0.877914951989026,0.0,0.007256894049346929,0.0014430014430015792,0.09077809798270886,6.94,6.93,6.92,6.92,6.94,6.97
2024-12-09,2024-12-10,SH601816,1,0.8229166666666666,0.9849108367626886,0.9602194787379973,0.0,0.019200000000000106,0.006319115323854652,0.0800627943485086,6.37,6.46,6.39,6.34,6.33,6.34
2024-12-09,2024-12-10,SZ002867,2,0.8020833333333334,0.9835390946502057,0.9574759945130316,0.0,0.021837349397590522,0.005185185185185182,0.07590272660280029,13.57,13.75,13.6,13.57,13.57,13.56
2024-12-09,2024-12-10,SZ300979,3,0.8020833333333334,0.9465020576131687,0.906721536351166,0.0,0.053593685085168374,0.010761259465922768,0.13433228180862256,76.08,77.3,74.96,75.15,74.56,75.27
2024-12-09,2024-12-10,SH603885,4,0.7604166666666666,0.9725651577503429,0.9396433470507545,0.0,0.02999318336741652,0.003986710963455042,0.06816677696889495,15.11,15.4,15.48,15.27,15.45,15.3
2024-12-09,2024-12-10,SZ002841,5,0.7395833333333334,0.9574759945130316,0.9231824417009602,0.0,0.017508246637909286,0.018283392585068503,0.08104738154613456,40.1,41.24,40.49,40.23,40.48,40.36
2024-12-11,2024-12-12,SH600612,1,0.8253968253968255,0.952054794520548,0.9219178082191781,0.0,0.0513528437327444,0.004395990856339127,0.04674369747899165,57.12,56.49,56.38,56.7,56.5,57.05
2024-12-11,2024-12-12,SZ300888,2,0.7936507936507936,0.9863013698630136,0.9698630136986301,0.0,0.08342274678111594,0.0017361111111111605,0.10522406536271345,40.39,39.8,40.94,41.16,40.99,41.27
2024-12-11,2024-12-12,SZ300979,3,0.7777777777777777,0.9821917808219178,0.9671232876712329,0.0,0.017776598567259327,0.005900091779205585,0.18691345151199168,76.72,76.85,77.3,77.54,77.63,77.63
2024-12-11,2024-12-12,SZ000937,4,0.7777777777777777,0.9493150684931507,0.9205479452054794,0.0,0.03201219512195119,0.004451038575667532,0.06794682422452003,6.77,6.8,6.78,6.77,6.76,6.74
2024-12-11,2024-12-12,SZ000898,5,0.7301587301587301,0.9438356164383561,0.915068493150685,0.0,0.04597701149425282,0.003676470588235281,0.05860805860805862,2.73,2.74,2.67,2.7,2.7,2.7
2024-12-12,2024-12-13,SZ300442,1,0.935483870967742,0.9712328767123287,0.952054794520548,0.0,0.0898058252427183,0.05349601126231818,0.069042316258352,44.9,42.42,46.4,45.9,46.03,46.22
2024-12-12,2024-12-13,SH600612,2,0.7956989247311829,0.9561643835616438,0.9328767123287671,0.0,0.02230483271375472,0.008909853249475796,0.08744588744588744,57.75,57.65,57.78,57.4,57.4,57.32
2024-12-12,2024-12-13,SH601816,3,0.7419354838709676,0.9835616438356164,0.9657534246575342,0.0,0.024077046548956593,0.0015698587127157548,0.07210031347962387,6.38,6.3,6.35,6.31,6.3,6.31
2024-12-12,2024-12-13,SZ002739,4,0.7311827956989246,0.9657534246575342,0.9438356164383561,0.0,0.012564671101256364,0.004398826979472137,0.08686131386861318,13.7,13.59,13.7,13.6,13.7,13.59
2024-12-12,2024-12-13,SH600600,5,0.7204301075268816,0.8986301369863013,0.8547945205479452,0.0,0.03766233766233773,0.0037688442211056827,0.05957446808510625,79.9,79.0,79.94,79.97,80.33,79.68
2024-12-16,2024-12-17,SH600177,1,0.9523809523809524,0.9821917808219178,0.9561643835616438,0.0,0.058004640371229765,0.005512679162072542,0.03289473684210531,9.12,9.0,8.79,8.68,8.68,8.72
2024-12-16,2024-12-17,SZ300888,2,0.7142857142857143,0.9986301369863013,0.9917808219178083,0.0,0.01293813220418727,0.0027945971122498303,0.18044588945657214,43.06,42.8,41.77,41.45,41.0,41.11
2024-12-16,2024-12-17,SH600282,3,0.6666666666666666,0.9136986301369863,0.8589041095890411,0.0,0.03125,0.002169197396963085,0.0714285714285714,4.62,4.61,4.62,4.62,4.62,4.63
2024-12-16,2024-12-17,SH600183,4,0.5238095238095237,0.9041095890410958,0.8506849315068493,0.0,0.05312500000000009,0.0004240882103478949,0.03942348452734201,23.59,23.65,24.1,24.01,24.38,24.86
2024-12-16,2024-12-17,SZ300413,5,0.4761904761904761,0.9397260273972603,0.9013698630136986,0.0,0.01835781041388529,0.0003278688524590567,0.1805965257292692,30.51,30.21,29.71,29.54,29.62,29.56
2024-12-17,2024-12-18,SZ002797,1,0.8421052631578947,0.963013698630137,0.9424657534246575,0.0,0.0380848748639826,0.003154574132492094,0.07023060796645719,9.54,9.44,9.48,9.42,9.39,9.47
2024-12-17,2024-12-18,SZ002203,2,0.8245614035087719,0.9452054794520548,0.9136986301369863,0.0,0.01962616822429908,0.0064575645756457245,0.08157653528872588,10.91,11.0,10.99,10.93,10.94,11.09
2024-12-17,2024-12-18,SH600177,3,0.8070175438596491,0.9931506849315068,0.9753424657534246,0.0,0.036666666666666625,0.002148227712137407,0.067524115755627,9.33,8.85,8.82,8.8,8.77,8.8
2024-12-17,2024-12-18,SZ300502,4,0.7894736842105262,0.9383561643835616,0.9068493150684932,0.0,0.027594158339738772,0.005339148744172073,0.18647617622858847,133.69,133.0,128.73,129.0,128.73,128.65
2024-12-17,2024-12-18,SH600707,5,0.7543859649122807,0.9712328767123287,0.9534246575342465,0.0,0.006150061500614923,0.006150061500614923,0.0990220048899757,8.18,8.09,8.25,8.16,8.18,8.46
2024-12-25,2024-12-26,SH601398,1,0.85,0.9108367626886146,0.8806584362139918,0.0,0.02511078286558366,0.005797101449275477,0.0749279538904899,6.94,6.94,6.82,6.86,6.85,6.82
2024-12-25,2024-12-26,SZ301165,2,0.7333333333333334,0.9986282578875172,0.9986282578875172,1.0,0.006343332892824183,0.013981358189081305,0.20236375574523957,76.15,76.85,76.7,78.33,77.74,80.2
2024-12-25,2024-12-26,SZ300888,3,0.7166666666666667,0.9945130315500685,0.9807956104252401,0.0,0.006474820143884896,0.003826835685242669,0.19704550869668824,41.97,41.55,41.76,41.76,41.92,42.6
2024-12-25,2024-12-26,SH601816,4,0.7000000000000001,0.9286694101508917,0.8998628257887518,0.0,0.016260162601625883,0.0016025641025640969,0.08479999999999999,6.25,6.26,6.21,6.24,6.23,6.19
2024-12-25,2024-12-26,SH601098,5,0.6833333333333335,0.9876543209876543,0.9657064471879286,0.0,0.01324965132496514,0.001378359751895264,0.10805230557467316,14.53,14.76,14.56,14.67,14.64,14.53
2024-12-27,2024-12-30,SZ002625,1,0.9186991869918698,0.9670781893004116,0.9396433470507545,0.0,0.03193313330475789,0.008376963350785305,0.032606438213914846,48.15,48.18,47.25,47.37,48.08,47.86
2024-12-27,2024-12-30,SH600707,2,0.8617886178861789,0.9876543209876543,0.9670781893004116,0.0,0.016949152542373058,0.004784688995215447,0.09047619047619038,8.4,8.4,8.33,8.37,8.42,8.5
2024-12-27,2024-12-30,SH601231,3,0.8617886178861789,0.9629629629629629,0.9355281207133059,0.0,0.030624999999999902,0.006101281269066394,0.0624620982413584,16.49,16.34,16.41,16.4,16.49,16.76
2024-12-27,2024-12-30,SZ001965,4,0.8536585365853658,0.9766803840877915,0.9506172839506173,0.0,0.02496328928047009,0.004316546762589857,0.069484240687679,13.96,13.88,13.96,13.9,13.92,14.0
2024-12-27,2024-12-30,SZ300803,5,0.8211382113821138,0.953360768175583,0.9245541838134431,0.0,0.020528141865844285,0.010207975577180006,0.187458683539522,105.89,103.2,103.29,103.09,102.66,103.97
2024-12-30,2024-12-31,SH601098,1,0.9166666666666666,0.9711934156378601,0.9451303155006858,0.0,0.043933054393305415,0.005372733378106176,0.06346025384101539,14.97,14.91,15.17,15.14,15.07,15.03
2024-12-30,2024-12-31,SZ002595,2,0.6944444444444443,0.9039780521262003,0.8710562414266118,0.0,0.04385049070787228,0.0008008008008006939,0.05401080216043197,49.99,50.0,50.31,50.51,50.43,50.6
2024-12-30,2024-12-31,SZ000988,3,0.6666666666666666,0.9917695473251029,0.9766803840877915,0.0,0.03611111111111098,0.00022346368715076004,0.05630026809651478,44.76,44.28,44.49,44.75,44.08,43.84
2024-12-30,2024-12-31,SH601928,4,0.6666666666666666,0.8820301783264746,0.8436213991769548,0.0,0.024977698483496846,0.002617801047120283,0.07310704960835501,11.49,11.46,11.63,11.69,11.65,11.62
2024-12-30,2024-12-31,SZ300496,5,0.6111111111111112,0.9849108367626886,0.9670781893004116,0.0,0.004638936137312477,0.002623456790123546,0.20624903801754657,64.97,65.3,64.9,63.71,63.19,62.28
2024-12-31,2025-01-02,SH600941,1,0.8492063492063492,0.9410150891632373,0.9135802469135802,0.0,0.026929364191688787,0.0136730360934183,0.07238605898123329,119.36,117.92,118.19,117.37,117.09,116.6
2024-12-31,2025-01-02,SH600066,2,0.8412698412698413,0.99039780521262,0.9615912208504801,0.0,0.014068441064638781,0.008698940998487226,0.08211473565804273,26.67,26.3,26.42,26.43,26.3,26.28
2024-12-31,2025-01-02,SZ000729,3,0.8095238095238094,0.9780521262002744,0.9561042524005487,0.0,0.011666666666666714,0.010824313072439695,0.08896210873146626,12.14,12.0,12.08,12.19,12.18,12.2
2024-12-31,2025-01-02,SH601098,4,0.7936507936507936,0.9862825788751715,0.9698216735253772,0.0,0.011401743796110031,0.009370816599732379,0.0915119363395227,15.08,15.01,14.98,15.01,15.0,15.38
2024-12-31,2025-01-02,SZ002867,5,0.753968253968254,0.9300411522633745,0.8998628257887518,0.0,0.018841591067690233,0.01038062283737018,0.08150684931506835,14.6,14.46,14.52,14.65,14.65,14.62
2025-01-15,2025-01-16,SH600968,1,0.75,0.8917018284106891,0.8579465541490858,0.0,0.02163461538461542,0.002358490566037652,0.08000000000000007,4.25,4.28,4.31,4.29,4.31,4.39
2025-01-15,2025-01-16,SH600036,2,0.625,0.9465541490857946,0.9085794655414908,0.0,0.014253563390847823,0.0004933399111988201,0.0808678500986193,40.56,40.65,40.73,40.66,40.7,40.86
2025-01-15,2025-01-16,SZ300748,3,0.5833333333333334,0.9493670886075949,0.909985935302391,0.0,0.0014705882352941124,0.0014705882352941124,0.2090063631913852,20.43,20.19,20.5,20.6,20.78,20.9
2025-01-15,2025-01-16,SH601665,4,0.5833333333333334,0.8973277074542897,0.8663853727144867,0.0,0.007421150278293043,0.0018450184501843658,0.09023941068139973,5.43,5.48,5.48,5.5,5.49,5.48
2025-01-15,2025-01-16,SH601808,5,0.5416666666666666,0.9043600562587905,0.8734177215189873,0.0,0.0012853470437017567,0.0019292604501608412,0.09306803594351742,15.58,15.75,15.82,15.67,15.69,15.85
2025-01-17,2025-01-20,SZ002353,1,0.7948717948717948,0.980309423347398,0.9409282700421941,0.0,0.022867904223836444,0.0021085925144967987,0.07706470278800626,38.02,38.68,39.17,39.45,39.1,38.97
2025-01-17,2025-01-20,SH600968,2,0.7948717948717948,0.9521800281293952,0.9142053445850914,0.0,0.02733485193621865,0.0022222222222221255,0.06873614190687372,4.51,4.51,4.44,4.46,4.52,4.51
2025-01-17,2025-01-20,SH600862,3,0.782051282051282,0.9071729957805907,0.8649789029535865,0.0,0.035401915868388034,0.0040387722132471104,0.06757843925985507,24.86,24.87,24.84,24.9,24.74,25.02
2025-01-17,2025-01-20,SH601872,4,0.7692307692307692,0.9760900140646976,0.9367088607594937,0.0,0.026200873362445476,0.0014204545454545858,0.08936170212765959,7.05,7.06,6.95,6.9,6.93,6.93
2025-01-17,2025-01-20,SH603338,5,0.7307692307692308,0.9465541490857946,0.9085794655414908,0.0,0.06505576208178443,0.00101907118940181,0.036940081442699224,68.76,69.85,70.29,70.73,68.95,69.82
2025-01-21,2025-01-22,SZ300383,1,0.8985507246376812,0.9550561797752809,0.9157303370786517,0.0,0.032684283727399066,0.010891763104152519,0.1447811447811449,14.85,14.81,15.12,15.04,14.96,15.19
2025-01-21,2025-01-22,SZ002028,2,0.8840579710144927,0.9648876404494382,0.9269662921348315,0.0,0.02832528390549549,0.003822629969418845,0.06943386646356942,78.78,79.69,78.63,78.02,78.17,77.34
2025-01-21,2025-01-22,SH601100,3,0.7971014492753623,0.9424157303370787,0.9662921348314607,1.0,0.039725590299936275,0.002461159821565806,0.04495933711830591,65.17,65.88,63.58,64.02,64.39,63.58
2025-01-21,2025-01-22,SH600066,4,0.681159420289855,0.9887640449438202,0.9536516853932584,0.0,0.0038993264799715988,0.002477876106194765,0.07733050847457634,28.32,28.6,29.08,28.67,28.43,28.4
2025-01-21,2025-01-22,SZ002384,5,0.6376811594202899,0.925561797752809,0.8876404494382022,0.0,0.009785353535353591,0.003135779241141279,0.07158487027196014,31.99,31.61,31.93,31.85,31.84,31.7
2025-01-22,2025-01-23,SZ002916,1,0.956989247311828,0.9901685393258427,0.949438202247191,0.0,0.046935724962630765,0.006177273380261639,0.05304111936036526,140.08,139.78,139.43,139.86,139.05,140.59
2025-01-22,2025-01-23,SZ300383,2,0.8279569892473116,0.9719101123595506,0.9297752808988764,0.0,0.03781228899392297,0.003919007184846501,0.16330513988288864,15.37,15.6,15.3,15.35,15.51,15.69
2025-01-22,2025-01-23,SZ300502,3,0.8064516129032259,0.9480337078651685,0.9030898876404494,0.0,0.026414821247648046,0.005815190412027604,0.1269830078262708,141.83,141.5,142.0,141.05,142.32,140.13
2025-01-22,2025-01-23,SZ300866,4,0.7311827956989246,0.9831460674157303,0.9410112359550562,0.0,0.01131052533183774,0.0026876737720109567,0.18643127830668282,108.19,108.59,106.06,106.56,106.35,105.93
2025-01-22,2025-01-23,SH600066,5,0.6666666666666666,0.9929775280898876,0.9536516853932584,0.0,0.006993006993006867,0.002436477549599747,0.08020833333333321,28.8,28.74,28.73,28.57,28.63,28.35
2025-01-23,2025-01-24,SH601166,1,0.8461538461538463,0.9144460028050491,0.875,0.0,0.02339776195320442,0.0029910269192423566,0.06660039761431413,20.12,20.08,20.02,20.13,20.1,20.26
2025-01-23,2025-01-24,SZ000921,2,0.7692307692307692,0.8877980364656382,0.848314606741573,0.0,0.014111610006414477,0.005725190839694694,0.0803289057558505,31.62,31.16,31.6,31.23,31.03,31.4
2025-01-23,2025-01-24,SH600036,3,0.5897435897435898,0.8723702664796634,0.8356741573033708,0.0,0.004033274514746665,0.003021908839083265,0.08963093145869938,39.83,39.66,39.69,39.94,39.9,40.33
2025-01-23,2025-01-24,SH601229,4,0.5641025641025642,0.8667601683029453,0.8328651685393258,0.0,0.033594624860022515,0.0010845986984815426,0.06500541711809316,9.23,9.21,9.09,9.14,9.18,9.25
2025-01-23,2025-01-24,SH600803,5,0.5641025641025641,0.9158485273492286,0.8764044943820225,0.0,0.01844660194174752,0.0004768717215068996,0.08007626310772165,20.98,20.93,20.89,20.78,20.78,20.69
2025-01-27,2025-02-05,SZ002648,1,0.8888888888888888,0.9635343618513323,0.9283707865168539,0.0,0.03384615384615386,0.005486284289276888,0.0625,20.16,20.08,19.91,19.91,19.95,19.98
2025-01-27,2025-02-05,SZ002532,2,0.7777777777777777,0.9985974754558204,0.9676966292134831,0.0,0.014380530973451489,0.0010917030567685337,0.0861504907306434,9.17,9.14,9.02,9.05,9.08,9.14
2025-01-27,2025-02-05,SH601872,3,0.6666666666666666,0.9481065918653576,0.9143258426966292,0.0,0.017699115044247815,0.0014513788098695635,0.08405797101449286,6.9,6.99,7.05,7.06,7.03,7.06
2025-01-27,2025-02-05,SH601100,4,0.5185185185185185,0.9537166900420757,0.9705056179775281,1.0,0.010236724248240403,0.0007922674694975651,0.10449651678277405,63.16,63.58,62.8,62.29,62.93,63.54
2025-01-27,2025-02-05,SH603338,5,0.5185185185185185,0.9396914446002805,0.9002808988764045,0.0,0.00875111242954607,0.0016200294550809957,0.07940008822232003,68.01,67.5,66.23,65.75,65.83,66.8
2025-02-06,2025-02-07,SH601689,1,0.9743589743589745,1.0,0.9887640449438202,1.0,0.09731343283582095,0.007123287671232825,0.016458106637649683,73.52,74.9,73.11,74.11,73.8,75.83
2025-02-06,2025-02-07,SZ002472,2,0.9487179487179486,0.9943899018232819,0.9676966292134831,0.0,0.0658413055711875,0.007982969664715345,0.04118268215417098,37.88,37.93,37.3,37.52,37.49,38.1
2025-02-06,2025-02-07,SH603179,3,0.8525641025641025,0.9761570827489481,0.9382022471910112,0.0,0.053178230162027385,0.004358161648177594,0.036291913214990146,50.7,51.08,50.94,51.01,51.28,52.0
2025-02-06,2025-02-07,SZ300748,4,0.8397435897435898,0.9845722300140253,0.9480337078651685,0.0,0.05242528172464489,0.0037383177570093906,0.14990689013035374,21.48,21.48,21.35,21.31,21.34,21.5
2025-02-06,2025-02-07,SZ300442,5,0.8333333333333334,0.9915848527349228,0.9648876404494382,0.0,0.03127599401097991,0.00470016207455437,0.2001935796096146,61.99,62.81,61.82,62.1,61.48,60.61
2025-02-07,2025-02-10,SZ300383,1,0.8043478260869564,0.9592123769338959,0.9042253521126761,0.0,0.02518427518427524,0.01274271844660202,0.1509886159376872,16.69,17.3,17.2,16.86,17.05,17.0
2025-02-07,2025-02-10,SZ000975,2,0.7681159420289855,0.9732770745428974,0.8605633802816901,0.0,0.0178880553952685,0.009730967372638899,0.08219954648526073,17.64,17.72,17.67,17.69,17.63,17.5
2025-02-07,2025-02-10,SZ000807,3,0.7608695652173912,0.9929676511954993,0.9605633802816902,0.0,0.029878048780487942,0.004759071980963814,0.060982830076968586,16.89,16.9,16.63,16.77,17.19,17.03
2025-02-07,2025-02-10,SH603979,4,0.7391304347826088,0.9437412095639943,0.8901408450704226,0.0,0.02437785678009141,0.009762202753441862,0.0746157659890927,40.34,40.64,41.71,41.31,41.59,42.69
2025-02-07,2025-02-10,SH600536,5,0.7318840579710145,0.8860759493670886,0.8211267605633803,0.0,0.040824742268041225,0.015898571141074624,0.06477812995245658,50.48,51.09,50.32,49.95,50.0,50.4
2025-02-10,2025-02-11,SZ002558,1,0.8717948717948718,0.9789029535864979,0.9409282700421941,0.0,0.05200281096275483,0.0026791694574681557,0.04609218436873741,14.97,14.97,14.89,15.07,14.97,14.93
2025-02-10,2025-02-11,SZ300676,2,0.6923076923076922,0.8115330520393812,0.9620253164556962,1.0,0.05708120831698715,0.007854871890779824,0.11300797921692318,53.89,52.98,52.1,51.6,51.16,51.18
2025-02-10,2025-02-11,SH603501,3,0.6666666666666666,0.9690576652601969,0.9282700421940928,0.0,0.010139740967961774,0.0014360533873964965,0.0865457612821594,118.55,120.1,121.38,120.65,120.38,120.28
2025-02-10,2025-02-11,SH601872,4,0.6410256410256411,0.9451476793248945,0.90014064697609,0.0,0.001436781609195359,0.004322766570605152,0.10329985652797724,6.97,6.97,7.14,7.14,7.18,7.16
2025-02-10,2025-02-11,SH600435,5,0.6410256410256411,0.9156118143459916,0.870604781997187,0.0,0.017224880382775254,0.0018850141376061114,0.06867356538099711,10.63,10.55,10.47,10.38,10.42,10.39
2025-02-11,2025-02-12,SH603501,1,0.8571428571428571,0.9592696629213483,0.9129213483146067,0.0,0.015487094088259878,0.009686232303998565,0.06731715316497211,121.96,122.25,124.54,125.51,125.39,127.48
2025-02-11,2025-02-12,SH603296,2,0.7142857142857143,0.9311797752808989,0.8778089887640449,0.0,0.045302445302445316,0.0014796547472257782,0.05245013543462207,81.22,82.62,84.0,84.69,84.45,84.37
2025-02-11,2025-02-12,SH601100,3,0.6190476190476191,0.949438202247191,0.9634831460674157,1.0,0.027418601028197598,0.0007587253414262918,0.08673237300985592,65.95,64.96,65.6,65.36,65.01,66.45
2025-02-11,2025-02-12,SH603179,4,0.5238095238095238,0.952247191011236,0.9030898876404494,0.0,0.0029821073558649047,0.0011907124429451077,0.10009910802775024,50.45,50.06,49.66,49.52,49.5,49.85
2025-02-11,2025-02-12,SZ300413,5,0.4761904761904762,0.9157303370786517,0.8595505617977528,0.0,0.0273876404494382,0.0010263427984946727,0.16848940533151047,29.26,28.91,29.13,29.22,29.19,29.73
2025-02-12,2025-02-13,SH600570,1,0.8873873873873874,0.9774964838255977,0.939521800281294,0.0,0.04095238095238085,0.010166358595194103,0.04666056724611156,32.79,32.4,32.6,32.15,32.25,32.3
2025-02-12,2025-02-13,SH600498,2,0.8783783783783784,0.980309423347398,0.9423347398030942,0.0,0.0308056872037914,0.01021830004644686,0.08183908045977017,21.75,21.61,21.51,21.3,21.21,21.21
2025-02-12,2025-02-13,SZ300604,3,0.8558558558558559,0.9620253164556962,0.909985935302391,0.0,0.05045164133068947,0.009314140558848383,0.1401006711409396,47.68,47.69,47.07,46.77,46.63,46.65
2025-02-12,2025-02-13,SZ300383,4,0.8378378378378378,0.9957805907172996,0.9718706047819972,0.0,0.06658595641646503,0.003416856492027387,0.1129398410896707,17.62,17.65,17.68,17.47,17.26,17.0
2025-02-12,2025-02-13,SZ300017,5,0.8198198198198199,1.0,0.9929676511954993,0.0,0.025073746312684442,0.006517016654598029,0.18633093525179834,13.9,13.79,13.82,13.6,13.45,13.37
2025-02-14,2025-02-17,SZ002558,1,0.9333333333333332,0.9985935302390999,0.9718706047819972,0.0,0.0699669966996701,0.011860174781523236,0.029611351017890142,16.21,16.6,16.49,16.97,16.91,17.05
2025-02-14,2025-02-17,SZ002410,2,0.9076923076923077,0.9859353023909986,0.9409282700421941,0.0,0.05660377358490565,0.013024602026049159,0.04214285714285704,14.0,14.35,14.21,14.3,14.4,14.16
2025-02-14,2025-02-17,SZ000938,3,0.8512820512820514,0.9493670886075949,0.8846694796061885,0.0,0.07520111927247286,0.02330226364846877,0.022771633051398954,30.74,31.01,31.92,31.88,31.81,31.58
2025-02-14,2025-02-17,SZ002368,4,0.8153846153846155,0.9957805907172996,0.960618846694796,0.0,0.027807110172474392,0.013185287994448291,0.014383561643835696,29.2,29.1,29.93,29.83,29.52,29.22
2025-02-14,2025-02-17,SZ002085,5,0.7999999999999999,0.9648382559774965,0.9043600562587905,0.0,0.04097510373443969,0.07787325456498384,0.05879422022919778,20.07,19.8,19.99,19.84,19.75,19.93
2025-02-17,2025-02-18,SZ002850,1,0.9365079365079364,0.9901547116736991,0.9718706047819972,1.0,0.04976377952755895,0.005960914509922199,0.051980198019802026,133.32,134.6,132.88,133.85,131.17,134.8
2025-02-17,2025-02-18,SH600699,2,0.8253968253968255,0.9915611814345991,0.9465541490857946,0.0,0.041968911917098284,0.003994008986520026,0.0457483838886128,20.11,19.98,20.01,20.05,20.01,20.23
2025-02-17,2025-02-18,SH600050,3,0.7936507936507935,0.9142053445850914,0.9240506329113924,1.0,0.04552845528455274,0.015797788309636518,0.023328149300155587,6.43,6.55,6.45,6.43,6.43,6.32
2025-02-17,2025-02-18,SZ000977,4,0.746031746031746,0.9704641350210971,0.9507735583684951,1.0,0.014103525881470347,0.0197646348823175,0.02973812694185507,67.59,66.0,65.85,66.0,65.04,65.17
2025-02-17,2025-02-18,SH600988,5,0.6825396825396824,0.9774964838255977,0.9254571026722925,0.0,0.01685097419694581,0.004160166406656174,0.1367167270844123,19.31,19.31,19.37,19.32,19.31,19.39
2025-02-19,2025-02-20,SZ002410,1,0.9012345679012346,0.9873239436619718,0.9436619718309859,0.0,0.047548291233283635,0.0049893086243764095,0.04468085106382991,14.1,13.98,14.3,14.31,14.29,14.07
2025-02-19,2025-02-20,SZ300676,2,0.9012345679012345,0.9943661971830986,0.9873239436619718,1.0,0.1167486848803665,0.004272852128796023,0.0746087220787115,65.81,64.66,68.11,67.88,65.99,67.57
2025-02-19,2025-02-20,SH600699,3,0.8580246913580246,0.995774647887324,0.9591549295774648,0.0,0.041540020263424626,0.004396678065461623,0.05690661478599224,20.56,20.41,20.17,20.11,20.15,20.07
2025-02-19,2025-02-20,SH600183,4,0.8148148148148149,0.9816901408450704,0.971830985915493,1.0,0.024848484848484897,0.005350772889417321,0.09639266706091054,33.82,33.85,34.25,33.4,33.18,33.41
2025-02-19,2025-02-20,SZ002472,5,0.8148148148148149,0.9647887323943662,0.9028169014084507,0.0,0.0602739726027397,0.004412146379444648,0.039018087855297034,38.7,38.7,38.28,38.28,38.54,38.7
2025-02-20,2025-02-21,SH603737,1,0.8095238095238094,0.9309859154929577,0.8633802816901408,0.0,0.028778608656242932,0.006651884700665134,0.06872246696035256,45.4,45.15,46.21,45.4,45.78,45.5
2025-02-20,2025-02-21,SZ002008,2,0.7619047619047619,0.9028169014084507,0.8394366197183099,0.0,0.04534094966083546,0.01349948078920038,0.05225409836065564,29.28,29.2,28.89,29.3,29.35,29.1
2025-02-20,2025-02-21,SH601665,3,0.6190476190476191,0.9394366197183098,0.8422535211267606,0.0,0.0050675675675675436,0.00337268128161905,0.09747899159663875,5.95,5.93,5.92,5.91,5.92,5.92
2025-02-20,2025-02-21,SZ002821,4,0.5714285714285714,0.8929577464788733,0.8309859154929577,0.0,0.05153254365612403,0.001395511105942715,0.039832772035768294,86.11,86.08,89.18,87.15,87.04,86.68
2025-02-20,2025-02-21,SZ000932,5,0.5238095238095238,0.928169014084507,0.8619718309859155,0.0,0.006741573033707926,0.0022371364653246406,0.0870535714285714,4.48,4.48,4.49,4.44,4.41,4.39
2025-02-21,2025-02-24,SZ300347,1,0.8333333333333334,0.9633802816901409,0.9014084507042254,0.0,0.037142857142857144,0.0029254022428084614,0.15086695835358932,61.71,61.43,60.46,60.96,61.0,60.06
2025-02-21,2025-02-24,SZ002472,2,0.8333333333333334,0.9450704225352112,0.8774647887323944,0.0,0.08337662337662333,0.003609239653513008,0.03332534164468948,41.71,41.38,40.25,40.37,40.79,40.79
2025-02-21,2025-02-24,SH600536,3,0.7380952380952381,0.8985915492957747,0.8338028169014085,0.0,0.029807130333138643,0.02184419099168755,0.06488838441165345,52.86,52.65,51.96,52.74,52.35,51.99
2025-02-21,2025-02-24,SZ000066,4,0.6428571428571428,0.8760563380281691,0.8084507042253521,0.0,0.04266321913380722,0.0037336652146857663,0.04711717296962181,16.13,16.36,16.33,16.5,16.45,16.51
2025-02-21,2025-02-24,SZ300054,5,0.5714285714285715,0.9619718309859155,0.9,0.0,0.02814136125654465,0.0003183699458770839,0.1604073838319542,31.42,31.65,31.19,31.25,31.42,31.27
2025-02-24,2025-02-25,SZ301236,1,0.9523809523809524,0.9521800281293952,0.8874824191279888,0.0,0.06215332100696913,0.020497403662202762,0.11890733797536157,74.68,71.0,70.8,71.35,71.12,72.1
2025-02-24,2025-02-25,SZ000066,2,0.7857142857142857,0.9409282700421941,0.8790436005625879,0.0,0.019559902200489088,0.00907441016333932,0.065347721822542,16.68,16.29,16.2,16.4,16.59,16.49
2025-02-24,2025-02-25,SZ002439,3,0.7380952380952381,0.9240506329113924,0.929676511954993,1.0,0.012500000000000178,0.009870129870130029,0.05246913580246915,19.44,19.04,18.83,18.89,18.85,18.87
2025-02-24,2025-02-25,SH601231,4,0.6904761904761906,0.9338959212376934,0.9367088607594937,1.0,0.012299465240641627,0.004777070063694211,0.09350237717908083,18.93,18.52,18.87,18.87,18.7,18.95
2025-02-24,2025-02-25,SZ002230,5,0.6428571428571429,0.9184247538677919,0.8565400843881856,0.0,0.029359112065878934,0.002265992679100659,0.06365217391304334,57.5,56.0,56.16,56.11,56.0,55.81
2025-03-07,2025-03-10,SZ301308,1,0.8461538461538461,0.9820689655172414,0.9379310344827586,0.0,0.0607843137254902,0.004922448221417408,0.14935304990757858,108.2,107.85,108.45,107.19,109.49,108.82
2025-03-07,2025-03-10,SZ300395,2,0.6923076923076924,0.9889655172413793,0.9462068965517242,0.0,0.0020000000000000018,0.0057996877091235355,0.20248392104679525,45.09,45.44,46.2,46.15,46.4,46.38
2025-03-07,2025-03-10,SZ000988,3,0.6923076923076922,0.96,0.9020689655172414,0.0,0.019304152637485972,0.005313261013947246,0.08984805109006833,45.41,46.1,46.66,47.0,46.81,46.79
2025-03-07,2025-03-10,SZ000157,4,0.6410256410256411,0.983448275862069,0.9393103448275862,0.0,0.014742014742014753,0.0024271844660193054,0.09564164648910434,8.26,8.32,8.43,8.42,8.39,8.41
2025-03-07,2025-03-10,SZ000893,5,0.641025641025641,0.9917241379310345,0.9586206896551724,0.0,0.01760851760851767,0.001208702659145855,0.08370221327967808,24.85,25.0,24.7,24.7,24.58,24.46
2025-03-11,2025-03-12,SZ300395,1,0.8555555555555555,0.993103448275862,0.976551724137931,0.0,0.031256783156066836,0.013222435487310724,0.17575247316354448,47.51,48.0,49.88,49.11,48.98,48.4
2025-03-11,2025-03-12,SZ000733,2,0.85,0.96,0.9172413793103448,0.0,0.07858793864257185,0.013625592417061627,0.027664134034677712,51.33,51.92,54.14,52.72,53.08,53.56
2025-03-11,2025-03-12,SZ300957,3,0.8111111111111112,0.9462068965517242,0.8896551724137931,0.0,0.05554321261941797,0.030585683297180033,0.15659861081877513,47.51,47.17,47.72,47.72,47.28,47.08
2025-03-11,2025-03-12,SZ300014,4,0.8055555555555555,0.976551724137931,0.9379310344827586,0.0,0.029720986655883408,0.017379145025968823,0.18122913803259366,50.93,51.24,51.11,50.9,51.2,50.96
2025-03-11,2025-03-12,SZ002568,5,0.7888888888888889,0.9448275862068966,0.8882758620689655,0.0,0.06677079265911767,0.01185185185185178,0.03879941434846268,27.32,27.44,27.6,27.96,28.03,27.74
2025-03-12,2025-03-13,SZ000733,1,0.8787878787878788,0.9875862068965517,0.9710344827586207,0.0,0.031009244992295848,0.008287813147485279,0.054548851111526186,53.53,53.3,54.65,54.36,54.7,53.65
2025-03-12,2025-03-13,SZ002568,2,0.7272727272727272,0.9820689655172414,0.96,0.0,0.019679300291545188,0.0025080616266570654,0.0843459614010007,27.98,27.86,27.47,27.42,27.61,28.12
2025-03-12,2025-03-13,SZ002025,3,0.7272727272727272,0.9793103448275862,0.993103448275862,1.0,0.016425755584756896,0.022640885803999478,0.07466063348416285,61.88,60.05,59.7,59.03,58.6,57.61
2025-03-12,2025-03-13,SZ002683,4,0.6969696969696969,0.9779310344827586,0.9558620689655173,0.0,0.037798408488063595,0.0016000000000000458,0.060063897763578344,31.3,30.89,31.02,30.85,30.72,30.48
2025-03-12,2025-03-13,SZ300450,5,0.6969696969696969,0.9627586206896551,0.9227586206896552,0.0,0.03614457831325302,0.0024979184013320666,0.15822259136212624,24.08,23.98,23.9,23.95,23.7,23.41
2025-03-14,2025-03-17,SZ002568,1,0.9540229885057472,0.9861878453038674,0.9709944751381215,0.0,0.03776223776223775,0.006101694915254141,0.06738544474393526,29.68,29.71,30.49,30.05,30.34,30.65
2025-03-14,2025-03-17,SZ300888,2,0.9195402298850576,0.9709944751381215,0.9433701657458563,0.0,0.054788317862802804,0.006046210321744683,0.12255848894612553,46.59,42.86,44.56,42.6,43.65,44.05
2025-03-14,2025-03-17,SZ000596,3,0.8735632183908045,0.9723756906077348,0.9461325966850829,0.0,0.04011154011154017,0.005599336374948249,0.05769230769230771,193.96,195.02,194.57,191.02,190.11,188.86
2025-03-14,2025-03-17,SZ301308,4,0.7816091954022989,0.9848066298342542,0.9682320441988951,0.0,0.04776729253818468,0.0018604651162790198,0.13890436397400174,107.7,108.0,107.79,107.09,107.31,109.59
2025-03-14,2025-03-17,SH603659,5,0.7701149425287356,0.9640883977900553,0.9281767955801105,0.0,0.023033707865168562,0.0038588754134509795,0.09335529928610642,18.21,18.28,18.38,18.33,18.32,18.45
2025-03-17,2025-03-18,SZ002487,1,0.7916666666666666,0.9613259668508287,0.925414364640884,0.0,0.01752808988764043,0.0008841732979663064,0.0786219081272086,22.64,22.6,22.74,22.76,22.85,22.72
2025-03-17,2025-03-18,SZ300316,2,0.625,0.9060773480662984,0.8549723756906077,0.0,0.04431314623338256,0.0005660911406737412,0.14908062234794905,35.35,35.3,35.12,35.25,35.32,35.25
2025-03-17,2025-03-18,SZ300699,3,0.625,0.8895027624309392,0.8370165745856354,0.0,0.014063435068821128,0.011943863839952273,0.18205960460312776,33.89,33.98,34.14,33.97,34.02,34.04
2025-03-17,2025-03-18,SZ002508,4,0.5833333333333334,0.8798342541436464,0.824585635359116,0.0,0.01532567049808442,0.0012594458438288658,0.07127882599580704,23.85,23.8,24.0,24.09,24.03,23.88
2025-03-17,2025-03-18,SZ300014,5,0.5416666666666666,0.9475138121546961,0.9060773480662984,0.0,0.013905683192261264,0.0005966587112171684,0.1844563705028821,50.31,50.28,50.92,50.91,51.0,50.65
2025-03-18,2025-03-19,SH600989,1,0.6969696969696969,0.8947368421052632,0.8462603878116344,0.0,0.021301093839953822,0.002826455624646451,0.07666290868094716,17.74,17.7,17.88,17.89,17.89,17.87
2025-03-18,2025-03-19,SH600688,2,0.6666666666666666,0.8781163434903048,0.8296398891966759,0.0,0.02083333333333348,0.0029239766081872176,0.06997084548104948,3.43,3.45,3.37,3.38,3.39,3.36
2025-03-18,2025-03-19,SZ002155,3,0.6060606060606061,0.9958448753462604,0.9986149584487535,1.0,0.01708333333333334,0.0004098360655737654,0.07824662023760753,24.41,24.53,24.51,24.39,24.45,24.37
2025-03-18,2025-03-19,SH600039,4,0.6060606060606061,0.9598337950138505,0.9279778393351801,0.0,0.007444168734491052,0.0012330456226881115,0.09113300492610832,8.12,8.13,8.18,8.19,8.14,8.12
2025-03-18,2025-03-19,SZ002867,5,0.5757575757575758,0.9529085872576177,0.9196675900277008,0.0,0.013090909090909042,0.0007183908045977905,0.08614501076812653,13.93,13.95,13.99,13.89,13.95,13.99
2025-03-19,2025-03-20,SH603486,1,0.8222222222222223,0.9930747922437673,0.981994459833795,0.0,0.009458830826484688,0.0029271298721305072,0.10291858678955457,65.1,64.9,64.82,64.02,64.05,65.14
2025-03-19,2025-03-20,SH600031,2,0.7555555555555555,0.9722991689750693,0.945983379501385,0.0,0.0151898734177216,0.001999000499750103,0.09276807980049862,20.05,20.3,20.19,19.97,20.04,19.9
2025-03-19,2025-03-20,SZ002867,3,0.7333333333333334,0.9584487534626038,0.9265927977839336,0.0,0.03154121863799286,0.0013917884481560172,0.06949270326615697,14.39,14.45,14.26,14.27,14.28,14.2
2025-03-19,2025-03-20,SZ300136,4,0.6666666666666666,0.9002770083102493,0.850415512465374,0.0,0.014814814814814836,0.004398826979472137,0.19379562043795628,27.4,27.5,27.01,27.16,27.32,27.3
2025-03-19,2025-03-20,SH601998,5,0.6222222222222222,0.8781163434903048,0.8282548476454293,0.0,0.019204389574760006,0.0026990553306343035,0.08075370121130554,7.43,7.42,7.46,7.39,7.37,7.33
2025-03-20,2025-03-21,SZ000959,1,0.7777777777777778,0.9680998613037448,0.9472954230235784,0.0,0.017142857142857126,0.0028169014084507005,0.0814606741573034,3.56,3.54,3.6,3.63,3.62,3.6
2025-03-20,2025-03-21,SZ002025,2,0.7222222222222222,0.9736477115117892,0.9930651872399445,1.0,0.013029881862404391,0.0022344448264008943,0.08574858514834505,58.31,58.0,57.52,58.1,58.42,57.88
2025-03-20,2025-03-21,SH600583,3,0.611111111111111,0.8959778085991679,0.8529819694868238,0.0,0.028469750889679846,0.0017331022530331364,0.0657439446366781,5.78,5.88,5.97,6.11,6.1,6.26
2025-03-20,2025-03-21,SH600688,4,0.5,0.855755894590846,0.812760055478502,0.0,0.006024096385542244,0.0030030030030030463,0.09281437125748515,3.34,3.33,3.35,3.37,3.37,3.38
2025-03-20,2025-03-21,SZ002179,5,0.4444444444444445,0.9750346740638003,0.9542302357836339,0.0,0.0021403091557670173,0.0007124198527665992,0.09610821072615083,42.14,42.08,42.26,42.5,42.76,42.66
2025-03-21,2025-03-24,SZ000039,1,0.8933333333333332,0.9611650485436893,0.9431345353675451,0.0,0.03833515881708638,0.005302226935312904,0.05907172995780585,9.48,10.03,9.8,9.6,9.66,9.71
2025-03-21,2025-03-24,SH600583,2,0.8266666666666667,0.970873786407767,0.9542302357836339,0.0,0.05102040816326525,0.0032467532467532756,0.02912621359223322,6.18,6.37,6.26,6.18,6.11,6.17
2025-03-21,2025-03-24,SZ002080,3,0.7599999999999999,0.9084604715672677,0.984743411927878,1.0,0.03252032520325199,0.004614370468029039,0.06692913385826782,15.24,15.53,15.04,15.22,15.16,15.18
2025-03-21,2025-03-24,SH600019,4,0.7333333333333334,0.9472954230235784,0.9292649098474342,0.0,0.02168021680216814,0.003994673768308976,0.07692307692307687,7.54,7.51,7.58,7.51,7.5,7.49
2025-03-21,2025-03-24,SH600764,5,0.7200000000000001,0.9001386962552012,0.9833564493758669,1.0,0.03389283408650745,0.004075235109717967,0.059631595379331825,32.03,31.64,31.73,31.41,31.21,31.42
2025-04-09,2025-04-10,SH600258,1,0.9285714285714285,0.987603305785124,0.9738292011019284,0.0,0.057432432432432456,0.005784061696658016,0.05814696485622983,15.65,15.4,15.37,15.4,15.49,15.54
2025-04-09,2025-04-10,SZ000975,2,0.8690476190476191,0.953168044077135,0.940771349862259,0.0,0.04958217270194987,0.007486631016042855,0.05785562632696384,18.84,19.15,18.89,18.92,19.02,19.04
2025-04-09,2025-04-10,SH600547,3,0.8571428571428572,0.9614325068870524,0.9490358126721763,0.0,0.04949729311678275,0.004441154700222105,0.0652173913043479,27.14,27.58,27.35,27.39,27.48,27.61
2025-04-09,2025-04-10,SH600312,4,0.8571428571428571,0.9986225895316805,0.987603305785124,0.0,0.041598248494800316,0.003691983122362963,0.06673673147661585,19.03,18.8,18.43,18.51,18.51,18.57
2025-04-09,2025-04-10,SH603156,5,0.7619047619047619,0.9944903581267218,0.9820936639118457,0.0,0.022052586938083207,0.004166666666666652,0.08672199170124473,24.1,24.19,24.06,24.33,24.09,24.29
2025-04-10,2025-04-11,SZ002653,1,0.7999999999999999,0.9738292011019284,0.9586776859504132,0.0,0.0755377688844423,0.0025647003963626958,0.015116279069767424,43.0,42.73,42.08,42.47,43.48,42.93
2025-04-10,2025-04-11,SZ300395,2,0.6666666666666666,0.8691460055096418,0.8484848484848485,0.0,0.05516528925619846,0.0033398821218075803,0.14215782259643617,51.07,51.15,50.83,51.18,55.25,53.21
2025-04-10,2025-04-11,SH600048,3,0.5333333333333333,0.8939393939393939,0.8732782369146006,0.0,0.006818181818181612,0.001129943502824915,0.10722347629796847,8.86,8.88,8.82,8.8,8.77,8.75
2025-04-10,2025-04-11,SH600170,4,0.5333333333333333,0.8484848484848485,0.8264462809917356,0.0,0.0039525691699606735,0.0039525691699606735,0.09055118110236227,2.54,2.52,2.52,2.52,2.51,2.51
2025-04-10,2025-04-11,SZ300765,5,0.4666666666666666,0.8388429752066116,0.8168044077134986,0.0,0.08178730075777363,0.0009671179883945502,0.10917874396135274,41.4,40.99,41.4,40.99,41.6,40.93
2025-04-11,2025-04-14,SH600988,1,0.9333333333333332,0.9931129476584022,0.9944903581267218,1.0,0.021886191802626298,0.007453903491565272,0.02258566978193155,25.68,25.35,25.75,26.07,26.47,26.39
2025-04-11,2025-04-14,SZ300765,2,0.7333333333333334,0.9793388429752066,0.9573002754820936,0.0,0.010246401561356366,0.0050970873786406745,0.19995170248732186,41.41,41.5,42.56,43.29,42.44,41.81
2025-04-11,2025-04-14,SZ002422,3,0.6,0.8319559228650137,0.9586776859504132,1.0,0.051810420959670145,0.002806623631770755,0.06381192275398839,35.73,35.51,35.91,35.43,35.68,36.06
2025-04-11,2025-04-14,SZ002299,4,0.4000000000000001,0.9683195592286501,0.990358126721763,1.0,0.004784688995215447,0.0017889087656530744,0.10535714285714293,16.8,17.08,17.33,17.36,17.48,17.33
2025-04-11,2025-04-14,SZ000651,5,0.3333333333333333,0.9325068870523416,0.9104683195592287,0.0,0.007623318385650224,0.00022256843979517882,0.09679572763684918,44.94,45.1,44.64,44.51,44.41,44.49
2025-04-14,2025-04-15,SH600489,1,0.9047619047619047,0.9807162534435262,0.9628099173553719,0.0,0.03661971830985933,0.0034083162917519783,0.06657608695652173,14.72,14.58,14.51,14.41,14.4,14.57
2025-04-14,2025-04-15,SH600968,2,0.7619047619047619,0.9008264462809917,0.8746556473829201,0.0,0.018087855297157507,0.007672634271099765,0.08121827411167515,3.94,3.94,3.94,3.93,3.93,3.92
2025-04-14,2025-04-15,SZ300558,3,0.746031746031746,0.8870523415977961,0.8581267217630854,0.0,0.05180136319376816,0.0037167812674223644,0.12997593038326238,54.01,53.51,53.57,53.05,53.37,53.21
2025-04-14,2025-04-15,SH603939,4,0.6349206349206349,0.9889807162534435,0.9738292011019284,0.0,0.011424491253123836,0.0010600706713779218,0.09989410518884578,28.33,28.29,28.69,28.74,28.48,28.2
2025-04-14,2025-04-15,SZ000598,5,0.5873015873015873,0.8980716253443526,0.871900826446281,0.0,0.01767304860088359,0.0014492753623187582,0.07814761215629518,6.91,6.91,6.96,6.97,7.02,6.99
2025-04-15,2025-04-16,SH601328,1,0.75,0.9490358126721763,0.9228650137741047,0.0,0.01719576719576721,0.0026075619295959918,0.08192457737321202,7.69,7.7,7.72,7.7,7.69,7.68
2025-04-15,2025-04-16,SH600988,2,0.7424242424242425,1.0,0.9986225895316805,1.0,0.01994091580502233,0.001087350489307859,0.09884141926140488,27.62,28.9,28.39,28.38,28.4,28.7
2025-04-15,2025-04-16,SH601229,3,0.7348484848484849,0.9573002754820936,0.9338842975206612,0.0,0.00908173562058523,0.0030090270812437314,0.09200000000000008,10.0,10.01,10.04,10.05,10.1,10.05
2025-04-15,2025-04-16,SH600900,4,0.6742424242424242,0.9600550964187328,0.9366391184573003,0.0,0.005158184319119741,0.00343288705801581,0.09716045159083131,29.23,29.25,29.1,29.09,29.06,29.15
2025-04-15,2025-04-16,SZ300765,5,0.6666666666666666,0.9917355371900827,0.977961432506887,0.0,0.028061831153388894,0.0004628558204118338,0.16724496877168638,43.23,42.9,42.64,41.97,42.08,42.27
2025-04-16,2025-04-17,SZ000975,1,0.890909090909091,0.9986225895316805,0.9917355371900827,0.0,0.030832949838932366,0.0035842293906809264,0.04553571428571446,22.4,23.04,22.92,23.18,23.28,22.02
2025-04-16,2025-04-17,SH603156,2,0.8484848484848485,0.9752066115702479,0.9586776859504132,0.0,0.01831345826235098,0.004199916001680126,0.08030112923462984,23.91,23.87,23.88,23.85,23.85,24.0
2025-04-16,2025-04-17,SZ002371,3,0.8484848484848485,0.9228650137741047,0.9008264462809917,0.0,0.034460511679644146,0.006929556724918129,0.06927030688832003,464.99,464.8,465.3,462.88,463.88,465.43
2025-04-16,2025-04-17,SH600258,4,0.8121212121212121,0.9848484848484849,0.9710743801652892,0.0,0.04065573770491793,0.0025268477574225123,0.06175173282923763,15.87,15.83,15.51,15.55,15.71,15.7
2025-04-16,2025-04-17,SH600350,5,0.7696969696969697,0.9628099173553719,0.940771349862259,0.0,0.013605442176870763,0.0038498556304138454,0.08533077660594435,10.43,10.42,10.37,10.36,10.35,10.34
2025-04-17,2025-04-18,SH601577,1,0.8148148148148148,0.9132231404958677,0.8911845730027548,0.0,0.011956521739130643,0.0021528525296019563,0.08807733619763702,9.31,9.27,9.34,9.33,9.33,9.34
2025-04-17,2025-04-18,SH601991,2,0.6666666666666666,0.8567493112947658,0.837465564738292,0.0,0.006825938566553003,0.003401360544217802,0.09152542372881367,2.95,2.95,2.95,2.93,2.92,2.93
2025-04-17,2025-04-18,SH600039,3,0.6296296296296297,0.9449035812672176,0.9228650137741047,0.0,0.005875440658049458,0.0011695906432749315,0.10397196261682229,8.56,8.56,8.6,8.6,8.6,8.6
2025-04-17,2025-04-18,SZ300661,4,0.6296296296296297,0.9173553719008265,0.9958677685950413,1.0,0.059136554802162955,0.00016210082671430648,0.14651539708265782,123.4,120.47,119.97,119.81,119.58,118.61
2025-04-17,2025-04-18,SH600312,5,0.5925925925925926,0.9435261707988981,0.9214876033057852,0.0,0.007597895967270452,0.0005803830528148257,0.10208816705336443,17.24,17.16,17.16,17.11,17.13,17.21
2025-04-18,2025-04-21,SH601229,1,0.8285714285714286,0.9834710743801653,0.9724517906336089,0.0,0.011450381679389166,0.0037878787878786735,0.08867924528301874,10.6,10.58,10.66,10.73,10.71,10.65
2025-04-18,2025-04-21,SZ002487,2,0.8095238095238094,0.9214876033057852,0.977961432506887,1.0,0.04921874999999987,0.0037369207772794955,0.056589724497393856,26.86,27.2,27.78,28.0,28.51,27.71
2025-04-18,2025-04-21,SZ300765,3,0.7714285714285714,0.9724517906336089,0.9614325068870524,0.0,0.01771414705168639,0.0016718414139000881,0.17906533142584657,41.94,41.89,42.84,42.8,42.51,42.21
2025-04-18,2025-04-21,SH600170,4,0.7142857142857143,0.8801652892561983,0.8539944903581267,0.0,0.01930501930501949,0.0038022813688214363,0.07954545454545459,2.64,2.64,2.63,2.63,2.63,2.62
2025-04-18,2025-04-21,SH600483,5,0.6761904761904761,0.931129476584022,0.9146005509641874,0.0,0.011470281543274119,0.0031023784901758056,0.08969072164948466,9.7,9.7,9.72,9.67,9.66,9.67
2025-04-21,2025-04-22,SH600547,1,0.9866666666666667,0.9958677685950413,0.9889807162534435,0.0,0.05042016806722671,0.006861575178997548,0.02014814814814825,33.75,34.0,33.93,34.59,34.69,35.23
2025-04-21,2025-04-22,SZ000975,2,0.8666666666666666,0.987603305785124,0.9752066115702479,0.0,0.036557149467838945,0.0031347962382444194,0.03035714285714275,22.4,22.37,21.96,22.45,22.18,22.5
2025-04-21,2025-04-22,SH600258,3,0.7333333333333334,0.9862258953168044,0.9738292011019284,0.0,0.016000000000000014,0.0019723865877712132,0.09448818897637801,15.24,15.18,15.08,15.17,15.12,15.14
2025-04-21,2025-04-22,SH603899,4,0.7333333333333334,0.8842975206611571,0.8553719008264463,0.0,0.05737158105403606,0.006349206349206327,0.041324921135646564,31.7,31.59,31.39,31.28,31.26,31.22
2025-04-21,2025-04-22,SZ300395,5,0.7200000000000001,0.9228650137741047,0.9035812672176309,0.0,0.03360811667723507,0.003694581280788256,0.1697341513292434,48.9,48.4,48.02,48.7,49.01,48.56
2025-04-22,2025-04-23,SZ300765,1,0.9833333333333334,0.9931129476584022,0.9820936639118457,0.0,0.07685098406747892,0.011443661971830998,0.12402088772845943,45.96,45.6,45.3,46.0,45.89,45.83
2025-04-22,2025-04-23,SZ002294,2,0.9,0.9986225895316805,0.9944903581267218,0.0,0.032047941636268895,0.0017703591299949029,0.05150214592274671,39.61,39.2,39.04,39.18,38.88,38.94
2025-04-22,2025-04-23,SH601939,3,0.7999999999999999,0.9545454545454546,0.9338842975206612,0.0,0.018784530386740217,0.0021739130434783593,0.08351409978308011,9.22,9.19,9.11,9.11,9.15,9.12
2025-04-22,2025-04-23,SH601288,4,0.75,0.9256198347107438,0.9104683195592287,0.0,0.02607076350093096,0.0018181818181817189,0.07259528130671522,5.51,5.51,5.47,5.48,5.49,5.48
2025-04-22,2025-04-23,SZ002311,5,0.6666666666666666,0.9462809917355371,0.9269972451790633,0.0,0.04739155360214031,0.0010958904109590328,0.04670680532749483,54.81,54.39,54.14,54.1,54.01,53.92
2025-04-23,2025-04-24,SZ301498,1,1.0,0.9696551724137931,0.9489655172413793,0.0,0.05161943319838058,0.0032831208960988345,0.14032723772858513,103.9,103.89,105.64,105.5,106.73,110.78
2025-04-23,2025-04-24,SZ002690,2,0.7222222222222222,0.9558620689655173,0.9337931034482758,0.0,0.005892751915144379,0.0017605633802817433,0.08904510837727009,17.07,17.07,17.03,17.06,17.0,17.08
2025-04-23,2025-04-24,SH603379,3,0.5555555555555556,0.8703448275862069,0.8455172413793104,0.0,0.011795859412614407,0.000952607763753166,0.08303592671901017,42.03,42.07,41.86,41.84,41.77,42.0
2025-04-23,2025-04-24,SH603156,4,0.5555555555555555,0.9655172413793104,0.9434482758620689,0.0,0.0033472803347280866,0.0016708437761068229,0.09591326105087572,23.98,23.82,24.09,24.09,24.19,24.25
2025-04-23,2025-04-24,SH600011,5,0.38888888888888884,0.8496551724137931,0.8234482758620689,0.0,0.004249291784702569,0.0014124293785311437,0.0959097320169251,7.09,7.06,7.11,7.1,7.1,7.16
2025-04-24,2025-04-25,SZ002653,1,0.8558558558558559,0.9696551724137931,0.9875862068965517,1.0,0.020037278657968338,0.004589261128958411,0.07834627683873907,43.78,43.34,42.78,42.66,42.41,41.87
2025-04-24,2025-04-25,SZ002850,2,0.8108108108108109,0.9048275862068965,0.8827586206896552,0.0,0.03134920634920624,0.03004121750158517,0.06633320507887652,129.95,137.0,131.84,131.28,130.55,131.66
2025-04-24,2025-04-25,SH600166,3,0.7747747747747747,0.9296551724137931,0.9048275862068965,0.0,0.01976284584980248,0.0038910505836575737,0.07751937984496116,2.58,2.57,2.55,2.58,2.59,2.62
2025-04-24,2025-04-25,SH603899,4,0.7567567567567567,0.9668965517241379,0.9475862068965517,0.0,0.011228745588707012,0.004781638508128738,0.08788071065989844,31.52,32.0,31.82,31.56,31.64,31.31
2025-04-24,2025-04-25,SZ002422,5,0.7297297297297298,0.8813793103448276,0.976551724137931,1.0,0.02848837209302335,0.005399261153737012,0.08253250423968317,35.38,35.43,34.84,34.79,34.59,33.82
2025-04-29,2025-04-30,SZ300765,1,0.9655172413793104,0.9889807162534435,0.977961432506887,0.0,0.11777902411665742,0.010392902408111526,0.23707977922729562,39.86,39.5,38.2,38.32,38.31,38.86
2025-04-29,2025-04-30,SZ301498,2,0.9425287356321839,1.0,1.0,0.0,0.045421511627907085,0.004539106145251326,0.15945429266597166,115.08,113.73,110.01,110.65,111.04,110.85
2025-04-29,2025-04-30,SH600039,3,0.8275862068965517,0.9765840220385675,0.9655647382920111,0.0,0.017084282460136713,0.011325028312570762,0.08734602463605845,8.93,8.81,8.74,8.75,8.71,8.59
2025-04-29,2025-04-30,SZ300888,4,0.7816091954022989,0.9559228650137741,0.940771349862259,0.0,0.06617647058823528,0.0024966391396197274,0.11494252873563227,52.2,52.08,53.1,53.96,54.1,54.4
2025-04-29,2025-04-30,SZ300395,5,0.735632183908046,0.9641873278236914,0.9504132231404959,0.0,0.025010421008753614,0.00203748981255103,0.1714111427409517,49.18,49.1,48.97,48.85,48.91,48.15
2025-04-30,2025-05-06,SZ300765,1,0.875,0.9586776859504132,0.9352617079889807,0.0,0.04582278481012669,0.006088650754992653,0.15032679738562083,41.31,41.63,40.84,40.87,40.51,40.92
2025-04-30,2025-05-06,SZ002294,2,0.8333333333333334,0.9986225895316805,0.9986225895316805,0.0,0.007654320987654284,0.003936039360393773,0.09801519235481493,40.81,41.12,40.9,41.08,40.93,41.87
2025-04-30,2025-05-06,SH603444,3,0.6666666666666666,0.9380165289256198,0.9146005509641874,0.0,0.021857923497267784,0.001883554476581173,0.0765374331550801,239.36,239.5,235.72,238.38,240.89,244.21
2025-04-30,2025-05-06,SZ002311,4,0.5416666666666666,0.9807162534435262,0.9696969696969697,0.0,0.004926108374384119,0.0007267441860465684,0.09749455337690649,55.08,55.48,54.47,54.43,54.3,54.0
2025-04-30,2025-05-06,SH600233,5,0.4583333333333333,0.8650137741046832,0.8305785123966942,0.0,0.009280742459396807,0.0007668711656443339,0.09348659003831417,13.05,13.06,13.1,13.14,13.26,13.24
2025-05-06,2025-05-07,SZ002624,1,0.8030303030303031,0.9958677685950413,0.9931129476584022,0.0,0.009551800146950784,0.004385964912280826,0.08806404657933031,13.74,13.8,13.77,13.74,13.64,13.63
2025-05-06,2025-05-07,SZ301165,2,0.7575757575757575,0.9793388429752066,0.9641873278236914,0.0,0.013731825525040264,0.0023961661341851404,0.17622841965471436,75.3,76.06,75.43,75.22,74.76,74.83
2025-05-06,2025-05-07,SZ002414,3,0.7424242424242425,0.8994490358126722,0.8650137741046832,0.0,0.018094089264173663,0.004761904761904745,0.07582938388625604,8.44,8.53,8.46,8.48,8.44,8.39
2025-05-06,2025-05-07,SZ300803,4,0.6818181818181818,0.9035812672176309,0.8705234159779615,0.0,0.02594776748104466,0.0018098058571898168,0.1589752011824601,60.89,65.8,64.9,64.0,63.64,63.44
2025-05-06,2025-05-07,SH600578,5,0.6818181818181818,0.8071625344352618,0.9752066115702479,1.0,0.027093596059113434,0.004819277108433662,0.07194244604316546,4.17,4.15,4.12,4.15,4.17,4.28
2025-05-07,2025-05-08,SZ000975,1,0.7575757575757577,0.9903448275862069,0.9779310344827586,0.0,0.01178203240058906,0.004875670404680621,0.09995147986414366,20.61,20.47,20.33,20.37,20.45,20.67
2025-05-07,2025-05-08,SZ002683,2,0.7575757575757575,0.8910344827586207,0.8496551724137931,0.0,0.05386112913692398,0.00806952203600253,0.03509852216748777,32.48,31.93,31.4,31.24,31.16,31.21
2025-05-07,2025-05-08,SZ000937,3,0.6969696969696969,0.9544827586206897,0.9255172413793104,0.0,0.020537124802527673,0.004665629860031162,0.07430340557275539,6.46,6.48,6.58,6.58,6.59,6.61
2025-05-07,2025-05-08,SZ000893,4,0.5757575757575758,0.993103448275862,0.9875862068965517,0.0,0.007309432648799241,0.001730702665282191,0.08949550794747752,28.94,28.93,28.79,28.91,28.79,28.68
2025-05-07,2025-05-08,SZ002487,5,0.5454545454545455,0.9710344827586207,0.993103448275862,1.0,0.012631578947368327,0.001387925052047212,0.0634095634095635,28.86,28.82,28.59,28.64,28.64,28.61
2025-05-08,2025-05-09,SH600499,1,0.9074074074074074,0.9862068965517241,0.9668965517241379,0.0,0.05313496280552599,0.0030364372469635637,0.04540867810292637,9.91,9.99,9.97,9.95,9.93,9.92
2025-05-08,2025-05-09,SZ000937,2,0.7592592592592594,0.9779310344827586,0.9572413793103448,0.0,0.01851851851851838,0.003039513677811412,0.07878787878787885,6.6,6.59,6.68,6.68,6.7,6.72
2025-05-08,2025-05-09,SZ002414,3,0.7592592592592592,0.976551724137931,0.9558620689655173,0.0,0.01764705882352935,0.0034802784222738303,0.08439306358381504,8.65,8.68,8.59,8.57,8.58,8.55
2025-05-08,2025-05-09,SZ000967,4,0.7222222222222223,0.9558620689655173,0.9255172413793104,0.0,0.06299212598425208,0.0014836795252224366,0.01185185185185178,6.75,6.7,6.72,6.69,6.61,6.61
2025-05-08,2025-05-09,SZ000738,5,0.6666666666666666,0.8648275862068966,0.8193103448275862,0.0,0.03430079155672838,0.00512820512820511,0.06530612244897949,19.6,19.54,19.36,19.28,19.22,19.14
2025-05-09,2025-05-12,SZ300502,1,0.9499999999999998,1.0,1.0,0.0,0.03190287972896666,0.005686508300467796,0.1813953488372091,109.65,114.0,112.56,111.54,110.39,110.81
2025-05-09,2025-05-12,SH600000,2,0.75,0.9655172413793104,0.9517241379310345,0.0,0.012017167381974225,0.004258943781942026,0.08481764206955056,11.79,11.83,11.77,11.83,11.94,11.97
2025-05-09,2025-05-12,SZ300888,3,0.7000000000000001,0.9958620689655172,0.9917241379310345,0.0,0.03870187462205199,0.0003882741215297525,0.15971278866679595,51.53,52.18,50.95,51.02,51.0,50.92
2025-05-09,2025-05-12,SZ002203,4,0.6666666666666666,0.9434482758620689,0.9172413793103448,0.0,0.024193548387096753,0.0009852216748769127,0.07283464566929143,10.16,10.13,10.03,10.09,10.15,10.18
2025-05-09,2025-05-12,SZ300073,5,0.6666666666666666,0.8813793103448276,0.8455172413793104,0.0,0.013920526449000326,0.01546261089987322,0.18622066899650536,40.06,40.89,40.65,40.53,40.7,40.63
2025-05-12,2025-05-13,SZ300450,1,0.7708333333333334,0.8937931034482759,0.8551724137931035,0.0,0.023960880195599055,0.00867052023121384,0.14613180515759305,20.94,21.24,20.97,20.91,21.2,21.13
2025-05-12,2025-05-13,SZ002373,2,0.75,0.9420689655172414,0.9048275862068965,0.0,0.018181818181818077,0.00210526315789461,0.06932773109243695,9.52,9.64,9.54,9.59,9.64,9.59
2025-05-12,2025-05-13,SZ300274,3,0.7083333333333334,0.8648275862068966,0.8262068965517242,0.0,0.019166413142683414,0.006610576923076872,0.11970149253731344,67.0,68.44,67.93,68.26,69.34,69.49
2025-05-12,2025-05-13,SH600499,4,0.6666666666666666,0.9986206896551724,0.9958620689655172,0.0,0.0060240963855420215,0.0020000000000000018,0.08882235528942117,10.02,10.08,10.01,10.04,10.09,10.04
2025-05-12,2025-05-13,SZ300476,5,0.6666666666666666,0.9903448275862069,0.9806896551724138,0.0,0.002515723270440251,0.004664061515189832,0.1632371392722709,79.7,80.5,79.15,78.95,79.01,79.7
2025-05-13,2025-05-14,SZ300502,1,0.8095238095238094,1.0,1.0,0.0,0.015478260869565164,0.0035232448225488433,0.15953074156533642,116.78,118.99,123.27,123.4,122.8,123.0
2025-05-13,2025-05-14,SZ301498,2,0.6666666666666666,0.9820689655172414,0.9655172413793104,0.0,0.02680128499311607,0.0005366246310705147,0.16653258246178604,111.87,110.0,109.45,109.38,110.96,111.36
2025-05-13,2025-05-14,SZ000301,3,0.6666666666666666,0.9075862068965517,0.8689655172413793,0.0,0.023913043478260843,0.0021276595744681437,0.07006369426751591,9.42,9.42,9.38,9.37,9.39,9.44
2025-05-13,2025-05-14,SH600919,4,0.5238095238095238,0.896551724137931,0.856551724137931,0.0,0.018832391713747842,0.0018518518518517713,0.07948243992606274,10.82,10.8,10.77,10.75,10.76,10.73
2025-05-13,2025-05-14,SZ000959,5,0.5238095238095238,0.8648275862068966,0.9420689655172414,1.0,0.011080332409972415,0.005509641873278293,0.08493150684931505,3.65,3.65,3.64,3.62,3.63,3.62
2025-05-14,2025-05-15,SZ300676,1,0.9117647058823529,0.9834254143646409,0.9696132596685083,0.0,0.020494699646643078,0.014223002633889203,0.2020429362880889,57.76,57.93,55.87,56.19,56.36,55.84
2025-05-14,2025-05-15,SH600183,2,0.823529411764706,0.9337016574585635,0.9088397790055248,0.0,0.031481481481481444,0.006869125090383177,0.034829443447037756,27.85,27.64,27.45,27.54,27.6,27.62
2025-05-14,2025-05-15,SH601919,3,0.7549019607843137,0.899171270718232,0.8729281767955801,0.0,0.032319391634980876,0.005555555555555536,0.05831798649478204,16.29,16.6,16.45,16.25,16.16,16.13
2025-05-14,2025-05-15,SH600000,4,0.7352941176470589,0.988950276243094,0.9792817679558011,0.0,0.01334445371142623,0.003303055326176807,0.093827160493827,12.15,12.17,12.13,12.2,12.2,12.17
2025-05-14,2025-05-15,SZ300803,5,0.7352941176470589,0.856353591160221,0.8273480662983426,0.0,0.06753417888321533,0.009030048264051072,0.1306897083783367,64.81,63.5,63.74,63.32,62.97,62.57
2025-05-15,2025-05-16,SH600901,1,0.8571428571428571,0.9433701657458563,0.9212707182320442,0.0,0.012323943661971981,0.0017421602787455193,0.09217391304347822,5.75,5.72,5.74,5.74,5.71,5.69
2025-05-15,2025-05-16,SZ002821,2,0.7619047619047619,0.9323204419889503,0.9848066298342542,1.0,0.03523406374502014,0.0012040939193258549,0.06758869512928434,83.15,82.09,82.31,82.89,82.52,82.71
2025-05-15,2025-05-16,SZ300888,3,0.6666666666666666,0.9875690607734806,0.9737569060773481,0.0,0.005182379908311718,0.0015888778550148253,0.1965100138806266,50.43,50.08,50.2,50.16,50.4,50.48
2025-05-15,2025-05-16,SH601818,4,0.4761904761904762,0.8494475138121547,0.819060773480663,0.0,0.005012531328320691,0.0024999999999999467,0.09725685785536164,4.01,4.0,4.0,3.98,3.98,3.96
2025-05-15,2025-05-16,SH600183,5,0.4761904761904761,0.9267955801104972,0.9779005524861878,1.0,0.01193921852387847,0.0007155635062612298,0.0925992134429745,27.97,27.27,27.67,27.9,27.63,27.29
2025-05-16,2025-05-19,SZ002958,1,0.8730158730158729,0.9751381215469613,0.9585635359116023,0.0,0.011976047904191711,0.005952380952380931,0.09171597633136086,3.38,3.37,3.38,3.38,3.38,3.37
2025-05-16,2025-05-19,SZ300502,2,0.8412698412698413,1.0,1.0,0.0,0.022275945432567834,0.001776800067687656,0.17457770270270268,118.4,118.5,117.9,116.83,118.22,117.21
2025-05-16,2025-05-19,SH600499,3,0.7936507936507936,0.9986187845303868,0.9917127071823204,0.0,0.008264462809917328,0.005149330587023604,0.10143442622950816,9.76,9.76,9.76,9.72,9.69,9.76
2025-05-16,2025-05-19,SH600578,4,0.6825396825396824,0.9544198895027625,0.9903314917127072,1.0,0.0092592592592593,0.0022988505747127963,0.08944954128440363,4.36,4.36,4.35,4.35,4.34,4.39
2025-05-16,2025-05-19,SH601991,5,0.6666666666666666,0.9682320441988951,0.9516574585635359,0.0,0.006230529595015577,0.0031055900621117516,0.09907120743034059,3.23,3.22,3.22,3.23,3.24,3.24
2025-05-19,2025-05-20,SZ300866,1,0.9411764705882352,0.9986187845303868,0.9930939226519337,0.0,0.019720293792131915,0.005456349206349076,0.1753330044400594,101.35,100.72,100.3,100.97,101.45,102.51
2025-05-19,2025-05-20,SH603129,2,0.7647058823529411,0.9930939226519337,0.9779005524861878,0.0,0.017833333333333368,0.002133245815556295,0.08072703455051577,183.21,183.0,182.57,182.77,182.63,185.45
2025-05-19,2025-05-20,SH603486,3,0.7647058823529411,0.9917127071823204,0.9765193370165746,0.0,0.02840807575486881,0.0013917884481560172,0.07418346073662252,57.56,57.39,57.34,57.51,57.89,57.75
2025-05-19,2025-05-20,SZ300832,4,0.7058823529411765,0.856353591160221,0.8232044198895028,0.0,0.02442996742671011,0.007653969384122439,0.17028793499381734,56.61,56.56,56.36,56.36,56.48,57.22
2025-05-19,2025-05-20,SH600884,5,0.6666666666666666,0.994475138121547,0.9820441988950276,0.0,0.011842105263158098,0.0013020833333334814,0.09102730819245775,7.69,7.65,7.59,7.67,7.68,7.69
2025-05-20,2025-05-21,SZ300866,1,0.9298245614035089,0.9972413793103448,0.9944827586206897,0.0,0.03147339158061957,0.004059147579008382,0.16324959091346614,103.89,103.02,103.4,102.64,102.31,102.6
2025-05-20,2025-05-21,SZ300888,2,0.8771929824561403,0.9586206896551724,0.9434482758620689,0.0,0.03453038674033149,0.004406130268199249,0.16154873164218952,52.43,52.0,52.1,51.47,51.48,51.36
2025-05-20,2025-05-21,SZ002080,3,0.8245614035087719,0.9917241379310345,0.9820689655172414,0.0,0.031384615384615566,0.0029922202274088594,0.07398568019093066,16.76,16.83,17.04,17.27,17.08,16.88
2025-05-20,2025-05-21,SH603129,4,0.7719298245614036,0.9958620689655172,0.9889655172413793,0.0,0.019180327868852487,0.0012884522467384585,0.07919146426465073,186.51,185.0,184.0,182.86,182.69,183.53
2025-05-20,2025-05-21,SZ002384,5,0.6666666666666666,0.9889655172413793,0.9779310344827586,0.0,0.032467532467532534,0.0006993006993005757,0.06848357791754012,28.62,28.53,28.36,28.36,28.33,28.38
2025-05-21,2025-05-22,SZ002384,1,0.9666666666666668,0.9917241379310345,0.9848275862068966,0.0,0.028391167192429068,0.004794520547945158,0.0732788002726652,29.34,29.38,29.35,30.0,29.99,29.75
2025-05-21,2025-05-22,SZ300014,2,0.8555555555555556,0.9820689655172414,0.9655172413793104,0.0,0.023655913978494647,0.004643309413254526,0.17563025210084038,47.6,47.28,46.96,47.4,47.45,47.53
2025-05-21,2025-05-22,SZ300750,3,0.7555555555555555,0.983448275862069,0.9558620689655173,0.0,0.02734184800928885,0.001058394160583953,0.15060702176528484,274.29,277.8,269.82,270.23,268.87,269.39
2025-05-21,2025-05-22,SZ002831,4,0.7444444444444445,0.9420689655172414,0.9241379310344827,0.0,0.022591645353793544,0.004606365159129044,0.07586494372655284,23.99,23.98,24.09,24.05,24.1,24.12
2025-05-21,2025-05-22,SZ000963,5,0.7111111111111112,0.9075862068965517,0.8855172413793103,0.0,0.02731707317073173,0.0033349213911386677,0.0733618233618234,42.12,41.9,41.94,41.95,41.84,41.93
2025-05-22,2025-05-23,SH603259,1,0.8333333333333334,0.983448275862069,0.9668965517241379,0.0,0.017723577235772447,0.0019209220425804308,0.09058955104649313,62.59,62.77,63.07,63.08,63.49,63.75
2025-05-22,2025-05-23,SH600745,2,0.7999999999999999,0.8896551724137931,0.8606896551724138,0.0,0.03690888119953861,0.007565144298122828,0.0592324805339266,35.96,35.6,35.81,35.66,35.73,35.58
2025-05-22,2025-05-23,SZ002294,3,0.7666666666666666,0.9806896551724138,0.9641379310344828,0.0,0.025549188156638092,0.0009321836401772199,0.08242142025611177,42.95,42.8,44.18,44.74,44.51,44.5
2025-05-22,2025-05-23,SZ002311,4,0.7666666666666666,0.926896551724138,0.9062068965517242,0.0,0.020826220553089803,0.002178649237472685,0.0779264214046822,59.8,59.57,59.39,59.42,59.54,59.0
2025-05-22,2025-05-23,SH600741,5,0.6833333333333332,0.9462068965517242,0.926896551724138,0.0,0.007407407407407529,0.00263296471827279,0.09191176470588225,19.04,19.05,19.0,19.0,19.06,18.98
2025-05-23,2025-05-26,SZ002595,1,0.85,0.9351724137931035,0.9172413793103448,0.0,0.02498388136686014,0.004422682040751802,0.07170938826859574,63.59,63.1,63.39,63.69,63.56,63.09
2025-05-23,2025-05-26,SZ300866,2,0.8333333333333334,0.9986206896551724,0.9944827586206897,0.0,0.022315338140713292,0.0017187052420508664,0.17805738251834913,104.91,104.24,103.58,103.45,103.15,101.27
2025-05-23,2025-05-26,SH600499,3,0.7666666666666666,0.9972413793103448,0.993103448275862,0.0,0.00995024875621886,0.0029644268774704496,0.09064039408866997,10.15,9.95,9.98,10.06,10.04,9.98
2025-05-23,2025-05-26,SZ002821,4,0.7166666666666667,0.9944827586206897,0.9972413793103448,1.0,0.005916473317865378,0.003704132422734041,0.09099296505593357,86.71,86.0,85.81,86.19,85.79,84.81
2025-05-23,2025-05-26,SH603486,5,0.6999999999999998,0.9682758620689655,0.9544827586206897,0.0,0.009465381244522453,0.004359958144401821,0.08907796492446596,57.59,57.0,56.69,56.18,55.98,55.74
2025-05-30,2025-06-03,SZ300866,1,0.9642857142857143,0.9944827586206897,0.993103448275862,0.0,0.01852033317001478,0.011975464901178068,0.1949201462382144,103.94,100.99,100.79,100.28,100.25,100.14
2025-05-30,2025-06-03,SH603228,2,0.7738095238095238,0.9420689655172414,0.9186206896551724,0.0,0.014341590612777066,0.004194901581155319,0.09254498714652959,31.12,31.11,30.71,30.9,31.13,31.48
2025-05-30,2025-06-03,SZ000963,3,0.7380952380952381,0.983448275862069,0.9751724137931035,0.0,0.03480866758875045,0.0006687472135533667,0.06259746045889969,44.89,44.6,44.4,44.72,44.75,44.84
2025-05-30,2025-06-03,SZ002821,4,0.7142857142857143,0.9917241379310345,0.9903448275862069,0.0,0.01632432432432429,0.0006386375731772809,0.08935219657483229,94.01,93.02,94.35,94.71,93.66,94.99
2025-05-30,2025-06-03,SH600926,5,0.6904761904761904,0.9393103448275862,0.9172413793103448,0.0,0.017726161369193028,0.0012026458208056479,0.07687687687687705,16.65,16.8,16.72,16.69,16.69,16.75
2025-06-03,2025-06-04,SZ300558,1,0.84,0.9779310344827586,0.9668965517241379,0.0,0.09732142857142856,0.0014667535853976066,0.11244914564686725,61.45,61.91,64.71,61.8,62.23,62.31
2025-06-03,2025-06-04,SZ300009,2,0.8133333333333334,0.9448275862068966,0.8937931034482759,0.0,0.03628117913832196,0.018952062430323213,0.16849015317286642,9.14,9.05,9.03,9.0,9.02,9.01
2025-06-03,2025-06-04,SZ002294,3,0.7599999999999999,0.9627586206896551,0.9393103448275862,0.0,0.01856823266219232,0.003526559400484963,0.09773775532615847,45.53,45.15,45.92,45.81,46.33,47.19
2025-06-03,2025-06-04,SZ300347,4,0.7466666666666667,0.9462068965517242,0.9365517241379311,0.0,0.017791411042944905,0.006267691063485792,0.1944946755073338,49.77,49.97,50.61,50.43,51.7,51.64
2025-06-03,2025-06-04,SH603087,5,0.7333333333333334,0.9572413793103448,0.9462068965517242,0.0,0.05434782608695654,0.0012246326102169913,0.047527520531190026,57.23,56.98,56.78,56.43,56.85,57.24
2025-06-04,2025-06-05,SZ002294,1,0.9298245614035089,0.953103448275862,0.9131034482758621,0.0,0.07331118493909194,0.015081692501047295,0.0321914981427982,48.46,49.28,47.75,47.68,47.97,47.41
2025-06-04,2025-06-05,SZ300832,2,0.7894736842105262,0.983448275862069,0.9586206896551724,0.0,0.03428571428571425,0.0014646053702196404,0.1633084172895678,61.54,61.29,61.0,61.03,61.51,61.45
2025-06-04,2025-06-05,SH601998,3,0.7719298245614036,0.9682758620689655,0.9613793103448276,0.0,0.019488428745432218,0.003597122302158251,0.08124253285543626,8.37,8.35,8.34,8.36,8.36,8.32
2025-06-04,2025-06-05,SZ300866,4,0.7192982456140351,0.9475862068965517,0.9365517241379311,0.0,0.021599592460519457,0.0018984812150280028,0.1747282337688243,100.27,100.16,102.94,103.1,103.38,105.0
2025-06-04,2025-06-05,SZ300957,5,0.6666666666666666,0.9944827586206897,0.983448275862069,0.0,0.019171935549663344,0.001402805611222524,0.185111066639984,49.97,49.8,49.36,49.29,49.0,48.89
2025-06-05,2025-06-06,SZ300476,1,0.8555555555555555,0.9117241379310345,0.8979310344827586,0.0,0.17928471899674858,0.013977635782747688,0.02619141394249702,101.56,99.56,100.34,100.72,100.84,99.74
2025-06-05,2025-06-06,SZ002463,2,0.8444444444444444,0.9448275862068966,0.9144827586206896,0.0,0.05963855421686737,0.0062929061784897655,0.037805571347356404,35.18,34.98,35.6,35.37,35.55,35.3
2025-06-05,2025-06-06,SZ002384,3,0.7777777777777778,0.9144827586206896,0.8951724137931034,0.0,0.028731836195508453,0.00646203554119551,0.05585874799357948,31.15,30.95,31.0,30.89,30.96,30.9
2025-06-05,2025-06-06,SZ300765,4,0.7666666666666666,0.9986206896551724,0.9972413793103448,0.0,0.007097640514099224,0.006711409395973256,0.1899047619047618,52.5,52.42,51.83,52.0,51.73,52.24
2025-06-05,2025-06-06,SH601788,5,0.7444444444444445,0.9048275862068965,0.886896551724138,0.0,0.025988700564971712,0.011135857461024523,0.08314977973568283,18.16,17.9,17.69,17.6,17.55,17.48
2025-06-06,2025-06-09,SZ300394,1,0.9102564102564102,0.9958620689655172,0.9944827586206897,0.0,0.051601830663615456,0.0033842794759826322,0.14699162223914697,91.91,66.58,67.52,67.03,66.44,67.4
2025-06-06,2025-06-09,SZ002463,2,0.8589743589743589,0.9862068965517241,0.976551724137931,0.0,0.013722126929674117,0.005957446808510625,0.08996051889452894,35.46,36.01,36.46,36.66,36.35,36.34
2025-06-06,2025-06-09,SZ002831,3,0.8589743589743589,0.9751724137931035,0.9558620689655173,0.0,0.019747899159663795,0.006218905472636704,0.07128141738772142,24.27,24.3,24.06,24.13,24.23,23.92
2025-06-06,2025-06-09,SZ300308,4,0.7692307692307692,0.9848275862068966,0.9806896551724138,0.0,0.014313725490195939,0.00300533204071729,0.19331142470520013,103.46,105.31,106.69,106.54,105.68,106.81
2025-06-06,2025-06-09,SH603228,5,0.7692307692307692,0.983448275862069,0.9793103448275862,0.0,0.01178203240058906,0.003798947983635337,0.11149927219796218,34.35,34.33,34.38,34.36,34.08,34.27
2025-06-12,2025-06-13,SZ002294,1,0.9772727272727272,1.0,0.9958677685950413,0.0,0.05391678062121508,0.012385062863576657,0.057645968489342,53.95,53.35,53.71,54.34,53.82,53.78
2025-06-12,2025-06-13,SZ300308,2,0.8863636363636364,0.953168044077135,0.9449035812672176,0.0,0.08562091503267966,0.006231068801384687,0.11447492904446555,116.27,114.51,116.08,116.83,115.99,117.43
2025-06-12,2025-06-13,SZ300748,3,0.8257575757575758,0.9752066115702479,0.9669421487603306,0.0,0.02492729538845051,0.009410801963993576,0.17065261451155234,24.67,24.53,24.15,24.35,24.22,24.04
2025-06-12,2025-06-13,SZ002019,4,0.8257575757575758,0.9476584022038568,0.9325068870523416,0.0,0.07490636704119846,0.0034965034965033226,0.024390243902439046,14.35,14.7,14.99,14.83,14.5,14.59
2025-06-12,2025-06-13,SH603259,5,0.8030303030303031,0.9449035812672176,0.9090909090909091,0.0,0.04057792806640026,0.00474918373404587,0.05701624815361894,67.7,67.71,68.9,69.82,68.82,68.54
2025-06-13,2025-06-16,SZ002294,1,0.9215686274509803,1.0,0.9972451790633609,0.0,0.016869728209934376,0.020312206131277044,0.09880184331797226,54.25,54.5,53.29,53.8,54.0,53.6
2025-06-13,2025-06-16,SH603129,2,0.7058823529411765,0.9931129476584022,0.9848484848484849,0.0,0.03157647058823532,0.0005933905422677022,0.06984170430181114,219.21,218.3,212.17,218.74,219.9,215.27
2025-06-13,2025-06-16,SH603444,3,0.7058823529411765,0.9889807162534435,0.9807162534435262,0.0,0.020571752855217396,0.0007651641624930594,0.09373045110168898,287.74,286.88,296.2,296.0,299.72,297.22
2025-06-13,2025-06-16,SH600547,4,0.6666666666666666,0.8402203856749312,0.8347107438016529,0.0,0.019751513220770844,0.005971087366436034,0.0574820368634803,32.01,31.98,31.88,31.95,31.89,31.99
2025-06-13,2025-06-16,SH601138,5,0.6470588235294118,0.8677685950413223,0.8539944903581267,0.0,0.01553398058252431,0.0019157088122607746,0.08652007648183546,20.92,20.85,21.24,21.21,21.34,21.74
2025-06-16,2025-06-17,SZ300476,1,0.9305555555555555,0.9972451790633609,0.9944903581267218,0.0,0.03573743171928534,0.005301941049604686,0.12746938410655217,111.87,113.0,111.8,110.91,110.5,112.19
2025-06-16,2025-06-17,SH603883,2,0.8611111111111112,0.9366391184573003,0.9352617079889807,0.0,0.06672976810222431,0.0071492403932083,0.019077196095829585,22.54,22.0,21.78,21.97,22.01,21.98
2025-06-16,2025-06-17,SH600808,3,0.8472222222222222,0.9600550964187328,0.9600550964187328,0.0,0.053254437869822535,0.0028169014084507005,0.04494382022471921,3.56,3.58,3.63,3.6,3.6,3.58
2025-06-16,2025-06-17,SH600095,4,0.7222222222222223,0.9146005509641874,0.9146005509641874,0.0,0.020689655172414056,0.007945516458569779,0.091216216216216,8.88,8.95,8.87,8.89,8.93,8.94
2025-06-16,2025-06-17,SZ300037,5,0.6944444444444443,0.9449035812672176,0.928374655647383,0.0,0.015537965406039245,0.004057971014492789,0.1945727482678985,34.64,34.55,34.44,34.4,34.61,34.33
2025-06-18,2025-06-19,SZ300476,1,0.9895833333333334,1.0,1.0,0.0,0.06265845708076778,0.006086583797685341,0.1358214042263124,117.36,117.06,117.64,116.79,116.54,117.02
2025-06-18,2025-06-19,SH600884,2,0.8541666666666666,0.9724517906336089,0.9614325068870524,0.0,0.01912260967379087,0.012290502793296243,0.07284768211920523,9.06,9.01,9.06,9.09,9.13,9.14
2025-06-18,2025-06-19,SZ300308,3,0.8020833333333334,0.9944903581267218,0.990358126721763,0.0,0.058476077968103946,0.0011972224439300572,0.14182079081632648,125.44,124.56,128.71,128.0,126.85,127.95
2025-06-18,2025-06-19,SH603129,4,0.78125,0.9807162534435262,0.9683195592286501,0.0,0.027088571564116037,0.001526576305685312,0.077136258660508,216.5,218.0,219.23,218.58,218.01,215.57
2025-06-18,2025-06-19,SZ001203,5,0.71875,0.9765840220385675,0.9669421487603306,0.0,0.01307847082494984,0.0019900497512437276,0.08838133068520371,10.07,10.08,10.08,9.99,9.96,9.98
2025-06-25,2025-06-26,SH601336,1,0.9583333333333334,0.977961432506887,0.9752066115702479,0.0,0.038818275506698585,0.007160699417152472,0.06266534391534395,60.48,60.2,60.55,60.55,60.88,60.4
2025-06-25,2025-06-26,SZ002555,2,0.7777777777777777,0.9765840220385675,0.9655647382920111,0.0,0.010149253731343455,0.004154302670623222,0.09278959810874676,16.92,16.73,16.76,16.55,16.51,16.7
2025-06-25,2025-06-26,SH601916,3,0.7638888888888888,0.9683195592286501,0.9683195592286501,0.0,0.011173184357541999,0.0027700831024930483,0.08839779005524862,3.62,3.62,3.57,3.59,3.6,3.58
2025-06-25,2025-06-26,SH600415,4,0.75,0.9917355371900827,0.9889807162534435,0.0,0.05296100144439109,0.0009153318077803618,0.04115226337448563,21.87,21.91,21.27,21.39,21.48,21.83
2025-06-25,2025-06-26,SZ002074,5,0.7222222222222222,0.9421487603305785,0.990358126721763,1.0,0.0708333333333333,0.0011986814504045817,0.005088296917090673,33.41,33.06,34.18,33.95,33.5,33.13
2025-06-26,2025-06-27,SZ300037,1,0.8809523809523809,0.9490358126721763,0.9352617079889807,0.0,0.020916905444126277,0.005928853754940677,0.17513331462250892,35.63,35.63,35.9,35.5,35.12,35.13
2025-06-26,2025-06-27,SH601916,2,0.7142857142857143,0.953168044077135,0.9421487603305785,0.0,0.016574585635359185,0.0027247956403271267,0.0842391304347827,3.68,3.55,3.59,3.57,3.58,3.55
2025-06-26,2025-06-27,SZ002152,3,0.6904761904761904,0.977961432506887,0.9710743801652892,0.0,0.007352941176470562,0.005135730007336692,0.09854014598540162,13.7,13.64,13.63,13.59,13.64,13.85
2025-06-26,2025-06-27,SZ002683,4,0.6904761904761904,0.9325068870523416,0.9228650137741047,0.0,0.019242333132892364,0.0023654642223536193,0.07905604719764003,33.9,33.71,33.81,33.76,33.86,33.9
2025-06-26,2025-06-27,SZ300803,5,0.6190476190476191,0.9380165289256198,0.9944903581267218,1.0,0.01823142750837148,0.0014637716516221477,0.1505481120584653,82.1,81.62,80.02,79.31,80.0,81.6
2025-06-27,2025-06-30,SZ300502,1,0.787878787878788,0.9972451790633609,0.9931129476584022,0.0,0.06649395509499145,0.001216051884880498,0.13489878542510114,123.5,124.7,124.07,124.23,125.2,125.28
2025-06-27,2025-06-30,SH600673,2,0.6363636363636364,0.9834710743801653,0.9738292011019284,0.0,0.011304347826087024,0.0017226528854437095,0.08770421324161637,11.63,11.65,11.55,11.48,11.51,11.46
2025-06-27,2025-06-30,SH603993,3,0.6060606060606061,0.940771349862259,0.9297520661157025,0.0,0.02595797280593337,0.0012062726176118588,0.0469879518072287,8.3,8.3,8.35,8.33,8.35,8.33
2025-06-27,2025-06-30,SZ002460,4,0.6060606060606061,0.9077134986225895,0.8994490358126722,0.0,0.005589879376286966,0.0035231943628888374,0.0781158572264482,34.18,34.15,33.83,33.78,33.66,33.71
2025-06-27,2025-06-30,SH603228,5,0.5757575757575758,0.8994490358126722,0.9710743801652892,1.0,0.0801011804384486,0.0007812499999999556,0.005204267499349546,38.43,38.98,40.08,39.38,39.35,39.5
2025-06-30,2025-07-01,SZ300308,1,0.8765432098765432,0.9986225895316805,0.9986225895316805,0.0,0.026501766784452263,0.005538248528902834,0.1434079173838212,145.25,143.59,144.34,144.27,146.48,144.9
2025-06-30,2025-07-01,SH600764,2,0.8271604938271605,0.9586776859504132,0.9449035812672176,0.0,0.05597014925373145,0.009212481426448704,0.039163722025912895,33.96,33.59,33.62,33.59,33.27,33.63
2025-06-30,2025-07-01,SH600415,3,0.7654320987654321,0.9724517906336089,0.9476584022038568,0.0,0.03715012722646316,0.003446578040374293,0.056918547595682156,20.38,20.45,19.96,19.85,19.74,19.8
2025-06-30,2025-07-01,SH603993,4,0.7160493827160493,0.9807162534435262,0.9517906336088154,0.0,0.014457831325301207,0.0035756853396899935,0.08432304038004768,8.42,8.52,8.44,8.37,8.34,8.32
2025-06-30,2025-07-01,SZ002384,5,0.7037037037037037,0.9834710743801653,0.990358126721763,1.0,0.006666666666666599,0.0037224142515288605,0.09509933774834445,37.75,37.4,38.17,37.85,39.07,38.79
2025-07-01,2025-07-02,SH600673,1,0.9824561403508771,0.9848484848484849,0.9752066115702479,0.0,0.08848797250859097,0.007955449482895727,0.009471191791633693,12.67,12.55,12.52,12.51,12.49,12.64
2025-07-01,2025-07-02,SH600764,2,0.9298245614035087,0.9683195592286501,0.9504132231404959,0.0,0.06281631437927948,0.005350605463249947,0.04761904761904745,35.7,36.01,36.44,35.25,35.28,35.59
2025-07-01,2025-07-02,SZ300476,3,0.8596491228070176,0.9986225895316805,0.9972451790633609,0.0,0.029202011860971266,0.0027060630439552646,0.1762217359591538,137.1,134.0,132.7,132.37,132.91,134.31
2025-07-01,2025-07-02,SZ000408,4,0.7368421052631579,0.9669421487603306,0.9490358126721763,0.0,0.0168736817436137,0.004863362667901772,0.08181608665591145,43.39,43.3,43.44,43.65,43.57,43.59
2025-07-01,2025-07-02,SZ002938,5,0.631578947368421,0.9641873278236914,0.9173553719008265,0.0,0.05266438142723584,0.0005924170616113944,0.04292480757844874,33.78,33.36,33.46,33.02,33.04,33.07
2025-07-03,2025-07-04,SZ301308,1,0.873015873015873,0.9828571428571429,0.9485714285714286,0.0,0.029963898916967713,0.007889778615167264,0.16649141254819488,85.59,85.0,84.1,84.26,83.8,83.71
2025-07-03,2025-07-04,SZ002463,2,0.8571428571428571,0.98,0.9757142857142858,1.0,0.03355861104637614,0.003847894975101962,0.054340473506200526,44.35,46.7,48.25,48.13,47.95,47.05
2025-07-03,2025-07-04,SZ300476,3,0.8095238095238094,1.0,0.9885714285714285,0.0,0.03557139739579562,0.0011955833743584332,0.1344478786175891,142.36,144.0,145.83,147.18,146.52,145.97
2025-07-03,2025-07-04,SZ301165,4,0.7619047619047619,0.9871428571428571,0.9557142857142857,0.0,0.017403411068569463,0.002744425385934779,0.18012316113581917,58.46,58.01,58.63,58.9,58.44,58.57
2025-07-03,2025-07-04,SZ000426,5,0.7619047619047619,0.9757142857142858,0.9385714285714286,0.0,0.02375152253349566,0.002983293556085842,0.0678167757287329,16.81,16.75,16.66,16.65,16.69,16.89
2025-07-04,2025-07-07,SZ002938,1,0.9027777777777778,0.9571428571428572,0.9614285714285714,1.0,0.03688181056160933,0.008423913043478226,0.05928321207221776,37.11,36.89,40.01,39.25,38.27,38.11
2025-07-04,2025-07-07,SZ300002,2,0.875,0.9457142857142857,0.9057142857142857,0.0,0.04656862745098045,0.005494505494505475,0.15534738485558153,12.81,12.66,13.05,13.07,13.0,12.9
2025-07-04,2025-07-07,SH600000,3,0.75,0.97,0.9357142857142857,0.0,0.03109540636042407,0.002060439560439553,0.06922549691569557,14.59,14.66,14.59,14.69,14.78,14.7
2025-07-04,2025-07-07,SH601169,4,0.6944444444444445,0.92,0.8785714285714286,0.0,0.024216524216524427,0.002789400278940146,0.07371349095966617,7.19,7.22,7.18,7.23,7.23,7.23
2025-07-04,2025-07-07,SH603129,5,0.6666666666666666,0.9814285714285714,0.9442857142857143,0.0,0.020978120978121018,0.0012200252419016788,0.08815496449430649,237.99,236.0,232.48,235.0,232.24,230.78
2025-07-08,2025-07-09,SZ002463,1,0.8571428571428572,0.9771428571428571,0.9714285714285714,1.0,0.08338833883388341,0.003464438557163163,0.023151909017059324,49.24,48.87,48.89,48.75,48.75,48.6
2025-07-08,2025-07-09,SH600673,2,0.8571428571428571,0.9985714285714286,0.9814285714285714,1.0,0.021229868228404003,0.004319654427645592,0.09247311827956994,13.95,13.94,13.75,13.7,13.79,13.88
2025-07-08,2025-07-09,SZ300308,3,0.7619047619047619,0.9957142857142857,0.9671428571428572,0.0,0.07383496586524196,0.0009683890157017316,0.12072420703475917,144.71,145.0,144.73,146.51,147.42,148.06
2025-07-08,2025-07-09,SH603806,4,0.6825396825396824,0.9042857142857142,0.8071428571428572,0.0,0.06515373352855058,0.0020661157024794985,0.03642611683848784,14.55,14.39,14.37,14.33,14.29,14.26
2025-07-08,2025-07-09,SZ300395,5,0.6507936507936508,0.9457142857142857,0.9128571428571428,0.0,0.04563650920736584,0.0015337423312884457,0.14241960183767222,52.24,52.3,52.05,52.7,52.52,52.03
2025-07-11,2025-07-14,SZ300395,1,1.0,0.9928571428571429,0.9542857142857143,0.0,0.04737344794651377,0.007904411764705799,0.14572314426408894,54.83,56.78,57.34,58.88,60.89,57.92
2025-07-11,2025-07-14,SZ002683,2,0.6,0.9571428571428572,0.9114285714285715,0.0,0.018933333333333247,0.0020980854969838703,0.08427113321120117,38.21,38.13,38.92,38.36,38.53,38.75
2025-07-11,2025-07-14,SZ000997,3,0.5333333333333333,0.87,0.8142857142857143,0.0,0.014316837846249708,0.006796416434970753,0.08745013807916524,32.59,32.5,32.73,33.03,32.73,32.47
2025-07-11,2025-07-14,SZ300763,4,0.4666666666666666,0.9757142857142858,0.9357142857142857,0.0,0.007872775940796828,0.0017214397496088107,0.19418840806124038,64.01,63.8,63.21,63.41,63.08,62.58
2025-07-11,2025-07-14,SZ000893,5,0.39999999999999997,0.8628571428571429,0.8257142857142857,0.0,0.02070263488080304,0.00030740854595756595,0.08512599877074378,32.54,32.68,32.47,32.26,32.77,32.74
2025-07-14,2025-07-15,SZ000932,1,0.9333333333333332,0.9814285714285714,0.9114285714285715,0.0,0.020912547528517234,0.001865671641791078,0.08193668528864051,5.37,5.32,5.37,5.38,5.39,5.41
2025-07-14,2025-07-15,SZ000825,2,0.6666666666666666,0.9471428571428572,0.8957142857142857,0.0,0.002450980392156854,0.002450980392156854,0.10268948655256716,4.09,4.13,4.1,4.12,4.13,4.14
2025-07-14,2025-07-15,SZ000050,3,0.6,0.8642857142857143,0.8157142857142857,0.0,0.011534025374855705,0.0011415525114155667,0.09007981755986338,8.77,8.89,8.83,8.9,8.94,8.91
2025-07-14,2025-07-15,SZ002138,4,0.5333333333333333,0.8485714285714285,0.8042857142857143,0.0,0.010934744268077612,0.0013976240391333494,0.09106769016050231,28.66,28.49,28.88,28.95,28.96,28.91
2025-07-14,2025-07-15,SZ000960,5,0.26666666666666666,0.8442857142857143,0.8,0.0,0.01065162907268169,0.0006203473945407545,0.0818350898946063,16.13,16.1,16.42,16.48,16.51,16.34
2025-07-15,2025-07-16,SZ300476,1,1.0,0.9985714285714286,0.9728571428571429,0.0,0.1137684096743683,0.010914888398332101,0.05070969307291029,164.86,162.29,159.8,161.47,162.78,162.61
2025-07-15,2025-07-16,SZ002444,2,0.7719298245614036,0.9971428571428571,0.9671428571428572,0.0,0.05018157807857371,0.0018897637795274314,0.04778371581263752,31.81,31.58,32.25,31.74,31.96,32.32
2025-07-15,2025-07-16,SZ300442,3,0.7368421052631579,0.8971428571428571,0.85,0.0,0.09937759336099572,0.00914111597790912,0.09567842989243247,52.99,54.55,53.73,54.32,54.79,54.8
2025-07-15,2025-07-16,SZ300394,4,0.7017543859649122,0.9457142857142857,0.89,0.0,0.0679622556728825,0.0031655587211143477,0.07278847165246671,95.07,95.83,93.39,93.85,94.69,95.44
2025-07-15,2025-07-16,SZ300395,5,0.6666666666666666,0.9942857142857143,0.9614285714285714,0.0,0.03656403079076287,0.001859993236388302,0.11696202531645583,59.25,59.58,61.45,61.47,60.97,62.24
2025-07-16,2025-07-17,SZ002444,1,0.9285714285714285,0.9942857142857143,0.9657142857142857,0.0,0.012982900569981082,0.015555555555555545,0.08627696155048459,31.99,31.73,31.85,31.64,31.56,31.39
2025-07-16,2025-07-17,SH600016,2,0.6666666666666666,0.9642857142857143,0.8985714285714286,0.0,0.0018761726078799779,0.003759398496240518,0.09925093632958815,5.34,5.34,5.37,5.41,5.41,5.39
2025-07-16,2025-07-17,SZ002926,3,0.6190476190476191,0.9685714285714285,0.92,0.0,0.004048582995951344,0.0010090817356205317,0.10383064516129026,9.92,9.82,9.91,9.91,9.91,9.83
2025-07-16,2025-07-17,SH603298,4,0.6190476190476191,0.8671428571428571,0.8185714285714286,0.0,0.024774774774774855,0.0035288928098808903,0.0734065934065935,22.75,22.75,22.77,22.85,22.74,22.7
2025-07-16,2025-07-17,SZ300803,5,0.619047619047619,0.92,0.97,1.0,0.012090016758439015,0.001302700142112645,0.18568894145476045,84.55,83.6,84.88,84.65,85.4,86.09
2025-07-17,2025-07-18,SH600183,1,0.8828828828828829,0.9814285714285714,0.9314285714285714,0.0,0.08138528138528134,0.004019292604501512,0.024552975713904468,37.47,37.6,37.3,37.48,37.1,37.13
2025-07-17,2025-07-18,SZ002916,2,0.846846846846847,0.9614285714285714,0.9428571428571428,1.0,0.05934959349593516,0.00617760617760621,0.04282425172678428,130.3,133.29,135.17,136.33,133.88,133.15
2025-07-17,2025-07-18,SZ002475,3,0.8288288288288288,0.9528571428571428,0.8871428571428571,0.0,0.0678378378378377,0.004066073697585715,0.031637560111364316,39.51,39.35,39.71,39.7,39.32,39.44
2025-07-17,2025-07-18,SZ300476,4,0.8018018018018017,0.9971428571428571,0.9714285714285714,0.0,0.08875016089586807,0.001065151784129137,0.09972217296210917,169.17,170.26,173.6,174.17,170.26,167.9
2025-07-17,2025-07-18,SH603296,5,0.7477477477477478,0.9828571428571429,0.9642857142857143,1.0,0.01963882618510171,0.0034432966788848773,0.08578702678769101,90.34,90.76,89.75,88.94,88.3,87.88
2025-07-18,2025-07-21,SZ002466,1,0.9242424242424243,0.9457142857142857,0.8814285714285715,0.0,0.036054225555234964,0.0081392085321359,0.04899777282850781,35.92,36.18,36.14,35.85,35.77,35.85
2025-07-18,2025-07-21,SZ300748,2,0.8181818181818182,0.94,0.8771428571428571,0.0,0.03735408560311293,0.0037650602409640133,0.1571642910727682,26.66,26.41,26.63,26.7,26.73,27.02
2025-07-18,2025-07-21,SZ000960,3,0.8030303030303031,0.9314285714285714,0.8728571428571429,0.0,0.03207896360271434,0.005408653846153744,0.05797967722653907,16.73,16.82,16.95,16.96,17.02,17.05
2025-07-18,2025-07-21,SZ002460,4,0.712121212121212,0.9014285714285715,0.8442857142857143,0.0,0.023341873042983297,0.005032149846239786,0.06981919332406106,35.95,36.1,36.22,35.96,35.97,36.09
2025-07-18,2025-07-21,SZ300207,5,0.6666666666666666,0.9414285714285714,0.8785714285714286,0.0,0.006631927996210374,0.0042533081285445196,0.19058823529411772,21.25,21.2,21.12,21.12,21.22,21.18
2025-07-21,2025-07-22,SH600183,1,0.9545454545454546,0.9871244635193133,0.9484978540772532,0.0,0.06600931251711861,0.007767995857068888,0.03160328879753327,38.92,38.01,39.38,39.13,38.99,39.91
2025-07-21,2025-07-22,SZ002916,2,0.9393939393939394,0.9885550786838341,0.9613733905579399,1.0,0.048488898789633916,0.006989017258593577,0.025212464589235095,141.2,140.05,141.13,141.48,139.55,143.91
2025-07-21,2025-07-22,SZ300677,3,0.8181818181818182,0.9899856938483548,0.9527896995708155,0.0,0.01308285810130827,0.00566100566100558,0.18344370860927173,30.2,30.25,30.38,30.89,31.06,31.1
2025-07-21,2025-07-22,SZ002436,4,0.7727272727272726,0.9699570815450643,0.9170243204577968,0.0,0.045454545454545414,0.003355704697986406,0.05886287625418074,14.95,14.74,14.81,14.81,14.83,14.95
2025-07-21,2025-07-22,SZ000825,5,0.7272727272727274,0.949928469241774,0.8898426323319027,0.0,0.01904761904761898,0.0046948356807512415,0.07242990654205594,4.28,4.29,4.26,4.27,4.26,4.26
2025-07-22,2025-07-23,SZ300677,1,0.9904761904761905,0.9885714285714285,0.9557142857142857,0.0,0.04429752066115711,0.010233450591621285,0.152579930357708,31.59,31.56,31.98,31.38,31.52,31.35
2025-07-22,2025-07-23,SZ000932,2,0.980952380952381,0.9857142857142858,0.9442857142857143,0.0,0.061482820976491936,0.006861063464836947,0.03236797274275971,5.87,5.84,5.83,5.78,5.75,5.79
2025-07-22,2025-07-23,SZ000708,3,0.780952380952381,0.9271428571428572,0.8685714285714285,0.0,0.03782148260211793,0.00512820512820511,0.05758017492711365,13.72,13.75,13.52,13.62,13.69,13.71
2025-07-22,2025-07-23,SZ000825,4,0.7714285714285714,0.9671428571428572,0.9142857142857143,0.0,0.025641025641025772,0.004566210045662267,0.06818181818181812,4.4,4.43,4.4,4.4,4.45,4.48
2025-07-22,2025-07-23,SZ000709,5,0.7333333333333334,0.9457142857142857,0.8571428571428571,0.0,0.03292181069958833,0.0040000000000000036,0.06374501992031889,2.51,2.57,2.58,2.58,2.58,2.6
2025-07-24,2025-07-25,SH601636,1,0.9333333333333332,0.9871428571428571,0.9428571428571428,0.0,0.056962025316455556,0.015197568389057725,0.05239520958083843,6.68,6.71,6.69,6.79,6.88,6.88
2025-07-24,2025-07-25,SH603260,2,0.8888888888888888,0.9742857142857143,0.9085714285714286,0.0,0.05975327679259812,0.00659099231050897,0.06747908330301922,54.98,54.86,57.04,57.01,56.28,57.87
2025-07-24,2025-07-25,SZ300395,3,0.8777777777777778,0.9985714285714286,0.9714285714285714,0.0,0.04170040485829962,0.005209011590050716,0.1195750744915145,77.19,77.71,75.53,76.49,76.56,77.37
2025-07-24,2025-07-25,SZ000960,4,0.7555555555555555,0.98,0.9314285714285714,0.0,0.05415968732551635,0.0026553372278279586,0.03442796610169507,18.88,18.68,18.68,18.66,18.81,18.84
2025-07-24,2025-07-25,SZ300803,5,0.7222222222222222,0.89,0.8242857142857143,0.0,0.06897727272727261,0.012049488972565747,0.12341873073243348,94.07,94.94,93.03,93.7,92.75,94.03
2025-07-25,2025-07-28,SZ300677,1,0.9090909090909092,0.9871428571428571,0.94,0.0,0.03941702550513404,0.007060333761232274,0.15901848311026123,31.38,31.09,31.86,31.7,32.09,32.0
2025-07-25,2025-07-28,SZ300759,2,0.7272727272727272,0.97,0.8914285714285715,0.0,0.0714285714285714,0.002673796791443861,0.11799999999999988,30.0,30.56,30.46,30.82,30.72,30.52
2025-07-25,2025-07-28,SZ002738,3,0.6666666666666666,0.9771428571428571,0.9014285714285715,0.0,0.010621761658031081,0.005671564836297938,0.08843886183030003,39.01,37.9,37.73,38.2,38.4,38.43
2025-07-25,2025-07-28,SH603260,4,0.6060606060606061,0.8957142857142857,0.83,0.0,0.02716004374772152,0.00877192982456143,0.07737355811889968,56.35,54.78,54.48,55.57,55.22,55.05
2025-07-25,2025-07-28,SZ002916,5,0.606060606060606,0.9842857142857143,0.9342857142857143,0.0,0.007480916030534246,0.003192459714198792,0.10357629943930902,131.98,132.83,134.75,136.0,135.58,134.6
2025-07-29,2025-07-30,SH603259,1,0.8602150537634409,0.9685714285714285,0.9542857142857143,1.0,0.0642054574638844,0.005357864941366808,0.01337355455002509,99.45,98.6,101.21,100.01,100.23,101.79
2025-07-29,2025-07-30,SZ300759,2,0.8064516129032259,0.9857142857142858,0.9371428571428572,0.0,0.058613989637305686,0.003684372121584234,0.13215050474151124,32.69,32.42,32.78,32.76,33.25,33.03
2025-07-29,2025-07-30,SZ300502,3,0.7849462365591396,0.9457142857142857,0.9714285714285714,1.0,0.07449374544230669,0.004036062480343938,0.11386061080657783,191.55,188.0,185.24,187.84,187.0,186.83
2025-07-29,2025-07-30,SZ300395,4,0.7741935483870966,1.0,0.9814285714285714,0.0,0.01275699777062167,0.02829476861167013,0.18478659655130247,81.77,81.38,83.31,81.84,80.03,79.21
2025-07-29,2025-07-30,SZ300476,5,0.7634408602150536,0.9957142857142857,0.9657142857142857,0.0,0.02994371892246339,0.003727568028116579,0.16356305374290403,188.49,187.0,186.38,188.19,189.87,189.33
2025-07-31,2025-08-01,SH600435,1,0.9333333333333332,0.9256080114449213,0.9484978540772532,1.0,0.038212815990593674,0.0062678062678063196,0.08323895809739512,17.66,17.63,16.72,16.89,16.96,16.71
2025-07-31,2025-08-01,SZ300558,2,0.6,0.8841201716738197,0.8297567954220315,0.0,0.01637795275590559,0.0015518311607698454,0.18050821196157396,64.54,64.2,64.44,65.64,65.9,66.88
2025-07-31,2025-08-01,SZ300454,3,0.6,0.8812589413447782,0.8283261802575107,0.0,0.06762376237623768,0.0010211659858894162,0.12584623945098783,107.83,109.48,108.46,109.61,112.59,111.91
2025-07-31,2025-08-01,SH600062,4,0.46666666666666673,0.8197424892703863,0.871244635193133,1.0,0.0051960321209258975,0.0018832391713747842,0.09680451127819545,21.28,21.17,21.11,21.33,21.21,21.56
2025-07-31,2025-08-01,SZ002648,5,0.39999999999999997,0.9198855507868383,0.8741058655221745,0.0,0.0005133470225870962,0.0005133470225870962,0.11646998460749125,19.49,19.54,19.62,19.81,19.66,19.57
2025-08-06,2025-08-07,SZ300476,1,0.880952380952381,0.9828080229226361,0.9512893982808023,0.0,0.044183949504057685,0.0033127771265482053,0.1549324392969622,196.86,195.8,197.06,196.78,194.53,192.57
2025-08-06,2025-08-07,SH600435,2,0.8452380952380952,0.9355300859598854,0.9541547277936963,1.0,0.06352941176470583,0.005561735261401468,0.0359513274336285,18.08,18.03,17.51,17.57,17.51,17.44
2025-08-06,2025-08-07,SH600143,3,0.8095238095238096,0.9083094555873925,0.9555873925501432,1.0,0.07248636009353082,0.012509197939661432,0.024709302325581328,13.76,13.93,13.91,13.67,13.73,14.23
2025-08-06,2025-08-07,SZ300748,4,0.8095238095238094,0.9541547277936963,0.9111747851002865,0.0,0.02994454713493533,0.0036023054755043304,0.16726489590811222,27.86,27.9,27.65,27.67,27.59,27.39
2025-08-06,2025-08-07,SZ000408,5,0.7857142857142857,0.9613180515759312,0.9154727793696275,0.0,0.02629416598192269,0.003212851405622663,0.07445956765412332,49.96,50.15,50.9,50.75,50.94,50.35
2025-08-07,2025-08-08,SZ300677,1,0.8181818181818182,0.997134670487106,0.9914040114613181,0.0,0.03706666666666658,0.0030951766830022986,0.16765235278992008,38.89,38.12,37.5,36.91,37.11,37.35
2025-08-07,2025-08-08,SZ300748,2,0.8181818181818182,0.9813753581661891,0.9555873925501432,0.0,0.04372759856630837,0.002409638554216942,0.14835164835164827,29.12,28.54,28.38,28.46,28.21,28.29
2025-08-07,2025-08-08,SZ002414,3,0.787878787878788,0.9555873925501432,0.9656160458452722,1.0,0.041765169424744064,0.009931245225363039,0.05446293494704979,13.22,13.4,13.55,13.63,13.31,13.37
2025-08-07,2025-08-08,SZ002008,4,0.7272727272727272,0.8782234957020058,0.8252148997134671,0.0,0.0461650308978554,0.01445188579485368,0.032661570535093665,28.78,28.84,28.48,28.56,28.61,28.84
2025-08-07,2025-08-08,SH600958,5,0.5151515151515151,0.9613180515759312,0.9212034383954155,0.0,0.01305483028720622,0.0008598452278589797,0.08247422680412364,11.64,11.63,11.57,11.52,11.51,11.47
2025-08-08,2025-08-11,SZ002008,1,0.8541666666666666,0.9799426934097422,0.9441260744985673,0.0,0.05062413314840497,0.002315580549123286,0.05742574257425748,30.3,32.99,33.12,32.91,32.66,32.18
2025-08-08,2025-08-11,SZ002653,2,0.7916666666666666,0.9126074498567335,0.9570200573065902,1.0,0.05252883762200544,0.022762545266425294,0.04957005563985839,59.31,59.16,58.62,57.62,57.48,57.28
2025-08-08,2025-08-11,SZ000960,3,0.75,0.9469914040114613,0.9068767908309455,0.0,0.03229398663697092,0.0037899296155927686,0.07011866235167208,18.54,18.43,18.43,18.53,18.51,18.37
2025-08-08,2025-08-11,SH603993,4,0.7083333333333334,0.9742120343839542,0.9355300859598854,0.0,0.027368421052631486,0.002053388090349051,0.06864754098360648,9.76,9.88,9.77,9.84,9.87,9.81
2025-08-08,2025-08-11,SH600884,5,0.6875,0.8868194842406877,0.832378223495702,0.0,0.04314477468839906,0.005545286506469571,0.05055147058823528,10.88,11.25,10.93,11.13,11.16,11.23
2025-08-11,2025-08-12,SZ300502,1,0.8484848484848485,0.9613180515759312,0.9914040114613181,1.0,0.05511983765699546,0.0011448792672772434,0.1370204802994075,192.38,193.38,196.21,196.8,195.5,200.55
2025-08-11,2025-08-12,SH603228,2,0.7575757575757577,0.9541547277936963,0.9699140401146131,1.0,0.025110281642348298,0.0019900497512439497,0.08540218470705052,60.42,59.85,59.81,59.94,59.4,59.29
2025-08-11,2025-08-12,SH600329,3,0.7272727272727272,0.9828080229226361,0.9512893982808023,0.0,0.05979899497487451,0.0004743833017077925,0.04148885727833096,42.18,42.09,42.77,42.67,43.39,43.09
2025-08-11,2025-08-12,SZ300142,4,0.5757575757575758,0.9412607449856734,0.8954154727793696,0.0,0.015432098765431945,0.0007604562737641984,0.18693009118541015,13.16,13.16,13.18,13.13,13.09,13.09
2025-08-11,2025-08-12,SH603658,5,0.5757575757575758,0.8667621776504298,0.8094555873925502,0.0,0.035190615835777095,0.003315963998105076,0.06350330500472134,42.36,42.23,42.08,42.23,42.32,42.42
2025-08-12,2025-08-13,SH601138,1,0.7843137254901961,0.995702005730659,0.9914040114613181,1.0,0.06992048258842898,0.0010261672652644993,0.024859046642747185,39.02,39.72,39.25,39.59,39.63,40.97
2025-08-12,2025-08-13,SZ300476,2,0.7450980392156863,0.998567335243553,0.9928366762177651,0.0,0.05809108289622045,0.0007882412945705575,0.12555596738324692,215.84,215.5,218.0,221.0,219.39,223.25
2025-08-12,2025-08-13,SZ002008,3,0.7450980392156863,0.9871060171919771,0.9899713467048711,1.0,0.012173913043478368,0.027360988526037078,0.06729667812142037,34.92,34.21,34.23,34.99,35.12,35.14
2025-08-12,2025-08-13,SZ300274,4,0.7254901960784315,0.9154727793696275,0.8624641833810889,0.0,0.042553191489361764,0.01251291470554472,0.14988662131519281,88.2,88.0,87.38,86.91,86.93,87.65
2025-08-12,2025-08-13,SZ002353,5,0.6666666666666666,0.9512893982808023,0.9742120343839542,1.0,0.0277777777777779,0.0023464163822526363,0.07256863162374971,46.99,46.74,46.69,46.47,46.41,46.39
2025-08-13,2025-08-14,SZ300476,1,0.9703703703703703,0.998567335243553,0.9885386819484241,0.0,0.0980046403712298,0.014883122453356101,0.09990702392020956,236.62,232.0,233.66,235.38,234.46,232.27
2025-08-13,2025-08-14,SZ300502,2,0.9629629629629629,0.994269340974212,0.9856733524355301,0.0,0.15087378640776694,0.01420260095824788,0.03711827231314313,237.08,233.3,233.98,235.22,235.89,235.04
2025-08-13,2025-08-14,SZ300308,3,0.9333333333333332,0.9928366762177651,0.9828080229226361,0.0,0.10456449834619619,0.012859915884827045,0.08129042561686495,250.46,246.4,246.08,247.9,245.11,244.07
2025-08-13,2025-08-14,SH603259,4,0.7851851851851851,0.9412607449856734,0.8882521489971347,0.0,0.06297502714440828,0.00772002058672161,0.028089887640449396,97.9,99.0,98.5,98.25,98.09,97.89
2025-08-13,2025-08-14,SZ300394,5,0.7703703703703703,0.9197707736389685,0.8610315186246418,0.0,0.08692022263450849,0.03342741224201795,0.09430741657420838,117.17,113.87,112.71,113.6,112.6,112.38
2025-08-15,2025-08-18,SH603993,1,0.935483870967742,0.994261119081779,0.9856527977044476,0.0,0.057874762808349356,0.00631768953068601,0.05291479820627809,11.15,11.3,10.94,11.03,11.04,11.09
2025-08-15,2025-08-18,SZ300274,2,0.9193548387096775,0.975609756097561,0.9440459110473458,0.0,0.07317351598173527,0.00804203302594897,0.12264652696521638,94.01,95.5,95.4,94.71,94.02,94.55
2025-08-15,2025-08-18,SZ300677,3,0.8655913978494624,0.9813486370157819,0.9526542324246772,0.0,0.05832865956253519,0.004524886877828038,0.1338102808691044,37.74,37.89,38.04,37.57,37.46,37.71
2025-08-15,2025-08-18,SZ300033,4,0.8440860215053764,0.9512195121951219,0.9053084648493543,0.0,0.16609664956615378,0.006642974302897731,0.029166553512750104,368.23,366.7,364.9,364.0,372.99,374.39
2025-08-15,2025-08-18,SZ000776,5,0.7956989247311829,0.9684361549497847,0.9340028694404591,0.0,0.02706621556307387,0.009980988593155882,0.07341176470588229,21.25,21.36,20.93,20.91,21.08,21.08
2025-08-18,2025-08-19,SZ300308,1,0.9292929292929294,0.9944367176634215,0.9770444763271162,0.0,0.08153298567999334,0.012044459935711238,0.09314250727077922,261.32,260.0,269.59,272.56,276.5,271.98
2025-08-18,2025-08-19,SZ300502,2,0.8686868686868686,0.9874826147426982,0.96987087517934,0.0,0.04885574697865769,0.011949555509613408,0.143417504290267,244.74,244.29,255.24,258.96,262.99,259.1
2025-08-18,2025-08-19,SZ300003,3,0.8383838383838383,0.933240611961057,0.8737446197991392,0.0,0.07225433526011571,0.014215418261344981,0.11266846361185978,18.55,18.55,18.22,18.27,18.47,18.46
2025-08-18,2025-08-19,SZ300033,4,0.8383838383838383,0.9318497913769124,0.9799139167862266,1.0,0.10436323970548145,0.012450311257781399,0.08808059856285633,404.97,396.01,399.01,399.89,399.87,394.02
2025-08-18,2025-08-19,SZ300394,5,0.8181818181818182,0.9694019471488178,0.9296987087517934,0.0,0.043633292671483526,0.010631531122217153,0.16381945693220645,111.22,112.01,115.2,119.69,122.59,124.8
2025-08-19,2025-08-20,SZ300308,1,0.9393939393939394,0.9972222222222222,0.9856733524355301,0.0,0.05384615384615388,0.013351085469137214,0.13868613138686126,274.0,261.99,260.41,265.5,262.66,266.06
2025-08-19,2025-08-20,SZ300502,2,0.8939393939393939,0.9958333333333333,0.9842406876790831,0.0,0.04732080723729992,0.011304794655915273,0.14578854797733043,255.85,247.0,244.26,245.98,243.41,247.99
2025-08-19,2025-08-20,SZ300476,3,0.8333333333333334,1.0,0.9914040114613181,0.0,0.013131576658840016,0.013351889705562447,0.19364806866952788,233.0,223.97,218.9,222.15,218.37,221.8
2025-08-19,2025-08-20,SZ300339,4,0.7121212121212123,0.9083333333333333,0.8510028653295129,0.0,0.08288859239493007,0.008229813664596186,0.10811643308178032,64.93,63.01,63.0,62.68,62.58,62.96
2025-08-19,2025-08-20,SH600498,5,0.712121212121212,0.9569444444444445,0.9097421203438395,0.0,0.026824457593688456,0.011266511266511348,0.08144448713023422,26.03,25.68,25.2,25.6,25.44,25.57
2025-08-20,2025-08-21,SZ300115,1,0.8709677419354839,0.9694868238557559,0.9356223175965666,0.0,0.03896620278330021,0.006936416184970984,0.1668580176042862,26.13,26.4,25.99,25.96,25.8,25.68
2025-08-20,2025-08-21,SH603893,2,0.8709677419354839,0.9459084604715673,0.882689556509299,0.0,0.08122226591023995,0.005642338435818406,0.030339238401994928,192.49,193.08,189.7,191.79,188.4,188.38
2025-08-20,2025-08-21,SZ002736,3,0.7956989247311829,0.9278779472954231,0.8683834048640916,0.0,0.04425410421127762,0.006882312456985673,0.05331510594668476,14.63,14.88,14.81,14.84,14.74,14.57
2025-08-20,2025-08-21,SH600233,4,0.7634408602150539,0.9472954230235784,0.9542203147353362,1.0,0.059394631639063444,0.0016198704103671524,0.04743935309973035,18.55,18.52,18.2,18.29,18.27,18.25
2025-08-20,2025-08-21,SZ300394,5,0.7419354838709679,0.9944521497919556,0.9814020028612304,0.0,0.05203389830508476,0.0007255139056832061,0.17915256967939408,124.14,125.0,123.8,123.93,121.16,118.35
2025-08-22,2025-08-25,SZ300308,1,0.858974358974359,0.9986130374479889,0.9928469241773963,0.0,0.07602948554667899,0.003527336860670305,0.14149420752483777,278.81,288.0,300.88,293.77,300.87,292.8
2025-08-22,2025-08-25,SZ300394,2,0.7948717948717948,0.9958391123439667,0.9899856938483548,0.0,0.0458723404255319,0.004167347605817939,0.16917568557246332,122.89,125.0,125.88,124.01,127.0,122.13
2025-08-22,2025-08-25,SZ300502,3,0.7435897435897436,1.0,0.9971387696709585,0.0,0.0850477951300106,0.0010888106558268884,0.12181416089620423,275.83,283.32,291.36,285.0,294.31,281.67
2025-08-22,2025-08-25,SZ300433,4,0.7435897435897436,0.9805825242718447,0.9384835479256081,0.0,0.03857142857142848,0.006925207756232732,0.16953232462173307,29.08,29.33,29.13,28.77,29.1,28.96
2025-08-22,2025-08-25,SH600536,5,0.7307692307692307,0.9389736477115118,0.876967095851216,0.0,0.054594386774317494,0.0036589828027808746,0.05978855267954786,54.86,56.21,55.3,54.12,54.76,54.51
2025-08-25,2025-08-26,SZ300285,1,0.7666666666666666,0.9015256588072122,0.8383404864091559,0.0,0.07748184019370474,0.010445049954586727,0.10921348314606738,22.25,22.14,21.83,21.91,22.02,22.18
2025-08-25,2025-08-26,SZ300003,2,0.7333333333333334,0.9431345353675451,0.8841201716738197,0.0,0.10967741935483866,0.003403014098201318,0.05571705426356588,20.64,20.69,20.84,20.58,20.51,20.6
2025-08-25,2025-08-26,SZ300724,3,0.7333333333333334,0.9112343966712899,0.9828326180257511,1.0,0.07564102564102582,0.006961113778204631,0.10655542312276522,83.9,83.74,84.17,84.35,86.23,88.75
2025-08-25,2025-08-26,SH603486,4,0.7000000000000001,0.9916782246879334,0.9685264663805436,0.0,0.06488088703480077,0.004244745832902019,0.03185567010309276,97.0,96.0,95.84,94.0,94.92,97.3
2025-08-25,2025-08-26,SZ300274,5,0.6333333333333333,0.9930651872399445,0.9713876967095851,0.0,0.021865596790371145,0.0055270430319778185,0.1526305457400865,101.88,101.92,99.2,99.3,99.73,98.65
2025-08-27,2025-08-28,SH600160,1,0.7777777777777778,0.9958391123439667,0.9736477115117892,0.0,0.01092436974789912,0.0016652789342215257,0.0850651149903019,36.09,35.62,35.78,35.67,35.53,35.45
2025-08-27,2025-08-28,SZ002261,2,0.7222222222222223,0.8807212205270458,0.9445214979195562,1.0,0.01362862010221444,0.006768189509306355,0.06362545018007193,41.65,40.53,42.34,41.05,41.45,42.59
2025-08-27,2025-08-28,SZ002517,3,0.6666666666666666,0.9680998613037448,0.9084604715672677,0.0,0.001777777777777656,0.004904146232723949,0.09671694764862471,22.54,22.26,22.31,21.95,22.09,22.01
2025-08-27,2025-08-28,SH600378,4,0.5,0.9361997226074896,0.8793342579750347,0.0,0.008666666666666822,0.000992391663910075,0.0888962326503635,30.26,30.0,30.1,29.88,29.91,29.73
2025-08-27,2025-08-28,SZ002714,5,0.4444444444444444,0.9292649098474342,0.8723994452149791,0.0,0.001279707495429605,0.0025626944902068516,0.10589738908161395,54.77,54.3,53.8,54.05,53.97,53.78
2025-08-29,2025-09-01,SZ300394,1,0.9411764705882352,0.9958391123439667,0.9930651872399445,1.0,0.0579563597658328,0.011705430301796493,0.08662407565772923,198.79,197.99,207.62,204.0,199.64,196.82
2025-08-29,2025-09-01,SH600160,2,0.8823529411764706,0.9902912621359223,0.955617198335645,0.0,0.058501913613996814,0.005714285714285783,0.02840909090909105,38.72,39.59,39.21,39.24,38.67,38.45
2025-08-29,2025-09-01,SZ300502,3,0.8333333333333334,1.0,0.9986130374479889,0.0,0.02588571428571429,0.01452305605786619,0.1862641341280009,359.06,362.0,374.66,367.33,363.53,358.97
2025-08-29,2025-09-01,SZ300308,4,0.7549019607843137,0.9986130374479889,0.9902912621359223,0.0,0.019034090909090917,0.010308697611536743,0.20111513799832736,358.7,372.75,384.0,383.0,373.5,376.6
2025-08-29,2025-09-01,SZ000988,5,0.7352941176470589,0.9750346740638003,0.9251040221914009,0.0,0.05630317092034032,0.0032319670926987953,0.037340752672426314,68.29,74.5,75.26,75.26,75.26,73.36
2025-09-01,2025-09-02,SZ300751,1,0.7916666666666666,0.9361997226074896,0.8654646324549237,0.0,0.12122222222222212,0.011020939785592487,0.07452185115449428,100.91,100.52,101.0,104.96,103.79,101.89
2025-09-01,2025-09-02,SZ300394,2,0.75,0.9972260748959778,0.9972260748959778,1.0,0.10106571038941348,0.004700894091621333,0.09284403669724783,218.0,218.0,223.88,217.48,217.09,214.97
2025-09-01,2025-09-02,SH603993,3,0.7083333333333334,0.9902912621359223,0.955617198335645,0.0,0.06666666666666665,0.0059880239520957446,0.011904761904761862,13.44,13.6,13.75,13.98,13.94,13.86
2025-09-01,2025-09-02,SZ300433,4,0.6666666666666666,0.9916782246879334,0.9597780859916782,0.0,0.04119729642742209,0.005595275101025754,0.15394126738794434,32.35,32.35,31.3,31.15,31.16,30.62
2025-09-01,2025-09-02,SH600549,5,0.6458333333333334,0.9875173370319001,0.9472954230235784,0.0,0.039116719242902054,0.006108735491753059,0.02792956891317555,32.94,32.98,32.29,31.68,31.5,31.57
2025-09-02,2025-09-03,SZ300450,1,0.9444444444444445,0.9764216366158114,0.984743411927878,1.0,0.055799220272904515,0.006270320483046765,0.1271636279713826,43.33,43.55,45.47,45.85,45.68,46.58
2025-09-02,2025-09-03,SH601100,2,0.7222222222222222,0.9472954230235784,0.8793342579750347,0.0,0.023553900087642576,0.004623655913978508,0.07492240179813758,93.43,93.49,94.8,93.26,93.92,93.27
2025-09-02,2025-09-03,SZ300014,3,0.5555555555555556,0.9667128987517337,0.9056865464632455,0.0,0.02096398494893381,0.0019342359767891004,0.1765531765531767,56.98,57.86,61.9,63.05,65.1,64.46
2025-09-02,2025-09-03,SH601958,4,0.5555555555555555,0.9278779472954231,0.9195561719833565,1.0,0.015348288075560657,0.008797653958944274,0.05523255813953476,17.2,17.39,16.79,16.73,16.72,16.59
2025-09-02,2025-09-03,SZ002850,5,0.38888888888888884,0.9459084604715673,0.8765603328710125,0.0,0.007508930524167123,0.0025389916575988547,0.09971056439942116,138.2,139.5,138.7,137.9,138.43,137.61
2025-09-09,2025-09-10,SZ300857,1,0.9166666666666666,0.9916782246879334,0.9791955617198336,0.0,0.03603603603603611,0.010101010101010166,0.1753913043478259,115.0,118.98,118.25,121.31,124.38,126.5
2025-09-09,2025-09-10,SZ300502,2,0.861111111111111,0.9986130374479889,0.9916782246879334,0.0,0.022408963585434094,0.009324758842443659,0.20229372411596058,313.9,340.01,328.53,333.36,331.0,324.3
2025-09-09,2025-09-10,SZ002558,3,0.8055555555555555,0.9680998613037448,0.9625520110957004,1.0,0.018158567774936074,0.019984627209838512,0.09419743782969103,39.81,39.24,40.48,41.08,41.5,41.22
2025-09-09,2025-09-10,SH600547,4,0.8055555555555555,0.9389736477115118,0.8585298196948682,0.0,0.03438320209973744,0.012069851052901814,0.037807663029687966,39.41,38.0,38.23,38.49,38.35,38.34
2025-09-09,2025-09-10,SZ300919,5,0.7916666666666666,0.9750346740638003,0.9320388349514563,0.0,0.01933575978161972,0.011740799277489389,0.19794688685561246,44.81,43.8,43.4,43.14,43.04,43.15
2025-09-10,2025-09-11,SZ300274,1,0.8888888888888888,0.9958391123439667,0.984743411927878,0.0,0.011389521640090994,0.008142812402129662,0.2104690897794348,128.76,126.53,125.92,126.26,126.92,128.5
2025-09-10,2025-09-11,SZ002558,2,0.7222222222222222,0.9833564493758669,0.9722607489597781,1.0,0.10932721712538229,0.0018411967779055072,0.010337698139214258,43.53,43.98,41.15,40.86,41.39,41.95
2025-09-10,2025-09-11,SH600362,3,0.6111111111111112,0.8183079056865464,0.8807212205270458,1.0,0.022142857142857242,0.003506311360448766,0.10167714884696011,28.62,28.7,28.71,28.55,28.88,28.99
2025-09-10,2025-09-11,SZ300073,4,0.5555555555555555,0.9875173370319001,0.957004160887656,0.0,0.004291044776119302,0.002047654504839791,0.2342559910830393,53.83,53.98,54.1,54.99,54.96,55.22
2025-09-10,2025-09-11,SZ000960,5,0.38888888888888884,0.9098474341192788,0.8335644937586685,0.0,0.010377358490566202,0.0014025245441795509,0.10084033613445365,21.42,21.51,21.46,21.47,21.71,21.98
2025-09-11,2025-09-12,SZ300308,1,0.9523809523809524,0.9986130374479889,0.9930651872399445,0.0,0.09197145627688408,0.0061397479954181655,0.05196047178833285,439.18,417.0,415.7,421.81,424.21,426.0
2025-09-11,2025-09-12,SZ300394,2,0.9387755102040817,0.9833564493758669,0.9889042995839112,1.0,0.10554969168379524,0.006626201315123925,0.054670619566855816,199.01,188.0,183.11,187.13,187.87,187.1
2025-09-11,2025-09-12,SZ300274,3,0.9047619047619048,0.9944521497919556,0.9819694868238558,0.0,0.06543902631786924,0.005669526296158134,0.14205177657443824,134.81,135.97,134.76,132.8,134.66,139.0
2025-09-11,2025-09-12,SZ300316,4,0.8707482993197279,0.9639389736477115,0.9042995839112344,0.0,0.04443145279158123,0.029386343993085484,0.1603694374475233,35.73,36.58,36.45,36.51,37.43,37.3
2025-09-11,2025-09-12,SZ300014,5,0.8503401360544217,0.9972260748959778,0.9916782246879334,0.0,0.027038626609442007,0.005743905855982279,0.1725867112411199,71.79,72.0,72.43,71.01,72.4,74.73
2025-09-12,2025-09-15,SZ300014,1,0.9444444444444445,0.9944521497919556,0.9889042995839112,0.0,0.029861111111111116,0.015753424657534376,0.16035064059339166,74.15,75.99,77.96,77.81,76.47,77.28
2025-09-12,2025-09-15,SZ300207,2,0.7777777777777778,0.986130374479889,0.9431345353675451,0.0,0.018136557610241688,0.0038569424964935983,0.17603911980440112,28.63,29.04,30.49,30.28,29.9,29.89
2025-09-12,2025-09-15,SZ300308,3,0.7777777777777777,1.0,0.9972260748959778,0.0,0.014748201438848918,0.0031767857566202817,0.24768994446413806,423.15,410.0,412.99,418.66,410.6,406.01
2025-09-12,2025-09-15,SH601598,4,0.38888888888888884,0.8918169209431346,0.812760055478502,0.0,0.006369426751592355,0.0031746031746031633,0.09493670886075933,6.32,6.29,6.27,6.28,6.26,6.21
2025-09-12,2025-09-15,SH603979,5,0.3333333333333333,0.9306518723994452,0.8502080443828016,0.0,0.0029780564263324205,0.0009385265133741161,0.08298171589310832,63.99,63.7,63.89,64.36,64.46,64.48
2025-09-15,2025-09-16,SH601872,1,0.8214285714285715,0.9819694868238558,0.9639389736477115,1.0,0.025287356321839205,0.003374578177727683,0.03251121076233199,8.92,8.75,9.03,9.03,8.91,8.83
2025-09-15,2025-09-16,SZ300316,2,0.7142857142857143,0.9625520110957004,0.8945908460471568,0.0,0.05859483476812,0.002103049421661396,0.104669464847849,38.12,38.0,38.3,38.03,38.73,38.31
2025-09-15,2025-09-16,SZ300413,3,0.7142857142857143,0.8585298196948682,0.941747572815534,1.0,0.07676630434782594,0.010197578075207048,0.10946372239747637,31.7,31.38,31.69,31.58,31.56,31.77
2025-09-15,2025-09-16,SZ300502,4,0.7023809523809524,0.9958391123439667,0.9889042995839112,0.0,0.01854173347715804,0.002496413199426062,0.2295846809972235,349.37,348.94,357.31,349.35,346.0,351.24
2025-09-15,2025-09-16,SZ300433,5,0.7023809523809524,0.9597780859916782,0.8904299583911235,0.0,0.01713134027544516,0.0029811195760185427,0.1687582562747687,30.28,30.07,30.28,30.15,30.02,30.1
2025-09-16,2025-09-17,SZ300274,1,0.8958333333333334,0.9944521497919556,0.9778085991678225,0.0,0.02097090196647544,0.01041292639138236,0.1656005685856432,140.7,140.8,139.68,140.22,139.4,139.51
2025-09-16,2025-09-17,SZ300316,2,0.875,0.984743411927878,0.9542302357836339,0.0,0.022368421052631593,0.00491464045525114,0.1758043758043757,38.85,38.49,37.76,38.2,38.32,38.45
2025-09-16,2025-09-17,SZ300803,3,0.6458333333333334,0.9459084604715673,0.8765603328710125,0.0,0.049225775914531145,0.002131232239731329,0.1481600824901721,155.17,157.0,155.01,157.11,158.79,159.97
2025-09-16,2025-09-17,SZ002064,4,0.625,0.8862690707350902,0.812760055478502,0.0,0.021640091116173377,0.004479283314669846,0.07023411371237454,8.97,8.9,8.93,8.84,8.82,8.72
2025-09-16,2025-09-17,SZ002463,5,0.6041666666666666,0.8793342579750347,0.9237170596393898,1.0,0.041388324135927856,0.004341736694677634,0.057453632687212375,71.71,72.0,72.17,71.24,72.43,72.29
2025-09-17,2025-09-18,SZ300207,1,0.8390804597701149,0.9889042995839112,0.9472954230235784,0.0,0.07625043721580971,0.0035877364644487653,0.12154696132596676,30.77,30.83,29.95,29.9,29.8,30.0
2025-09-17,2025-09-18,SZ000807,2,0.7701149425287356,0.955617198335645,0.8932038834951457,0.0,0.025527736867942963,0.005777563793933682,0.08377213977979903,20.89,20.42,20.3,20.37,20.27,20.23
2025-09-17,2025-09-18,SZ300803,3,0.735632183908046,0.9764216366158114,0.9292649098474342,0.0,0.0878980891719745,0.0023474178403755097,0.10802107728337229,170.8,166.0,165.56,163.29,163.42,163.94
2025-09-17,2025-09-18,SZ000960,4,0.7011494252873564,0.9320388349514563,0.8571428571428571,0.0,0.022482435597189543,0.009246417013407227,0.08245533669262484,21.83,21.36,21.12,21.06,21.05,21.05
2025-09-17,2025-09-18,SZ000425,5,0.6781609195402298,0.9098474341192788,0.8280166435506241,0.0,0.02977412731006157,0.006018054162487241,0.07178464606181456,10.03,9.97,9.87,9.94,9.92,9.99
2025-09-26,2025-09-29,SZ300919,1,0.8181818181818182,0.9847222222222223,0.95,0.0,0.012684989429175397,0.0033514872224549297,0.19457202505219207,47.9,48.78,48.48,48.47,48.53,48.59
2025-09-26,2025-09-29,SH603799,2,0.8181818181818182,0.9666666666666667,0.9111111111111111,0.0,0.02959641255605372,0.0029704700331993905,0.06567944250871083,57.4,58.4,58.3,58.12,58.44,58.26
2025-09-26,2025-09-29,SH600848,3,0.7272727272727272,0.8819444444444444,0.9041666666666667,1.0,0.02112029384756653,0.005424954792043302,0.08812949640287782,11.12,11.3,11.45,11.38,11.4,11.46
2025-09-26,2025-09-29,SZ000932,4,0.6363636363636364,0.8722222222222222,0.8541666666666666,1.0,0.025078369905956244,0.0030674846625766694,0.07645259938837912,6.54,6.52,6.38,6.33,6.32,6.45
2025-09-26,2025-09-29,SH601001,5,0.5757575757575758,0.8861111111111111,0.8,0.0,0.020000000000000018,0.0014025245441795509,0.1071428571428572,14.28,14.03,13.8,13.79,13.86,13.85
2025-09-29,2025-09-30,SZ301358,1,0.8181818181818182,0.9555555555555556,0.9527777777777777,1.0,0.10701107011070099,0.006336190831159216,0.01333333333333342,54.0,53.95,56.57,57.48,59.1,59.21
2025-09-29,2025-09-30,SH601899,2,0.7878787878787877,0.9708333333333333,0.9152777777777777,0.0,0.04151624548736477,0.004176818656456804,0.04471403812824959,28.85,29.57,29.59,29.69,29.76,29.33
2025-09-29,2025-09-30,SZ300857,3,0.7424242424242423,1.0,0.9972222222222222,0.0,0.10908084163898124,0.0006661115736885659,0.07438841737393909,180.27,181.0,178.99,180.87,180.54,179.38
2025-09-29,2025-09-30,SH600884,4,0.712121212121212,0.9625,0.9583333333333334,1.0,0.016107382550335503,0.008660892738174608,0.07727873183619538,15.14,15.13,15.51,15.95,15.8,15.93
2025-09-29,2025-09-30,SH603298,5,0.6818181818181818,0.9791666666666666,0.9388888888888889,0.0,0.017253521126760596,0.004171011470281538,0.08584285219799237,28.89,29.19,28.76,28.72,28.62,28.38
2025-09-30,2025-10-09,SH603606,1,0.84,0.9819444444444444,0.9402777777777778,0.0,0.05281166319547759,0.005398494104276175,0.045358202628232425,70.77,72.8,68.52,69.26,69.72,69.04
2025-09-30,2025-10-09,SZ300014,2,0.7999999999999999,0.9972222222222222,0.9861111111111112,0.0,0.08879518072289172,0.0016626025271559985,0.1112094721699679,90.37,91.14,89.4,91.59,91.78,90.03
2025-09-30,2025-10-09,SZ300073,3,0.7999999999999999,0.9847222222222223,0.9513888888888888,0.0,0.04988948531733506,0.0036220947781466784,0.1428571428571428,66.5,69.61,72.44,75.83,73.87,72.5
2025-09-30,2025-10-09,SZ300413,4,0.7866666666666667,0.9916666666666667,0.9652777777777778,0.0,0.012729844413012614,0.00958826847151717,0.1748603351955309,35.8,34.66,34.98,34.39,34.03,32.78
2025-09-30,2025-10-09,SH603659,5,0.7866666666666666,0.9166666666666666,0.9347222222222222,1.0,0.08424008424008433,0.007501630789302105,0.02557461961799934,30.89,31.1,30.55,30.9,30.7,29.9
2025-10-09,2025-10-10,SZ300316,1,0.90625,0.9944444444444445,0.9819444444444444,0.0,0.03783185840707959,0.00838349097162494,0.1641441057343851,46.91,46.02,46.55,45.85,45.26,45.24
2025-10-09,2025-10-10,SH603799,2,0.8854166666666666,0.9805555555555555,0.9680555555555556,1.0,0.03476055497538422,0.011668611435239118,0.04512687427912332,69.36,68.0,67.7,66.79,66.36,66.83
2025-10-09,2025-10-10,SZ002241,3,0.7708333333333334,0.9138888888888889,0.8375,0.0,0.057081888503601075,0.006859756097560954,0.04087812263436774,39.63,38.98,38.59,38.24,37.55,37.99
2025-10-09,2025-10-10,SZ002064,4,0.7291666666666666,0.9625,0.9055555555555556,0.0,0.05683060109289606,0.004153686396676903,0.03722854188210967,9.67,9.3,9.27,9.35,9.36,9.36
2025-10-09,2025-10-10,SZ002340,5,0.6770833333333334,0.9472222222222222,0.8833333333333333,0.0,0.02880184331797242,0.005630630630630407,0.03695408734602457,8.93,8.84,8.73,8.75,8.65,8.62
2025-10-10,2025-10-13,SZ002064,1,0.7777777777777778,0.9778085991678225,0.9167822468793343,0.0,0.03978494623655915,0.003112033195020736,0.09513960703205782,9.67,9.34,9.41,9.35,9.41,9.19
2025-10-10,2025-10-13,SZ002409,2,0.6666666666666666,0.9764216366158114,0.9639389736477115,1.0,0.053749999999999964,0.0003559985760057671,0.05860023724792396,84.3,81.01,83.63,82.1,82.55,81.71
2025-10-10,2025-10-13,SH601061,3,0.6666666666666666,0.9167822468793343,0.8196948682385575,0.0,0.03219512195121954,0.006660323501427312,0.07655954631379958,10.58,10.15,10.31,10.33,10.37,10.41
2025-10-10,2025-10-13,SZ002203,4,0.5,0.9015256588072122,0.8058252427184466,0.0,0.011278195488721776,0.00523168908819116,0.08773234200743496,13.45,12.98,12.93,12.89,13.02,12.97
2025-10-10,2025-10-13,SZ000893,5,0.4444444444444444,0.9500693481276006,0.8751733703190014,0.0,0.01113861386138626,0.0007349338559530239,0.0851897184822521,40.85,39.35,40.29,40.05,40.32,39.71
2025-10-13,2025-10-14,SZ301308,1,0.9107142857142857,0.9986130374479889,1.0,1.0,0.06670658682634723,0.014175918018787259,0.21258560682609184,178.14,188.0,185.49,190.16,190.78,185.8
2025-10-13,2025-10-14,SZ300054,2,0.8630952380952381,0.9750346740638003,0.9098474341192788,0.0,0.08762446657183487,0.00977284733227668,0.14622024588019888,38.23,38.27,37.78,37.52,37.73,37.17
2025-10-13,2025-10-14,SZ300346,3,0.863095238095238,0.9805825242718447,0.9070735090152566,0.0,0.11989167897587416,0.006861443116423338,0.10002198285337438,45.49,45.13,44.28,44.07,44.26,43.95
2025-10-13,2025-10-14,SH603650,4,0.8214285714285715,0.9445214979195562,0.9403606102635229,1.0,0.09771986970684043,0.015060240963855387,0.033276812208562934,47.18,47.82,46.14,46.31,46.89,46.4
2025-10-13,2025-10-14,SZ300207,5,0.8154761904761904,0.9722607489597781,0.9015256588072122,0.0,0.0776271186440678,0.007606973058637001,0.18464926077382815,31.79,31.99,31.68,31.53,31.55,31.34
2025-10-22,2025-10-23,SH600115,1,0.9523809523809524,0.997229916897507,0.9695290858725761,0.0,0.018672199170124415,0.004089979550102374,0.08961303462321779,4.91,4.9,4.88,4.86,4.85,4.85
2025-10-22,2025-10-23,SH601288,2,0.7619047619047619,0.9404432132963989,0.8836565096952909,0.0,0.02668360864040653,0.003726708074534013,0.07301980198019797,8.08,8.09,8.19,8.19,8.21,8.18
2025-10-22,2025-10-23,SH603568,3,0.6666666666666666,0.943213296398892,0.8864265927977839,0.0,0.01704283740211876,0.003180372557928024,0.08740942028985521,22.08,21.97,21.89,21.93,21.96,22.05
2025-10-22,2025-10-23,SH601077,4,0.4761904761904762,0.9487534626038782,0.8961218836565097,0.0,0.007112375533428139,0.0014144271570013522,0.09887005649717517,7.08,7.07,7.07,7.09,7.08,7.1
2025-10-22,2025-10-23,SH600029,5,0.4761904761904761,0.9293628808864266,0.8670360110803325,0.0,0.010670731707317138,0.0015105740181269312,0.09351432880844657,6.63,6.62,6.6,6.58,6.56,6.61
2025-10-23,2025-10-24,SZ300073,1,0.9115646258503401,0.9930747922437673,0.9515235457063712,0.0,0.02722464219041698,0.007322654462242673,0.16825685294563075,66.03,66.5,66.22,66.63,66.68,66.3
2025-10-23,2025-10-24,SZ000933,2,0.8095238095238094,0.9958448753462604,0.9653739612188366,0.0,0.02264957264957279,0.0046179680940385825,0.06936899289594645,23.93,24.34,24.45,24.32,24.15,23.84
2025-10-23,2025-10-24,SH603606,3,0.8095238095238094,0.9861495844875346,0.9390581717451524,0.0,0.021818181818181737,0.005067064083457584,0.07814353499406868,67.44,67.31,67.05,67.33,67.1,66.92
2025-10-23,2025-10-24,SZ002532,4,0.7959183673469389,0.9210526315789473,0.8614958448753463,0.0,0.05032467532467533,0.0062208398133747345,0.04636785162287471,12.94,13.08,13.37,13.41,13.29,12.86
2025-10-23,2025-10-24,SZ301308,5,0.7755102040816326,1.0,1.0,1.0,0.04437313267677312,0.00249614955653521,0.15013774104683208,188.76,197.0,197.31,199.4,205.33,206.79
2025-10-24,2025-10-27,SZ300073,1,0.8461538461538461,0.9944598337950139,0.9653739612188366,0.0,0.020150375939849585,0.005037037037037173,0.16686320754716966,67.84,69.0,68.31,68.49,69.49,68.51
2025-10-24,2025-10-27,SZ002028,2,0.8205128205128206,0.9986149584487535,0.9847645429362881,0.0,0.013431114040870051,0.006300114547537206,0.0588665745182535,122.99,122.0,121.49,120.51,121.4,123.0
2025-10-24,2025-10-27,SZ002409,3,0.782051282051282,0.9667590027700831,0.9833795013850416,1.0,0.04093872229465445,0.00452944136889788,0.03820140280561124,79.84,84.1,84.1,83.92,82.81,82.6
2025-10-24,2025-10-27,SZ300373,4,0.7307692307692308,0.961218836565097,0.9113573407202216,0.0,0.011518885614786978,0.008277703604806286,0.1799523305084747,75.52,75.57,75.5,75.52,75.52,74.83
2025-10-24,2025-10-27,SH600499,5,0.717948717948718,0.9445983379501385,0.8933518005540166,0.0,0.04146341463414638,0.003132341425215346,0.0569867291178765,12.81,12.82,13.02,13.08,13.26,13.09
2025-10-27,2025-10-28,SH601288,1,0.7777777777777778,0.9833795013850416,0.9445983379501385,0.0,0.030303030303030276,0.0012269938650306678,0.07720588235294112,8.16,8.18,8.24,8.25,8.25,8.23
2025-10-27,2025-10-28,SZ300677,2,0.7555555555555555,0.9501385041551247,0.907202216066482,0.0,0.05397301349325323,0.0014245014245015675,0.14129919393077284,42.18,41.4,38.89,38.33,38.26,38.43
2025-10-27,2025-10-28,SH600499,3,0.7111111111111111,0.9418282548476454,0.8975069252077562,0.0,0.029641185647425905,0.00227790432801811,0.06818181818181812,13.2,13.21,13.04,12.97,13.0,13.07
2025-10-27,2025-10-28,SZ300308,4,0.6666666666666666,0.9903047091412742,0.9584487534626038,0.0,0.010932973530695556,0.002104559222689817,0.1635164576341046,509.49,503.3,512.66,518.88,519.89,525.11
2025-10-27,2025-10-28,SH600489,5,0.6,0.943213296398892,0.9695290858725761,1.0,0.03560162235241093,0.0008710801393727596,0.06875543951261953,22.98,22.5,22.42,22.58,22.63,22.71
2025-10-29,2025-10-30,SZ300136,1,0.888888888888889,0.9889196675900277,0.9626038781163435,0.0,0.05414012738853513,0.0042475728155340065,0.15407854984894254,33.1,33.07,33.57,33.57,33.11,32.95
2025-10-29,2025-10-30,SH601061,2,0.8686868686868688,0.9764542936288089,0.9833795013850416,1.0,0.07506471095772227,0.0032206119162641045,0.02006420545746379,12.46,12.4,12.47,12.74,12.63,12.62
2025-10-29,2025-10-30,SZ300073,3,0.8383838383838383,0.981994459833795,0.9487534626038782,0.0,0.051225598121238836,0.003221739739459384,0.15275062831611286,71.62,72.03,71.33,71.0,70.97,72.11
2025-10-29,2025-10-30,SZ002756,4,0.7676767676767676,0.9750692520775623,0.9265927977839336,0.0,0.042063094641962895,0.003133285128946728,0.05189812590100917,41.62,41.0,41.49,41.28,41.63,42.11
2025-10-29,2025-10-30,SZ000792,5,0.7272727272727272,0.9875346260387812,0.961218836565097,0.0,0.054453355846348694,0.001603849238171584,0.04363490792634117,24.98,25.32,25.19,25.05,25.11,25.13
2025-10-30,2025-10-31,SZ002738,1,0.9074074074074074,0.9792243767313019,0.981994459833795,1.0,0.057270360728895575,0.01030561478322678,0.04150545198733724,56.86,56.09,58.0,58.37,58.8,58.1
2025-10-30,2025-10-31,SZ300390,2,0.8148148148148148,0.9681440443213296,0.9168975069252078,0.0,0.15767634854771773,0.0016318537859008053,0.04366243075920484,30.69,29.89,30.26,31.04,30.9,30.42
2025-10-30,2025-10-31,SZ002414,3,0.7222222222222223,0.9542936288088643,0.8988919667590027,0.0,0.017045454545454586,0.004912280701754312,0.0761173184357542,14.32,14.15,14.06,14.17,14.06,13.98
2025-10-30,2025-10-31,SZ301358,4,0.7222222222222222,0.9986149584487535,0.997229916897507,1.0,0.07893129770992369,0.0008497379974508057,0.1082496108674118,70.67,70.65,76.66,77.89,77.0,74.99
2025-10-30,2025-10-31,SZ002460,5,0.6666666666666666,0.9598337950138505,0.9709141274238227,1.0,0.05074454243169013,0.00123984019837442,0.039763346175013536,72.68,72.0,73.18,74.46,73.32,71.85
2025-11-03,2025-11-04,SZ301308,1,1.0,1.0,1.0,1.0,0.07179126630731969,0.009417304296645002,0.1427478134110789,274.4,275.0,283.96,286.05,288.17,269.81
2025-11-03,2025-11-04,SH601898,2,0.8387096774193549,0.9778393351800554,0.9404432132963989,0.0,0.05205278592375362,0.002795248078266921,0.041114982578397186,14.35,14.32,14.51,14.51,14.44,14.4
2025-11-03,2025-11-04,SZ300012,3,0.7849462365591399,0.9335180055401662,0.8836565096952909,0.0,0.03293622985283817,0.006143344709897525,0.16078697421981003,14.74,14.7,14.71,14.67,14.62,14.54
2025-11-03,2025-11-04,SH601857,4,0.7849462365591396,0.9529085872576177,0.9113573407202216,0.0,0.04134929270946697,0.003144654088050425,0.05224660397074188,9.57,9.54,9.58,9.6,9.63,9.6
2025-11-03,2025-11-04,SZ000708,5,0.7634408602150539,0.9722991689750693,0.9168975069252078,0.0,0.01774744027303754,0.006752194463200523,0.0764587525150906,14.91,14.85,15.05,15.13,15.16,15.12
2025-11-04,2025-11-05,SZ300058,1,0.9411764705882352,0.9584487534626038,0.9182825484764543,0.0,0.05128205128205132,0.025000000000000133,0.1681643132220796,7.79,7.61,7.72,7.74,7.69,7.7
2025-11-04,2025-11-05,SZ002028,2,0.8039215686274509,0.9916897506925207,0.9806094182825484,0.0,0.03007299270072994,0.004269854824935804,0.06009070294784569,141.12,138.0,133.88,132.0,133.99,134.88
2025-11-04,2025-11-05,SZ000528,3,0.6274509803921569,0.889196675900277,0.8254847645429363,0.0,0.026609442060085975,0.005887300252312988,0.07274247491638786,11.96,11.86,11.77,11.79,11.89,11.88
2025-11-04,2025-11-05,SZ300735,4,0.6078431372549019,0.907202216066482,0.8448753462603878,0.0,0.010745685444480513,0.007138221933809197,0.2042525773195878,31.04,30.5,31.04,31.01,30.8,30.98
2025-11-04,2025-11-05,SH603568,5,0.5882352941176471,0.9390581717451524,0.8947368421052632,0.0,0.003668042182485287,0.005050505050504972,0.09639104613978988,21.89,21.69,22.04,21.76,21.86,21.82
2025-11-05,2025-11-06,SZ300274,1,0.9285714285714285,0.9626038781163435,0.9238227146814404,0.0,0.10286250068942704,0.0063412179164570315,0.12337467493498688,199.96,201.96,200.69,200.67,200.62,199.53
2025-11-05,2025-11-06,SH603568,2,0.8095238095238096,0.9307479224376731,0.8781163434903048,0.0,0.05763024435223607,0.004818221638195563,0.04533565823888397,22.94,22.85,23.39,23.88,23.88,23.63
2025-11-05,2025-11-06,SH600312,3,0.7619047619047619,0.9265927977839336,0.8559556786703602,0.0,0.09028571428571408,0.0026274303730948745,0.036163522012578664,19.08,19.01,19.45,19.26,19.29,19.71
2025-11-05,2025-11-06,SH601898,4,0.738095238095238,0.9916897506925207,0.981994459833795,0.0,0.03910614525139677,0.0013458950201885589,0.061155913978494514,14.88,14.82,14.68,14.83,14.91,14.99
2025-11-05,2025-11-06,SH600578,5,0.6428571428571428,0.96398891966759,0.9321329639889196,0.0,0.016771488469601747,0.0020661157024792765,0.08453608247422695,4.85,4.84,4.86,4.9,4.9,4.94
2025-11-07,2025-11-10,SZ000338,1,0.9090909090909092,0.9806094182825484,0.9806094182825484,1.0,0.02831760133259298,0.01814183617372178,0.07073434125269973,18.52,18.63,18.26,18.4,18.11,18.25
2025-11-07,2025-11-10,SH600348,2,0.7575757575757575,0.943213296398892,0.9127423822714681,0.0,0.04694835680751175,0.003374578177727683,0.05044843049327352,8.92,8.93,8.86,8.86,8.85,8.85
2025-11-07,2025-11-10,SH600118,3,0.6363636363636364,0.8088642659279779,0.9445983379501385,1.0,0.03209302325581409,0.00886565128438277,0.06421811626858931,44.38,45.88,46.88,46.43,45.82,46.26
2025-11-07,2025-11-10,SZ300308,4,0.6060606060606061,0.9903047091412742,0.9764542936288089,0.0,0.0012016293279022427,0.0013035950707811494,0.21292133688642978,491.59,488.88,486.49,473.64,474.6,476.44
2025-11-07,2025-11-10,SH601857,5,0.6060606060606061,0.9764542936288089,0.9529085872576177,0.0,0.01041666666666674,0.0010319917440659854,0.08762886597938158,9.7,9.71,9.75,9.8,9.74,9.81
2025-11-11,2025-11-12,SZ002603,1,1.0,0.9833795013850416,0.9473684210526315,0.0,0.07315789473684209,0.006416584402763936,0.03580186365865612,20.39,20.58,20.01,20.4,20.21,19.91
2025-11-11,2025-11-12,SH601288,2,0.7272727272727272,0.9695290858725761,0.9335180055401662,0.0,0.018472906403940836,0.003640776699028958,0.07980652962515111,8.27,8.32,8.43,8.46,8.49,8.51
2025-11-11,2025-11-12,SH601021,3,0.6060606060606061,0.9362880886426593,0.8822714681440443,0.0,0.006170723345903406,0.005653589172520235,0.09437819420783633,58.7,58.6,58.96,58.97,58.92,58.73
2025-11-11,2025-11-12,SH600373,4,0.606060606060606,0.9016620498614959,0.8559556786703602,0.0,0.021739130434782705,0.0017050298380221207,0.08765957446808503,11.75,11.7,11.65,11.64,11.67,11.68
2025-11-11,2025-11-12,SH601398,5,0.5151515151515151,0.9141274238227147,0.8739612188365651,0.0,0.006172839506172867,0.002460024600245969,0.09570552147239253,8.15,8.16,8.21,8.22,8.22,8.28
2025-11-12,2025-11-13,SZ002028,1,0.9523809523809522,0.9944598337950139,0.9903047091412742,0.0,0.03703436326884191,0.00835322195704058,0.078941872607031,143.65,140.5,143.53,145.6,145.67,144.99
2025-11-12,2025-11-13,SZ300308,2,0.9047619047619048,0.9930747922437673,0.9889196675900277,0.0,0.06394273654896332,0.004601668104687873,0.1485419819230298,489.02,489.28,479.55,474.5,470.93,476.39
2025-11-12,2025-11-13,SZ000807,3,0.7777777777777777,0.981994459833795,0.9515235457063712,0.0,0.054611650485437035,0.0026923076923077716,0.05178365937859608,26.07,26.3,26.34,26.68,26.53,26.5
2025-11-12,2025-11-13,SZ300476,4,0.746031746031746,0.9584487534626038,0.9196675900277008,0.0,0.02394575121847864,0.006666666666666821,0.1969508830022073,289.92,285.1,285.95,283.27,282.2,286.97
2025-11-12,2025-11-13,SH601288,5,0.6984126984126985,0.961218836565097,0.9238227146814404,0.0,0.03125,0.0035087719298245723,0.0641025641025641,8.58,8.56,8.5,8.53,8.5,8.55
2025-11-13,2025-11-14,SZ300390,1,0.9705882352941178,0.9986149584487535,0.997229916897507,0.0,0.15382763601348093,0.011181434599156104,0.009388691842270092,47.93,47.0,47.58,49.82,48.89,49.58
2025-11-13,2025-11-14,SZ300037,2,0.892156862745098,0.9750692520775623,0.945983379501385,0.0,0.10258620689655173,0.007721399306649834,0.02705238467552773,63.95,62.98,61.39,61.89,61.63,61.33
2025-11-13,2025-11-14,SZ301308,3,0.8823529411764706,1.0,1.0,0.0,0.042486913516811775,0.007292022217395333,0.14595527077814063,324.62,297.4,290.0,302.89,307.0,301.38
2025-11-13,2025-11-14,SZ300058,4,0.8529411764705882,0.9903047091412742,0.981994459833795,0.0,0.023839397741530766,0.016189290161892966,0.16666666666666652,8.16,8.02,8.11,8.0,8.03,8.03
2025-11-13,2025-11-14,SH601888,5,0.8137254901960785,0.9709141274238227,0.9847645429362881,1.0,0.028548770816812175,0.01215161649944263,0.08084590813966286,90.79,90.0,91.74,90.0,90.13,89.74
2025-11-14,2025-11-17,SZ002603,1,1.0,0.9833795013850416,0.945983379501385,0.0,0.058499999999999996,0.007136060894386453,0.06046291922531877,21.17,21.06,20.22,20.28,20.1,19.93
2025-11-14,2025-11-17,SZ000683,2,0.6666666666666666,0.9736842105263158,0.9390581717451524,0.0,0.03878116343490312,0.002673796791443861,0.06933333333333325,7.5,7.57,7.54,7.45,7.41,7.42
2025-11-14,2025-11-17,SZ000415,3,0.625,0.9349030470914127,0.8975069252077562,0.0,0.013227513227513255,0.005249343832020914,0.09138381201044377,3.83,3.81,3.79,3.74,3.75,3.73
2025-11-14,2025-11-17,SZ000830,4,0.5416666666666666,0.9584487534626038,0.9736842105263158,1.0,0.004929143561306137,0.004929143561306137,0.10729613733905574,16.31,16.22,16.55,16.67,16.38,16.28
2025-11-14,2025-11-17,SH600938,5,0.5416666666666666,0.9362880886426593,0.8476454293628809,0.0,0.00865051903114189,0.0030970406056434197,0.09331046312178404,29.15,28.92,28.96,28.95,28.95,28.81
2025-11-17,2025-11-18,SH600977,1,0.90625,0.9792243767313019,0.9847645429362881,1.0,0.04742388758782212,0.00618672665916753,0.09334823923979862,17.89,17.74,17.93,17.8,17.35,17.49
2025-11-17,2025-11-18,SZ300308,2,0.8333333333333334,0.9847645429362881,0.96398891966759,0.0,0.018308080808080884,0.00747433948907994,0.1477164703451126,483.9,474.7,477.65,482.0,481.46,482.55
2025-11-17,2025-11-18,SH600346,3,0.8229166666666666,0.9750692520775623,0.943213296398892,0.0,0.03713123092573767,0.00542406311637067,0.06032368808239341,20.39,20.4,20.25,20.22,20.12,19.83
2025-11-17,2025-11-18,SH600115,4,0.8125,0.9681440443213296,0.9265927977839336,0.0,0.04483430799220289,0.0056285178236397115,0.07462686567164178,5.36,5.38,5.29,5.28,5.26,5.22
2025-11-17,2025-11-18,SZ300037,5,0.7604166666666666,0.9944598337950139,0.9916897506925207,0.0,0.03386837881219895,0.002646326276463329,0.14299021891010733,64.41,64.71,62.58,61.81,61.78,60.0
2025-12-01,2025-12-02,SZ300390,1,0.9583333333333334,1.0,1.0,1.0,0.03501217000561696,0.006921675774134828,0.1275325615050651,55.28,55.18,53.93,54.25,54.43,55.54
2025-12-01,2025-12-02,SZ002371,2,0.8229166666666666,0.9360222531293463,0.9054242002781642,0.0,0.03715647784632625,0.0037088968293454982,0.06054256230003152,443.82,442.58,442.15,440.56,441.0,442.97
2025-12-01,2025-12-02,SZ300979,3,0.7708333333333334,0.894297635605007,0.8553546592489569,0.0,0.031546256946714646,0.007342378292098939,0.16178101727143068,63.11,62.85,63.08,63.69,63.05,62.83
2025-12-01,2025-12-02,SH600566,4,0.75,0.9235048678720446,0.8929068150208623,0.0,0.013402829486224954,0.012648809523809534,0.061351947097722404,27.22,27.17,27.17,27.39,27.22,27.0
2025-12-01,2025-12-02,SZ000703,5,0.7291666666666666,0.9874826147426982,0.96105702364395,0.0,0.02046384720327432,0.0013386880856760541,0.07754010695187175,7.48,7.94,8.21,8.21,8.21,8.21
2025-12-02,2025-12-03,SH600863,1,0.8518518518518517,0.9485396383866481,0.9165507649513213,0.0,0.023605150214592197,0.004210526315789442,0.0691823899371069,4.77,4.81,4.77,4.75,4.76,4.83
2025-12-02,2025-12-03,SH600298,2,0.7777777777777777,0.9666203059805285,0.9346314325452016,0.0,0.019291819291819223,0.004089487611258269,0.0783421178725443,41.74,41.65,41.71,41.64,41.63,41.34
2025-12-02,2025-12-03,SZ300502,3,0.7037037037037037,0.8623087621696801,0.8219749652294854,0.0,0.02075248861143919,0.004482815872488777,0.17556473829201114,363.0,371.8,381.86,377.3,384.66,387.88
2025-12-02,2025-12-03,SZ000333,4,0.5925925925925927,0.9541029207232267,0.9151599443671766,0.0,0.018102372034956238,0.001842751842751733,0.07909258123850393,81.55,81.55,81.88,82.17,82.31,82.19
2025-12-02,2025-12-03,SZ300394,5,0.5555555555555555,0.8414464534075105,0.8025034770514604,0.0,0.021703470031545713,0.0024141132776229757,0.1731505495862664,161.94,164.0,169.61,166.03,167.8,168.76
2025-12-03,2025-12-04,SZ300346,1,0.891891891891892,0.9707927677329624,0.9429763560500696,0.0,0.02723363592928818,0.009863785814936632,0.1795348837209303,43.0,42.12,41.42,41.6,41.54,41.26
2025-12-03,2025-12-04,SZ000703,2,0.8648648648648649,0.9930458970792768,0.9958275382475661,1.0,0.025578562728379994,0.0035756853396899935,0.07244655581947734,8.42,8.41,8.28,8.29,8.23,8.26
2025-12-03,2025-12-04,SH600346,3,0.7927927927927927,0.9694019471488178,0.9415855354659249,0.0,0.017763845350052154,0.006198347107438051,0.0841889117043122,19.48,19.4,19.31,19.29,19.2,19.02
2025-12-03,2025-12-04,SZ000960,4,0.7747747747747749,0.9860917941585535,0.9624478442280946,0.0,0.03629032258064502,0.001558846453624252,0.05330739299610898,25.7,26.9,27.32,27.6,27.6,27.3
2025-12-03,2025-12-04,SZ000630,5,0.7567567567567567,0.9568845618915159,0.9109874826147427,0.0,0.024074074074074137,0.003629764065335772,0.07594936708860756,5.53,5.71,5.71,5.73,5.74,5.66
2025-12-04,2025-12-05,SZ300394,1,0.9487179487179488,0.9930458970792768,0.9833101529902643,0.0,0.1038899988247739,0.003150531318417249,0.10795273075694656,187.86,192.99,194.3,193.97,194.08,193.38
2025-12-04,2025-12-05,SZ300751,2,0.923076923076923,0.9888734353268428,0.9707927677329624,0.0,0.03704021263825785,0.00481847636454269,0.16874741628772227,120.95,122.18,120.6,120.02,119.14,121.34
2025-12-04,2025-12-05,SZ300308,3,0.8205128205128206,0.9694019471488178,0.9457579972183588,0.0,0.030944971683708022,0.004103915662650559,0.1782968990213356,533.38,539.53,543.2,538.96,533.0,528.9
2025-12-04,2025-12-05,SH603338,4,0.641025641025641,0.9860917941585535,0.9680111265646731,0.0,0.009109311740890691,0.0020100502512563345,0.09110665329321299,59.82,59.87,59.4,59.75,59.69,59.95
2025-12-04,2025-12-05,SZ002371,5,0.5641025641025641,0.9624478442280946,0.9388038942976356,0.0,0.04742575874215582,2.227221096240406e-05,0.06289532293986633,449.0,445.99,450.5,450.74,448.3,448.59
2025-12-05,2025-12-08,SZ300115,1,0.912280701754386,0.972183588317107,0.9499304589707928,0.0,0.06893106893106893,0.005166744950681146,0.127570093457944,42.8,42.5,42.1,41.99,41.62,41.76
2025-12-05,2025-12-08,SZ002444,2,0.8421052631578947,0.9860917941585535,0.9694019471488178,0.0,0.036176470588235254,0.003132118451025123,0.07181379506102759,35.23,35.11,35.37,35.34,35.04,35.16
2025-12-05,2025-12-08,SZ300394,3,0.8070175438596491,0.9986091794158554,0.9972183588317107,0.0,0.02492357116949062,0.0029408782070785566,0.13518705763397354,197.8,198.75,207.5,212.47,218.52,225.93
2025-12-05,2025-12-08,SZ000408,4,0.7894736842105262,0.9972183588317107,0.9916550764951322,0.0,0.013731343283582165,0.0036943992906752765,0.08362779740871606,67.92,68.59,67.77,67.01,67.66,67.8
2025-12-05,2025-12-08,SH601100,5,0.7368421052631579,0.9165507649513213,0.9847009735744089,1.0,0.056331427500234454,0.003383190883190945,0.03904170363797688,112.7,111.78,109.98,110.13,108.17,110.7
2025-12-08,2025-12-09,SZ002653,1,0.912280701754386,0.9902642559109874,0.9763560500695411,0.0,0.03239202657807305,0.009584145549057732,0.06532582461785985,62.15,61.89,61.39,61.3,61.26,61.21
2025-12-08,2025-12-09,SZ300115,2,0.8947368421052632,1.0,0.9944367176634215,0.0,0.052235294117646935,0.0026905829596413078,0.1621198568872988,44.72,43.67,43.81,43.83,44.23,43.79
2025-12-08,2025-12-09,SZ000408,3,0.8070175438596491,0.9986091794158554,0.9888734353268428,0.0,0.018370024784953864,0.005904377880184386,0.07086614173228356,69.85,69.0,68.5,69.06,69.27,68.52
2025-12-08,2025-12-09,SH600879,4,0.8070175438596491,0.9554937413073713,0.9833101529902643,1.0,0.03549382716049365,0.002989536621823552,0.04023845007451565,13.42,13.0,13.24,13.42,13.36,13.32
2025-12-08,2025-12-09,SZ300058,5,0.7192982456140351,0.9165507649513213,0.9916550764951322,1.0,0.05164835164835169,0.0020942408376962707,0.15778474399164044,9.57,9.42,9.36,9.33,9.5,9.36
2025-12-09,2025-12-10,SZ300308,1,0.9545454545454546,0.9958275382475661,0.980528511821975,0.0,0.06704204599273789,0.003662822353115658,0.1244266903388076,608.31,609.06,599.9,599.85,594.5,602.58
2025-12-09,2025-12-10,SZ301165,2,0.8636363636363636,0.9902642559109874,0.9680111265646731,0.0,0.029927519289221216,0.0026175031296231666,0.11691259931895592,88.1,86.0,85.5,85.19,85.07,84.68
2025-12-09,2025-12-10,SZ002595,3,0.7424242424242425,0.9596662030598053,0.9262865090403338,0.0,0.03857566765578624,0.0019518542615486467,0.060259740259740235,77.0,76.79,77.55,78.88,78.82,78.53
2025-12-09,2025-12-10,SZ300502,4,0.6969696969696969,0.9972183588317107,0.9888734353268428,0.0,0.03349554133833954,0.0005739567140978785,0.16020937402901603,418.39,418.0,407.53,408.91,404.0,407.65
2025-12-09,2025-12-10,SZ300395,5,0.6666666666666666,0.9068150208623088,0.874826147426982,0.0,0.024996951591269356,0.005382131324004336,0.16476326433499877,84.06,84.8,84.07,83.1,82.17,84.32
2025-12-10,2025-12-11,SZ002444,1,0.8765432098765432,0.9847009735744089,0.9568845618915159,0.0,0.03992072480181186,0.005474952094169039,0.0560849441873128,36.73,36.71,36.62,36.54,36.48,36.39
2025-12-10,2025-12-11,SH601100,2,0.8641975308641975,0.9860917941585535,0.9888734353268428,1.0,0.030649588289112684,0.0063426835804896164,0.07581003106968476,112.65,111.38,113.37,112.61,112.41,111.46
2025-12-10,2025-12-11,SZ002595,3,0.8148148148148148,0.9874826147426982,0.9582753824756607,0.0,0.053522594087771935,0.0024783147459728205,0.045117428924598135,80.9,81.78,83.4,84.0,84.01,83.78
2025-12-10,2025-12-11,SZ300395,4,0.8024691358024691,0.9819193324061196,0.9541029207232267,0.0,0.0643867924528303,0.002888888888888941,0.11732771992023028,90.26,91.8,90.59,89.9,90.46,89.23
2025-12-10,2025-12-11,SZ000960,5,0.7160493827160495,0.9666203059805285,0.9374130737134909,0.0,0.02111024237685699,0.005001923816852827,0.06431852986217446,26.12,25.81,25.9,25.94,26.06,26.07
2025-12-12,2025-12-15,SZ002595,1,0.9393939393939394,0.9958275382475661,0.9874826147426982,0.0,0.07291793683697101,0.005600000000000049,0.039777247414478856,87.99,88.0,85.95,85.73,85.2,83.94
2025-12-12,2025-12-15,SZ002130,2,0.8181818181818182,0.9346314325452016,0.9026425591098748,0.0,0.06047032474804026,0.020107719928186718,0.04153467089053153,28.41,27.55,27.75,27.67,27.9,27.57
2025-12-12,2025-12-15,SZ001389,3,0.6363636363636364,0.9624478442280946,0.9429763560500696,0.0,0.0324136083578892,0.002210375763879835,0.06746237675142708,77.08,76.6,76.39,76.5,76.71,75.71
2025-12-12,2025-12-15,SH601456,4,0.6060606060606061,0.8456189151599444,0.8136300417246175,0.0,0.05023696682464451,0.005444646098003769,0.05054151624548742,11.08,10.76,10.71,10.69,10.76,10.81
2025-12-12,2025-12-15,SZ300346,5,0.5757575757575758,0.9777468706536857,0.9596662030598053,0.0,0.04509283819628651,0.000692680674209134,0.14997692662667284,43.34,44.0,44.72,44.77,44.25,45.99
2025-12-15,2025-12-16,SZ300346,1,0.7777777777777778,0.9930458970792768,0.980528511821975,0.0,0.07318181818181824,0.0008478168715557732,0.10313426514188917,47.22,47.06,46.5,47.05,46.8,48.07
2025-12-15,2025-12-16,SH601318,2,0.7407407407407408,0.9012517385257302,0.8678720445062587,0.0,0.05464824120603007,0.0013418816162218405,0.04675402025014885,67.16,66.71,67.74,67.88,67.38,67.21
2025-12-15,2025-12-16,SH601689,3,0.6666666666666666,0.9666203059805285,0.9513212795549374,0.0,0.0013167520117045584,0.0075077285440894315,0.11060783167738175,68.44,68.71,69.04,68.73,68.57,68.28
2025-12-15,2025-12-16,SZ002851,4,0.6666666666666666,0.9429763560500696,0.9207232267037552,0.0,0.01692307692307682,0.001009591115598063,0.10073121533030771,79.32,78.32,78.44,77.62,77.51,77.98
2025-12-15,2025-12-16,SH600039,5,0.5185185185185185,0.9388038942976356,0.9123783031988874,0.0,0.011964107676969205,0.0009861932938854956,0.11133004926108359,10.15,10.1,10.15,10.18,10.13,10.17
2025-12-18,2025-12-19,SZ000415,1,0.8717948717948718,0.9080779944289693,0.8760445682451253,0.0,0.0544041450777204,0.007425742574257432,0.04914004914004888,4.07,4.06,4.08,4.07,4.04,4.05
2025-12-18,2025-12-19,SZ002465,2,0.7692307692307692,0.9331476323119777,0.9025069637883009,0.0,0.0386130811662726,0.0022813688212928174,0.06980273141122906,13.18,13.12,13.24,13.23,13.19,13.21
2025-12-18,2025-12-19,SZ000807,3,0.6666666666666666,0.9651810584958217,0.9442896935933147,0.0,0.0010901162790697416,0.005841548010222741,0.09764065335753158,27.55,27.59,27.14,27.27,27.46,27.48
2025-12-18,2025-12-19,SH600970,4,0.6410256410256411,0.9122562674094707,0.8816155988857939,0.0,0.04410256410256408,0.000983284169124854,0.058939096267190516,10.18,10.15,10.14,10.27,10.28,10.28
2025-12-18,2025-12-19,SZ002223,5,0.5641025641025642,0.8607242339832869,0.8050139275766016,0.0,0.036945812807881895,0.004506892895016046,0.06492478226444964,37.89,38.3,37.8,37.61,37.55,37.47
2025-12-19,2025-12-22,SZ000807,1,0.7083333333333334,0.9680998613037448,0.9472954230235784,0.0,0.06197897789054019,0.000683060109289535,0.030716723549488067,29.3,29.28,29.42,29.76,29.62,29.52
2025-12-19,2025-12-22,SH600115,2,0.7083333333333334,0.9334257975034674,0.9015256588072122,0.0,0.012259194395796813,0.003472222222222321,0.08996539792387526,5.78,5.77,5.76,5.71,5.73,5.7
2025-12-19,2025-12-22,SH603129,3,0.6875,0.9667128987517337,0.9459084604715673,0.0,0.03537381708977905,0.0011818335303057648,0.07045531197301846,296.5,297.68,296.87,296.13,294.11,295.41
2025-12-19,2025-12-22,SZ000825,4,0.6875,0.8890429958391124,0.9639389736477115,1.0,0.022680412371134162,0.004048582995951344,0.07056451612903225,4.96,5.09,5.47,5.4,5.34,5.32
2025-12-19,2025-12-22,SZ002558,5,0.6666666666666666,0.9472954230235784,0.9819694868238558,1.0,0.015154942320741993,0.0013386880856760541,0.06617647058823528,44.88,45.12,45.01,44.51,44.88,45.07
2025-12-22,2025-12-23,SZ300567,1,0.75,0.9722607489597781,0.9514563106796117,0.0,0.0953433922996878,0.0016652789342215257,0.0959505996912482,84.21,83.4,83.92,85.4,86.68,85.97
2025-12-22,2025-12-23,SZ300604,2,0.7291666666666666,0.9694868238557559,0.9459084604715673,0.0,0.07884527612962122,0.0019073858217653061,0.10735060814383934,94.55,94.37,94.55,96.75,96.62,95.6
2025-12-22,2025-12-23,SH600298,3,0.6875,0.9389736477115118,0.9084604715672677,0.0,0.02837837837837842,0.0028552602679550176,0.07424441524310121,45.66,45.66,45.39,45.11,45.09,44.89
2025-12-22,2025-12-23,SZ000807,4,0.5833333333333334,0.9930651872399445,0.9805825242718447,0.0,0.001366120218579292,0.002735978112175186,0.09652114597544337,29.32,29.0,29.06,29.39,29.3,29.15
2025-12-22,2025-12-23,SH601899,5,0.5833333333333334,0.8904299583911235,0.8515950069348127,0.0,0.025244556642473936,0.0033971587399628245,0.05355493998153271,32.49,33.06,32.57,32.68,32.71,32.6
2025-12-23,2025-12-24,SZ002558,1,0.7843137254901961,0.8918169209431346,0.9500693481276006,1.0,0.03881987577639756,0.006663800515906981,0.058936579115951515,46.83,46.56,45.35,45.73,45.14,45.03
2025-12-23,2025-12-24,SZ000975,2,0.7058823529411765,0.9805825242718447,0.9611650485436893,0.0,0.004363347877826218,0.0031695721077655836,0.08846761453396512,25.32,25.54,25.23,25.31,25.32,25.22
2025-12-23,2025-12-24,SZ300567,3,0.6470588235294118,0.9875173370319001,0.9694868238557559,0.0,0.0257793764988008,0.0005847953216373547,0.17825832846288714,85.55,85.6,85.38,85.87,85.11,84.88
2025-12-23,2025-12-24,SZ300604,4,0.6274509803921569,0.9902912621359223,0.9722607489597781,0.0,0.02543181095687186,0.0005169561621174434,0.17267748269091676,96.77,97.09,96.65,97.17,96.73,95.7
2025-12-23,2025-12-24,SZ300757,5,0.6274509803921569,0.8821081830790569,0.8474341192787794,0.0,0.07236842105263142,0.0017999034198163955,0.12007011393514455,228.2,228.41,227.21,228.81,228.61,231.0
2025-12-25,2025-12-26,SH601698,1,0.8245614035087719,0.9459084604715673,0.9486823855755895,1.0,0.05378973105134466,0.0038819875776396895,0.04485692188708423,25.86,25.75,25.72,25.75,26.13,25.91
2025-12-25,2025-12-26,SH601601,2,0.7543859649122807,0.9791955617198336,0.9500693481276006,0.0,0.027469879518072338,0.002115158636897929,0.0705909943714822,42.64,42.51,42.51,42.38,42.27,42.99
2025-12-25,2025-12-26,SH603650,3,0.7192982456140351,0.9597780859916782,0.9237170596393898,0.0,0.01191489361702125,0.004647232784114941,0.08767872161480228,47.56,47.31,46.66,46.69,46.84,46.51
2025-12-25,2025-12-26,SZ002025,4,0.7017543859649122,0.8959778085991679,0.8599167822468793,0.0,0.0476815398075241,0.0050356693243811534,0.05490605427974948,47.9,48.48,48.07,48.49,48.5,48.28
2025-12-25,2025-12-26,SZ300346,5,0.6842105263157894,0.9722607489597781,0.941747572815534,0.0,0.0076352530541010655,0.00413043478260855,0.19939380818358954,46.19,46.01,45.5,45.59,45.81,45.33
2025-12-26,2025-12-29,SZ002532,1,0.7962962962962963,0.9528432732316228,0.9140083217753121,0.0,0.0421404682274249,0.007110536522301203,0.055840821566110366,15.58,15.55,15.69,15.23,15.21,15.28
2025-12-26,2025-12-29,SZ000408,2,0.7777777777777778,0.9958391123439667,0.9791955617198336,0.0,0.054424287300999685,0.0016412661195779332,0.02492977528089879,85.44,87.5,85.8,83.5,83.35,83.88
2025-12-26,2025-12-29,SZ002064,3,0.7777777777777777,0.9583911234396671,0.9223300970873787,0.0,0.0341959334565618,0.00629496402877705,0.05987488829311882,11.19,11.21,11.21,11.14,11.18,11.17
2025-12-26,2025-12-29,SZ300699,4,0.6944444444444445,0.8945908460471568,0.8585298196948682,0.0,0.049204920492049276,0.00517390054613398,0.10351730054332298,34.97,38.3,39.4,40.19,39.0,38.61
2025-12-26,2025-12-29,SZ002028,5,0.6944444444444445,0.8654646324549237,0.826629680998613,0.0,0.045940517073802756,0.008874999999999966,0.054392268616032746,161.42,161.0,158.18,157.46,156.96,158.2
2025-12-29,2025-12-30,SZ300699,1,0.8799999999999999,0.9805825242718447,0.9459084604715673,0.0,0.044647519582245554,0.006034699522252884,0.04573856535866039,40.01,40.0,39.13,39.22,39.91,39.6
2025-12-29,2025-12-30,SH601689,2,0.7333333333333334,0.926490984743412,0.883495145631068,0.0,0.014021312394840058,0.007663369095722405,0.08434734513274345,72.32,71.5,71.4,72.18,72.28,71.98
2025-12-29,2025-12-30,SZ002493,3,0.6933333333333334,0.9292649098474342,0.8862690707350902,0.0,0.019981834695731227,0.0035746201966042612,0.07836153161175408,11.23,11.24,11.4,11.44,11.42,11.53
2025-12-29,2025-12-30,SH600029,4,0.6933333333333334,0.8890429958391124,0.840499306518724,0.0,0.03471295060080104,0.005188067444876765,0.06709677419354843,7.75,7.72,7.66,7.62,7.61,7.67
2025-12-29,2025-12-30,SH600498,5,0.6666666666666666,0.970873786407767,0.970873786407767,1.0,0.0029508196721310664,0.007907742998352507,0.05916966328865647,30.59,30.09,30.21,30.64,30.52,29.89
2025-12-30,2025-12-31,SZ000807,1,0.8333333333333334,0.9736477115117892,0.9361997226074896,0.0,0.0820689655172413,0.0012763241863433805,0.03855959209687709,31.38,31.62,31.94,31.94,32.06,31.93
2025-12-30,2025-12-31,SZ002493,2,0.8333333333333334,0.9680998613037448,0.926490984743412,0.0,0.06672597864768681,0.0041876046901172526,0.02668890742285246,11.99,11.97,11.87,11.82,11.81,11.71
2025-12-30,2025-12-31,SZ000301,3,0.7962962962962963,0.9542302357836339,0.9098474341192788,0.0,0.04029304029304015,0.004420866489831976,0.06426056338028174,11.36,11.27,11.29,11.18,11.15,11.02
2025-12-30,2025-12-31,SZ002595,4,0.6666666666666666,0.984743411927878,0.9611650485436893,0.0,0.012753277711561317,0.0014142604596347752,0.08697187242556192,84.97,84.96,84.05,84.21,84.16,84.69
2025-12-30,2025-12-31,SH600497,5,0.6481481481481483,0.9195561719833565,0.8765603328710125,0.0,0.032810271041369576,0.0027700831024930483,0.09668508287292821,7.24,7.28,7.37,7.4,7.41,7.38
2025-12-31,2026-01-05,SH600362,1,0.8412698412698413,0.9263888888888889,0.9666666666666667,1.0,0.0931343283582089,0.004572055596196112,0.0063717458583651965,54.93,55.02,53.68,54.07,53.75,53.81
2025-12-31,2026-01-05,SZ300136,2,0.7301587301587301,1.0,0.9972222222222222,1.0,0.08465703971119143,0.0009995002498750516,0.058412381427858096,60.09,62.0,64.4,64.65,66.38,66.6
2025-12-31,2026-01-05,SH603993,3,0.7301587301587301,0.9347222222222222,0.8861111111111111,0.0,0.024090210148641766,0.0035158211953791874,0.0745745745745745,19.98,20.2,20.08,20.2,20.17,20.14
2025-12-31,2026-01-05,SH600219,4,0.6349206349206349,0.9736111111111111,0.8625,0.0,0.011257035647279423,0.0018587360594795044,0.08348794063079779,5.39,5.54,5.52,5.58,5.53,5.52
2025-12-31,2026-01-05,SH600346,5,0.6190476190476191,0.9638888888888889,0.9236111111111112,0.0,0.004906333630686932,0.002670226969292422,0.09498446515756775,22.53,22.2,22.16,21.9,21.76,21.77
2026-01-05,2026-01-06,SZ300857,1,0.923076923076923,0.9847222222222223,0.9611111111111111,0.0,0.08520881670533642,0.009006579656994917,0.08193917365973591,187.09,186.33,185.77,187.17,187.8,185.5
2026-01-05,2026-01-06,SZ300136,2,0.9102564102564102,1.0,0.9986111111111111,1.0,0.03548387096774208,0.019857029388403502,0.15887850467289732,64.2,63.5,61.81,62.62,62.41,61.43
2026-01-05,2026-01-06,SZ002738,3,0.7948717948717948,0.9916666666666667,0.9694444444444444,0.0,0.054172400850744484,0.003931847968545288,0.02551625919772116,84.26,86.01,88.19,88.0,87.77,87.3
2026-01-05,2026-01-06,SZ300347,4,0.7948717948717948,0.9625,0.9236111111111112,0.0,0.04031690140845079,0.005102908657935057,0.1514638686749028,59.09,59.18,58.85,58.86,58.54,58.34
2026-01-05,2026-01-06,SH601601,5,0.7692307692307692,0.975,0.9416666666666667,0.0,0.06556603773584913,0.004223160702378159,0.020362992474546315,45.18,45.6,45.98,46.55,46.6,46.46
2026-01-06,2026-01-07,SZ300627,1,0.9130434782608695,0.9323741007194245,0.874820143884892,0.0,0.14525909592061725,0.010948905109488871,0.052707581227436906,41.55,41.0,40.23,40.51,40.39,40.29
2026-01-06,2026-01-07,SH600346,2,0.8260869565217392,0.9280575539568345,0.8690647482014389,0.0,0.08416742493175611,0.00846381718154876,0.015946286193873282,23.83,23.5,23.67,23.95,23.84,23.97
2026-01-06,2026-01-07,SZ300567,3,0.8260869565217391,0.9985611510791367,0.9726618705035971,0.0,0.10475277067348676,0.0023204099390892186,0.09983601813446508,103.67,103.25,107.9,107.99,106.86,107.5
2026-01-06,2026-01-07,SH600295,4,0.8260869565217391,0.9482014388489208,0.8892086330935252,0.0,0.08538461538461539,0.007137758743754441,0.013465627214741316,14.11,14.61,14.69,14.82,14.75,14.56
2026-01-06,2026-01-07,SZ300919,5,0.7971014492753623,0.9251798561151079,0.8661870503597122,0.0,0.08766716196136715,0.007273442107332606,0.09250585480093676,51.24,53.05,59.55,58.43,57.38,57.59
2026-01-07,2026-01-08,SZ300604,1,0.9743589743589745,0.9899280575539569,0.9539568345323741,0.0,0.11443478260869555,0.06942590120160208,0.0424469413233457,128.16,124.99,125.92,126.1,124.32,125.24
2026-01-07,2026-01-08,SZ300567,2,0.8717948717948718,0.9985611510791367,0.9798561151079137,0.0,0.06537530266343827,0.0177646188008882,0.1312727272727272,110.0,109.11,107.59,106.78,106.2,106.8
2026-01-07,2026-01-08,SZ002851,3,0.7435897435897436,0.9597122302158273,0.9568345323741008,1.0,0.08543478260869564,0.007974159685071314,0.016422992189064622,99.86,99.55,97.85,98.49,99.84,100.46
2026-01-07,2026-01-08,SH601336,4,0.6410256410256411,0.9755395683453237,0.902158273381295,0.0,0.02111801242236022,0.0035404712489317536,0.08126520681265204,82.2,81.99,81.69,81.78,81.81,80.34
2026-01-07,2026-01-08,SH600295,5,0.6153846153846154,0.9136690647482014,0.9410071942446043,1.0,0.054072553045859006,0.01382488479262678,0.021428571428571352,15.4,15.31,14.84,14.72,14.75,14.57
2026-01-08,2026-01-09,SZ300136,1,1.0,1.0,0.9884892086330935,1.0,0.11102941176470593,0.021636240703177823,0.06432825943084053,75.55,77.96,76.7,79.53,80.25,81.11
2026-01-08,2026-01-09,SZ300627,2,0.7291666666666666,0.9856115107913669,0.943884892086331,0.0,0.0367041198501874,0.0036258158085571424,0.17894990366088637,41.52,41.69,40.88,40.76,41.99,43.35
2026-01-08,2026-01-09,SH600115,3,0.7083333333333334,0.9539568345323741,0.874820143884892,0.0,0.016393442622950838,0.006493506493506551,0.08870967741935476,6.2,6.14,6.07,6.04,6.04,5.96
2026-01-08,2026-01-09,SZ000738,4,0.5625,0.9381294964028777,0.8489208633093526,0.0,0.04227272727272724,0.00174748798601998,0.05931094635848222,22.93,22.99,23.06,23.2,23.21,23.38
2026-01-08,2026-01-09,SH600547,5,0.5625,0.9309352517985612,0.8402877697841726,0.0,0.007317073170731714,0.007317073170731714,0.09443099273607758,41.3,41.0,41.7,41.74,42.35,42.83
2026-01-09,2026-01-12,SZ300627,1,0.8533333333333334,0.9942446043165467,0.9568345323741008,0.0,0.031182537778843944,0.027977044476327206,0.16026983019306806,42.99,43.99,42.89,43.56,44.7,45.5
2026-01-09,2026-01-12,SH600862,2,0.7999999999999999,0.9712230215827338,0.9064748201438849,0.0,0.03287981859410416,0.008859357696566983,0.04683497987559471,27.33,27.5,27.13,27.32,27.45,27.08
2026-01-09,2026-01-12,SZ300604,3,0.7200000000000001,0.9971223021582734,0.9654676258992806,0.0,0.02074551615836029,0.0034939465344925313,0.2014574898785424,123.5,125.1,125.91,125.54,125.39,127.16
2026-01-09,2026-01-12,SZ002532,4,0.64,0.9913669064748202,0.9539568345323741,0.0,0.04563835932986726,0.0005527915975678255,0.07182320441988943,18.1,18.28,18.28,18.03,17.89,18.07
2026-01-09,2026-01-12,SZ300346,5,0.6266666666666667,0.8690647482014389,0.958273381294964,1.0,0.05909090909090908,0.004830084526479261,0.15999999999999992,58.25,57.0,56.54,56.36,56.0,56.96
2026-01-12,2026-01-13,SZ300433,1,0.861111111111111,0.9913669064748202,0.9496402877697842,0.0,0.06146630461614411,0.010813352139163124,0.07976744186046503,43.0,42.39,40.06,40.61,41.18,40.88
2026-01-12,2026-01-13,SZ300627,2,0.8333333333333334,0.99568345323741,0.958273381294964,0.0,0.06433280290975207,0.0053682628301481294,0.09397693293464338,46.82,45.01,42.79,42.58,41.15,41.82
2026-01-12,2026-01-13,SZ300454,3,0.7222222222222222,0.9280575539568345,0.837410071942446,0.0,0.08334524660471754,0.010332644490367304,0.05621536025336504,151.56,159.21,157.17,161.98,161.9,159.99
2026-01-12,2026-01-13,SZ300724,4,0.6111111111111112,0.9122302158273381,0.818705035971223,0.0,0.12091503267973858,0.005344827586206913,0.0634539530097753,116.62,114.29,116.28,116.26,115.2,113.72
2026-01-12,2026-01-13,SZ002683,5,0.5833333333333334,0.9755395683453237,0.9151079136690647,0.0,0.028016810086051613,0.007452441655226405,0.0543118551683861,51.37,50.78,48.91,49.67,49.3,49.91
2026-01-13,2026-01-14,SZ002532,1,0.7777777777777778,0.984149855907781,0.9322766570605188,0.0,0.016292134831460636,0.0005530973451328691,0.08457711442786087,18.09,18.25,18.55,18.72,18.58,18.82
2026-01-13,2026-01-14,SH603993,2,0.6111111111111112,0.9740634005763689,0.9063400576368876,0.0,0.0035351303579320703,0.0008814455707359947,0.0990752972258917,22.71,22.85,23.24,23.45,23.2,23.67
2026-01-13,2026-01-14,SZ002318,3,0.5555555555555555,0.9365994236311239,0.8487031700288185,0.0,0.002338009352037318,0.004686976899899609,0.096967677440853,30.01,29.85,30.02,30.19,30.35,30.32
2026-01-13,2026-01-14,SH600549,4,0.5555555555555555,0.9193083573487032,0.9265129682997119,1.0,0.0038942406230784155,0.0012264922322158256,0.1008574928542263,48.98,49.57,50.64,50.92,50.85,50.95
2026-01-13,2026-01-14,SZ000807,5,0.5,0.9423631123919308,0.8544668587896254,0.0,0.004869141813755418,0.00030293850348384055,0.1072077528770441,33.02,33.53,33.59,33.72,33.35,33.67
2026-01-14,2026-01-15,SZ002532,1,0.6666666666666666,0.9971139971139971,0.9466089466089466,0.0,0.0021917808219178436,0.0049450549450549275,0.091853471842537,18.29,18.2,18.68,18.67,18.74,18.93
2026-01-14,2026-01-15,SZ000960,2,0.625,0.9653679653679653,0.9624819624819625,1.0,0.05099075297225886,0.00025144581342706473,0.018350930115635933,39.78,40.9,41.68,41.59,41.72,42.14
2026-01-14,2026-01-15,SH600346,3,0.625,0.9278499278499278,0.9235209235209235,1.0,0.0261802575107295,0.003357112882920843,0.0961940610623171,23.91,23.65,23.85,23.98,24.1,24.4
2026-01-14,2026-01-15,SH600426,4,0.5833333333333334,0.924963924963925,0.8441558441558441,0.0,0.01833180568285986,0.006644518272425293,0.08430843084308437,33.33,33.15,33.38,33.75,33.65,34.09
2026-01-14,2026-01-15,SZ002851,5,0.5833333333333334,0.8196248196248196,0.8643578643578643,1.0,0.019346785937174982,0.018922852983988214,0.09010204081632645,98.0,95.71,99.1,98.5,97.11,98.72
2026-01-15,2026-01-16,SZ300604,1,0.9523809523809524,0.9971139971139971,0.961038961038961,0.0,0.06508223813646041,0.014542728635682067,0.1442293483079653,135.34,137.4,139.0,140.97,141.22,139.97
2026-01-15,2026-01-16,SZ300567,2,0.8380952380952381,0.9956709956709957,0.9552669552669553,0.0,0.08744415063371935,0.0026904321506642237,0.10766392755324494,119.26,122.34,129.28,133.99,133.08,131.36
2026-01-15,2026-01-16,SZ002532,3,0.8285714285714286,0.98989898989899,0.9365079365079365,0.0,0.025824175824175954,0.010281385281385447,0.07873594001071238,18.67,18.58,19.19,19.28,18.93,18.75
2026-01-15,2026-01-16,SH600316,4,0.7619047619047619,0.950937950937951,0.8701298701298701,0.0,0.07303664921465969,0.004656862745098245,0.022444498658209078,40.99,40.81,40.3,40.21,40.11,39.62
2026-01-15,2026-01-16,SZ300757,5,0.7523809523809524,0.974025974025974,0.9105339105339105,0.0,0.06612238893792277,0.0021432522123894238,0.1254915488099344,289.9,296.3,310.15,316.0,308.85,306.02
2026-01-19,2026-01-20,SH600089,1,0.7333333333333334,0.8424855491329479,0.8757225433526011,1.0,0.0967623252391463,0.007775524002704648,0.02314659510231465,29.81,30.9,30.45,30.65,30.0,29.94
2026-01-19,2026-01-20,SH600549,2,0.6999999999999998,0.903179190751445,0.9075144508670521,1.0,0.04493964716805943,0.0051804215791355634,0.05242580415852127,56.27,57.01,56.19,53.55,52.95,52.58
2026-01-19,2026-01-20,SZ002008,3,0.6666666666666666,0.9248554913294798,0.880057803468208,1.0,0.030976287118137158,0.0029093931837074205,0.07501036054703691,48.26,48.0,47.54,47.17,46.96,46.85
2026-01-19,2026-01-20,SH600295,4,0.6333333333333333,0.8092485549132948,0.8540462427745664,1.0,0.07808022922636093,0.005344021376085584,0.029900332225913484,15.05,15.13,14.93,14.83,14.71,14.63
2026-01-19,2026-01-20,SZ300627,5,0.5333333333333333,0.9465317919075145,0.8627167630057804,0.0,0.027570213862406545,0.0002508151492350841,0.17778335005015045,39.88,40.02,39.93,39.61,39.48,39.2
2026-01-21,2026-01-22,SZ002008,1,0.7962962962962963,0.930635838150289,0.8815028901734104,1.0,0.07780419278149986,0.01588918313302079,0.02767194706236209,49.87,49.88,50.72,51.43,52.37,51.0
2026-01-21,2026-01-22,SZ300857,2,0.7777777777777778,0.9927745664739884,0.9494219653179191,0.0,0.05825712748789669,0.00408309089981107,0.14161541198597072,196.73,198.13,200.81,203.6,201.0,199.18
2026-01-21,2026-01-22,SH600549,3,0.7592592592592592,0.9436416184971098,0.9364161849710982,1.0,0.07615894039735105,0.008620689655172376,0.01658119658119661,58.5,58.8,59.0,59.35,59.0,58.8
2026-01-21,2026-01-22,SZ000960,4,0.7222222222222222,0.9508670520231214,0.9378612716763006,1.0,0.06199319905833134,0.003708281829418958,0.03275862068965507,40.6,39.81,39.91,40.14,40.43,40.02
2026-01-21,2026-01-22,SZ300604,5,0.6296296296296297,0.9971098265895953,0.9783236994219653,0.0,0.009948792977322762,0.0019595035924233617,0.18644067796610186,138.06,139.9,138.5,135.81,134.29,133.91
2026-01-22,2026-01-23,SZ300136,1,0.9333333333333332,0.9985569985569985,0.9884559884559885,1.0,0.09828884325804244,0.004381572358537866,0.09647264115667453,80.23,82.0,85.3,86.47,86.91,88.97
2026-01-22,2026-01-23,SZ300751,2,0.8333333333333334,0.9682539682539683,0.9783549783549783,1.0,0.08724696356275308,0.005541618302317808,0.10191770619996277,268.55,300.04,320.25,324.36,324.36,324.36
2026-01-22,2026-01-23,SZ002683,3,0.6333333333333333,0.9581529581529582,0.8816738816738817,0.0,0.014184397163120366,0.004556673628251184,0.08353808353808367,52.91,53.1,52.35,52.58,52.86,52.77
2026-01-22,2026-01-23,SZ002008,4,0.5666666666666668,0.9567099567099567,0.9105339105339105,1.0,0.027265437048917374,0.0021513788382554466,0.06733021077283374,51.24,52.05,50.85,50.91,51.12,50.64
2026-01-22,2026-01-23,SZ002271,5,0.5666666666666668,0.9163059163059163,0.9711399711399712,0.0,0.08963763509218059,0.001753360607831711,0.009334889148191472,17.14,16.88,16.72,16.67,16.65,16.8
2026-01-23,2026-01-26,SZ301308,1,0.9722222222222222,0.9971139971139971,0.9624819624819625,0.0,0.06382737081203871,0.014842903575297939,0.15877548841678224,374.68,368.0,374.02,372.33,365.58,364.58
2026-01-23,2026-01-26,SZ000060,2,0.888888888888889,0.9797979797979798,0.911976911976912,0.0,0.054054054054053946,0.007751937984496138,0.025641025641025772,7.8,8.08,8.2,8.22,8.23,8.12
2026-01-23,2026-01-26,SZ300604,3,0.8888888888888888,0.98989898989899,0.948051948051948,0.0,0.049435665914221216,0.0075856090160382195,0.15946081594608175,139.47,137.12,134.66,134.52,133.1,130.55
2026-01-23,2026-01-26,SZ000426,4,0.8472222222222222,0.9884559884559885,0.9653679653679653,1.0,0.045454545454545414,0.00682892663281387,0.0074782608695651565,57.5,63.0,63.67,62.76,62.86,63.66
2026-01-23,2026-01-26,SZ300919,5,0.7638888888888888,0.9567099567099567,0.873015873015873,0.0,0.08202247191011236,0.0038220986796386747,0.10816891658013161,57.78,58.52,58.76,60.3,59.68,58.84
2026-01-26,2026-01-27,SZ000975,1,0.8888888888888888,0.9870317002881844,0.9380403458213257,0.0,0.03370473537604468,0.009795918367346834,0.02425222312045272,37.11,36.1,36.59,36.44,37.12,38.95
2026-01-26,2026-01-27,SH600219,2,0.8518518518518517,0.978386167146974,0.9279538904899135,0.0,0.06676342525399126,0.00547195622435015,0.014965986394557929,7.35,7.27,7.2,7.17,7.15,7.05
2026-01-26,2026-01-27,SH600547,3,0.7037037037037037,0.9582132564841499,0.8818443804034583,0.0,0.04348651728066866,0.0012755102040815647,0.014922656960873582,54.95,53.5,54.71,54.6,55.03,57.62
2026-01-26,2026-01-27,SZ000960,4,0.6666666666666666,0.984149855907781,0.9654178674351584,1.0,0.024802705749718212,0.004197967300044292,0.016061606160616027,45.45,43.8,45.03,44.81,44.75,43.82
2026-01-26,2026-01-27,SH603993,5,0.5925925925925927,0.9380403458213257,0.8328530259365994,0.0,0.035502958579881616,0.001225991009399241,0.022040816326530654,24.5,24.42,24.46,24.36,24.39,24.82
2026-01-27,2026-01-28,SH600489,1,0.8333333333333334,0.9654676258992806,0.9467625899280575,1.0,0.05944272445820431,0.019970193740685538,0.06078316773816472,34.22,35.0,35.1,35.61,36.9,36.52
2026-01-27,2026-01-28,SZ300857,2,0.8125,0.99568345323741,0.9640287769784173,0.0,0.06355311355311355,0.001725030188028276,0.09677974857930072,232.28,235.0,230.0,228.5,224.84,223.0
2026-01-27,2026-01-28,SZ301308,3,0.8125,0.9870503597122302,0.9453237410071943,0.0,0.03891405292994898,0.007458769579270053,0.18621294798321864,364.69,368.0,371.2,370.74,370.7,376.8
2026-01-27,2026-01-28,SZ300724,4,0.6875,0.9136690647482014,0.9482014388489208,1.0,0.05842243917557721,0.008490217792543442,0.1561493411420205,136.6,134.27,132.37,132.35,132.44,130.83
2026-01-27,2026-01-28,SZ300757,5,0.6666666666666666,0.981294964028777,0.9266187050359712,0.0,0.035309438541450966,0.0023784279450955736,0.15060034305317327,349.8,360.0,358.67,358.5,353.0,345.52
2026-01-28,2026-01-29,SH600497,1,0.8333333333333334,0.9899280575539569,0.9510791366906475,0.0,0.07565470417070808,0.0009025270758122872,0.018034265103696878,11.09,11.5,11.82,11.41,11.24,11.16
2026-01-28,2026-01-29,SH603993,2,0.75,0.958273381294964,0.8719424460431655,0.0,0.06390675241157551,0.004554079696394542,0.017378163959199222,26.47,27.57,28.12,27.49,26.96,26.75
2026-01-28,2026-01-29,SZ002318,3,0.7222222222222223,0.9165467625899281,0.8057553956834532,0.0,0.06400240384615374,0.01606886657101847,0.0251341428974865,35.41,35.14,35.15,34.99,34.78,35.12
2026-01-28,2026-01-29,SZ000975,4,0.6666666666666666,0.9755395683453237,0.9568345323741008,1.0,0.054783319705641986,0.0007757951900697613,0.015503875968992054,38.7,41.03,42.27,41.22,40.12,40.2
2026-01-28,2026-01-29,SH600141,5,0.5555555555555556,0.9496402877697842,0.860431654676259,0.0,0.019235280319024106,0.0030009233610341912,0.0828538550057536,43.45,43.23,43.7,43.6,43.13,43.26
2026-01-29,2026-01-30,SH600219,1,0.7037037037037036,0.9827338129496402,0.9553956834532374,1.0,0.007416563658838138,0.002460024600245969,0.060122699386503164,8.15,7.7,7.75,7.43,7.46,7.34
2026-01-29,2026-01-30,SH600026,2,0.5925925925925926,0.9640287769784173,0.8992805755395683,0.0,0.001905972045743276,0.005098789037603524,0.07799619530754609,15.77,15.8,16.35,15.91,15.57,15.68
2026-01-29,2026-01-30,SH601168,3,0.5925925925925926,0.962589928057554,0.9467625899280575,1.0,0.03399581589958145,0.0007593014426727773,0.056398583712696126,39.54,37.0,37.35,36.2,36.56,35.6
2026-01-29,2026-01-30,SZ002271,4,0.5925925925925926,0.9309352517985612,0.9683453237410072,0.0,0.08909090909090911,0.0016722408026754731,0.018363939899833204,17.97,17.8,17.72,17.68,17.55,17.5
2026-01-29,2026-01-30,SZ002493,5,0.5555555555555555,0.9467625899280575,0.874820143884892,0.0,0.028169014084507005,0.00137174211248281,0.06780821917808222,14.6,14.38,14.97,14.91,14.75,14.68
2026-01-30,2026-02-02,SZ300757,1,1.0,0.9942528735632183,0.9554597701149425,0.0,0.1227744369767716,0.004536223857372512,0.058573341384651645,380.89,365.0,374.01,372.66,370.99,370.5
2026-01-30,2026-02-02,SZ000021,2,0.6666666666666666,0.9640804597701149,0.882183908045977,0.0,0.04696043743969103,0.0030816640986131016,0.05069124423963145,32.55,31.07,30.93,30.73,30.48,30.05
2026-01-30,2026-02-02,SH600522,3,0.6111111111111112,0.889367816091954,0.8491379310344828,0.0,0.06628516928946127,0.004492362982928988,0.03667262969588547,22.36,22.49,22.1,21.74,21.59,21.43
2026-01-30,2026-02-02,SZ002648,4,0.611111111111111,0.9583333333333334,0.9295977011494253,1.0,0.018417748011720247,0.004127115146512539,0.09658857377722985,24.33,23.62,23.54,23.15,23.08,22.84
2026-01-30,2026-02-02,SH600295,5,0.3333333333333333,0.8908045977011494,0.8908045977011494,1.0,0.008269720101781175,0.0018963337547408532,0.11167192429022088,15.85,15.32,15.44,15.2,15.27,15.21
2026-02-05,2026-02-06,SZ300623,1,0.8974358974358975,0.9683908045977011,0.9080459770114943,0.0,0.07371601208459211,0.01513853184804348,0.13111986494091177,35.54,34.55,34.1,33.96,33.92,33.72
2026-02-05,2026-02-06,SZ300251,2,0.7435897435897436,0.9468390804597702,0.8663793103448276,0.0,0.08951271186440679,0.0034146341463414664,0.11521633446767132,20.57,20.64,20.04,20.28,20.29,20.46
2026-02-05,2026-02-06,SZ300373,3,0.6923076923076924,0.9037356321839081,0.8175287356321839,0.0,0.08641499743194658,0.010509972530753586,0.11334357640940795,84.61,84.26,81.79,82.74,82.53,82.39
2026-02-05,2026-02-06,SZ002508,4,0.6666666666666666,0.9310344827586207,0.853448275862069,0.0,0.01994434137291279,0.006868131868131844,0.07958162801273305,21.99,21.75,21.69,21.53,21.52,21.56
2026-02-05,2026-02-06,SZ300957,5,0.6153846153846154,0.9166666666666666,0.8333333333333334,0.0,0.05420353982300874,0.0050622231596710865,0.1290661070304302,47.65,46.94,46.75,46.64,47.13,47.32
2026-02-10,2026-02-11,SZ000703,1,0.9833333333333334,0.99568345323741,0.9712230215827338,0.0,0.050980392156862786,0.0067618332081142984,0.06492537313432822,13.4,13.4,13.4,13.37,13.39,13.61
2026-02-10,2026-02-11,SH600522,2,0.9166666666666666,0.9942446043165467,0.9697841726618706,0.0,0.04716981132075482,0.005766062602965416,0.056920556920556864,24.42,23.8,25.08,25.78,25.32,25.46
2026-02-10,2026-02-11,SH600176,3,0.8333333333333334,0.9928057553956835,0.9683453237410072,0.0,0.039555555555555566,0.005156854318865589,0.05515177426250539,23.39,24.0,25.65,25.65,25.65,25.65
2026-02-10,2026-02-11,SH601233,4,0.7833333333333332,0.9899280575539569,0.9654676258992806,0.0,0.02106227106227121,0.00631768953068601,0.07488789237668159,22.3,22.24,22.48,22.5,22.41,23.26
2026-02-10,2026-02-11,SZ002353,5,0.6666666666666666,0.9424460431654677,0.9611510791366906,1.0,0.043317370483239026,0.0026147892479866375,0.057896933027331565,95.86,95.68,95.12,96.11,97.21,96.99
2026-02-11,2026-02-12,SH600522,1,1.0,0.9971223021582734,0.9784172661870504,0.0,0.039075630252100924,0.004467912266449936,0.08249090173877871,24.73,25.02,24.56,24.85,24.77,24.95
2026-02-11,2026-02-12,SZ000951,2,0.7575757575757575,0.981294964028777,0.9381294964028777,0.0,0.018362282878412017,0.002442598925256556,0.07943469785575052,20.52,21.03,21.04,21.33,21.36,21.34
2026-02-11,2026-02-12,SZ000683,3,0.6060606060606061,0.9669064748201439,0.9136690647482014,0.0,0.016298020954598424,0.0022962112514350874,0.07789232531500567,8.73,8.7,8.73,8.72,8.71,8.66
2026-02-11,2026-02-12,SH603737,4,0.6060606060606061,0.9424460431654677,0.962589928057554,1.0,0.025905797101449357,0.0019462137296533122,0.08122903054917874,56.63,56.91,56.41,56.68,56.17,56.02
2026-02-11,2026-02-12,SZ002595,5,0.5757575757575758,0.9496402877697842,0.8920863309352518,0.0,0.02525198938992035,0.001658546698455332,0.07295870847562891,96.63,97.29,98.8,97.36,97.4,97.18
2026-02-12,2026-02-13,SZ000338,1,0.9545454545454546,0.9971223021582734,0.9769784172661871,0.0,0.06707086017430841,0.006792992491955641,0.014559659090909172,28.16,27.41,27.0,27.14,27.45,27.1
2026-02-12,2026-02-13,SZ300394,2,0.9242424242424243,0.9913669064748202,0.9942446043165467,1.0,0.09893333333333332,0.0038976857490866657,0.05010919679689385,329.68,323.56,320.72,311.11,317.94,315.5
2026-02-12,2026-02-13,SZ000951,3,0.7575757575757575,0.9870503597122302,0.9597122302158273,0.0,0.031383737517831634,0.00277392510402219,0.03918856615952038,21.69,21.41,20.84,20.82,20.89,20.78
2026-02-12,2026-02-13,SZ300857,4,0.7575757575757575,0.9050359712230216,0.8359712230215828,0.0,0.12981651376146797,0.015837663944568092,0.04409257003654088,246.3,245.35,249.99,248.58,248.88,248.43
2026-02-12,2026-02-13,SH600176,5,0.6969696969696969,0.99568345323741,0.9884892086330935,1.0,0.038257575757575824,0.00146145414687604,0.02955125866472086,27.41,26.8,26.5,26.43,26.48,26.4
2026-02-24,2026-02-25,SZ000338,1,0.8333333333333334,0.9942446043165467,0.9769784172661871,0.0,0.06598240469208205,0.002067539627842896,0.013411279229711193,29.08,29.39,29.94,29.77,29.28,29.3
2026-02-24,2026-02-25,SH600482,2,0.8333333333333334,0.962589928057554,0.9741007194244604,1.0,0.05650793650793662,0.003013863773357439,0.03335336538461542,33.28,32.9,34.64,34.17,33.99,34.14
2026-02-24,2026-02-25,SZ002008,3,0.7619047619047619,0.9640287769784173,0.9179856115107914,0.0,0.07454778001096307,0.0011916922029282517,0.0193844584254379,58.81,58.6,60.16,61.36,61.49,61.9
2026-02-24,2026-02-25,SH603986,4,0.6666666666666666,0.9309352517985612,0.8561151079136691,0.0,0.01921259842519696,0.004407474082810836,0.04935105067985157,323.6,316.0,311.88,314.37,310.22,304.0
2026-02-24,2026-02-25,SH600188,5,0.6190476190476191,0.9611510791366906,0.9712230215827338,1.0,0.002259887005649608,0.003961516694962919,0.07609921082299897,17.74,17.59,17.55,17.5,17.52,17.49
2026-02-25,2026-02-26,SZ002008,1,0.967741935483871,0.9827338129496402,0.9510791366906475,0.0,0.07508532423208192,0.01859337105901382,0.027142857142857135,63.0,64.1,67.78,66.85,67.35,69.45
2026-02-25,2026-02-26,SZ002318,2,0.7419354838709676,0.9669064748201439,0.9151079136690647,0.0,0.012625538020085925,0.007134703196347125,0.08727684896571253,35.29,35.28,34.82,34.92,34.75,34.98
2026-02-25,2026-02-26,SZ002493,3,0.7096774193548386,0.9856115107913669,0.9539568345323741,0.0,0.008684034736138768,0.005996002664889977,0.09006622516556306,15.1,15.09,15.04,14.98,14.92,15.45
2026-02-25,2026-02-26,SH600763,4,0.7096774193548386,0.9366906474820144,0.8690647482014389,0.0,0.03833865814696491,0.005219408467040498,0.05826923076923074,52.0,51.73,51.11,51.62,51.54,51.35
2026-02-25,2026-02-26,SZ000967,5,0.6666666666666666,0.9136690647482014,0.8460431654676259,0.0,0.04849279161205766,0.005025125628140614,0.04499999999999993,8.0,8.1,8.01,8.01,8.02,8.02
2026-02-26,2026-02-27,SZ300857,1,0.8245614035087719,0.9913544668587896,0.9668587896253602,0.0,0.03541005511942541,0.008500427054947801,0.16780932408452975,247.96,240.5,241.96,240.4,240.51,250.51
2026-02-26,2026-02-27,SH600482,2,0.8245614035087719,0.9812680115273775,0.9740634005763689,1.0,0.038473189942441754,0.014201183431952868,0.07234539089848302,34.28,33.82,34.05,33.89,34.3,34.32
2026-02-26,2026-02-27,SZ002353,3,0.7017543859649122,0.9884726224783862,0.9495677233429395,0.0,0.06378482228626314,0.0014469162597214869,0.04000361206429481,110.74,109.94,112.9,114.2,114.98,115.92
2026-02-26,2026-02-27,SZ300285,4,0.6842105263157894,0.9639769452449568,0.8832853025936599,0.0,0.047919655667144845,0.0019204389574760672,0.15963855421686746,36.52,35.83,37.54,38.2,38.51,37.82
2026-02-26,2026-02-27,SZ002028,5,0.6666666666666666,0.9654178674351584,0.8876080691642652,0.0,0.02369155931898015,0.003488012715793243,0.08364132347764874,227.28,222.78,216.15,216.99,215.07,215.99
2026-02-27,2026-03-02,SZ300394,1,0.9733333333333333,1.0,1.0,1.0,0.07762008093366957,0.010948804709636661,0.18212740482734224,367.49,366.86,385.5,382.55,372.31,378.29
2026-02-27,2026-03-02,SZ002353,2,0.9066666666666667,0.9884726224783862,0.952449567723343,0.0,0.07158450063671107,0.00460475825019202,0.029878618113912125,117.81,117.26,122.5,123.66,122.7,119.5
2026-02-27,2026-03-02,SZ300285,3,0.8133333333333334,0.9567723342939481,0.8890489913544669,0.0,0.06475020932179731,0.01408825093035615,0.15124508519003932,38.15,38.06,37.93,37.63,37.79,37.72
2026-02-27,2026-03-02,SZ300383,4,0.7733333333333334,0.9755043227665706,0.920749279538905,0.0,0.08193668528864051,0.0023001725129383477,0.13941480206540446,17.43,16.77,16.96,16.83,16.73,16.66
2026-02-27,2026-03-02,SH600299,5,0.7200000000000001,0.9740634005763689,0.9193083573487032,0.0,0.03219871205151814,0.004476275738585667,0.06951871657753994,11.22,11.18,11.56,11.75,11.47,11.39
2026-03-02,2026-03-03,SZ002353,1,0.9487179487179488,0.9957865168539326,0.9769452449567724,0.0,0.04895104895104896,0.01093120736418185,0.04878048780487809,123.0,124.36,123.0,120.78,121.3,122.3
2026-03-02,2026-03-03,SH601233,2,0.8974358974358975,0.9775280898876404,0.9351585014409222,0.0,0.056527043513623365,0.009716284492810034,0.028483448806774447,25.98,25.64,25.4,24.62,24.7,24.35
2026-03-02,2026-03-03,SH600299,3,0.6923076923076924,0.9817415730337079,0.9380403458213257,0.0,0.046511627906976605,0.0008554319931566301,0.05811965811965836,11.7,12.1,12.3,12.13,12.04,11.94
2026-03-02,2026-03-03,SZ002028,4,0.6153846153846154,0.9480337078651685,0.8731988472622478,0.0,0.042047103994006685,0.002116354466858761,0.059851718714895474,222.55,221.84,220.6,223.0,223.59,221.24
2026-03-02,2026-03-03,SH601918,5,0.5384615384615384,0.9241573033707865,0.8170028818443804,0.0,0.01781170483460559,0.0037641154328733606,0.06374999999999997,8.0,7.99,8.21,8.04,8.06,7.96
2026-03-04,2026-03-05,SZ002028,1,0.7567567567567567,0.9817158931082982,0.924963924963925,0.0,0.03802439475143227,0.0022304501048311387,0.07419771220011584,224.67,224.99,231.18,228.79,227.95,232.8
2026-03-04,2026-03-05,SZ000425,2,0.7567567567567567,0.939521800281294,0.8701298701298701,0.0,0.015177065767284947,0.010067114093959662,0.09468438538205981,12.04,12.22,12.23,12.28,12.21,12.26
2026-03-04,2026-03-05,SH601918,3,0.7027027027027027,0.9774964838255977,0.9177489177489178,0.0,0.014869888475836257,0.00244798041615657,0.09523809523809534,8.19,8.11,7.98,8.05,7.98,7.87
2026-03-04,2026-03-05,SZ002128,4,0.6756756756756758,0.9535864978902954,0.8845598845598845,0.0,0.013530135301353052,0.003043213633597164,0.08646844660194186,32.96,33.2,33.27,33.53,33.12,33.11
2026-03-04,2026-03-05,SH601958,5,0.6576576576576577,0.8649789029535865,0.922077922077922,1.0,0.07644370585791438,0.008171206225680905,0.07564646854496337,25.91,26.65,26.26,26.05,25.25,24.99
2026-03-09,2026-03-10,SZ000792,1,0.6923076923076924,0.8846694796061885,0.8268398268398268,0.0,0.06230960952644704,0.002351711523386424,0.05500521376433776,38.36,38.8,38.32,37.85,38.17,38.65
2026-03-09,2026-03-10,SZ002028,2,0.6923076923076922,0.9943741209563994,0.9668109668109668,0.0,0.006701940035273246,0.0028109627547434624,0.125,228.32,229.42,230.1,225.23,227.4,229.62
2026-03-09,2026-03-10,SZ000967,3,0.6666666666666666,0.9789029535864979,0.9466089466089466,0.0,0.04634146341463419,0.001166861143523823,0.05594405594405605,8.58,8.59,8.59,8.56,8.56,8.66
2026-03-09,2026-03-10,SH600025,4,0.6153846153846154,0.9563994374120957,0.922077922077922,0.0,0.009708737864077666,0.0019267822736031004,0.08942307692307683,10.4,10.31,10.23,10.25,10.3,10.36
2026-03-09,2026-03-10,SZ000893,5,0.6153846153846154,0.939521800281294,0.898989898989899,0.0,0.007458143074581258,0.002878787878787925,0.06375585435866449,66.19,63.8,64.69,64.2,64.72,64.46
2026-03-11,2026-03-12,SZ000683,1,0.8823529411764706,0.9676966292134831,0.925561797752809,0.0,0.07251082251082241,0.007113821138211351,0.034308779011099855,9.91,9.91,9.59,9.63,9.67,9.77
2026-03-11,2026-03-12,SZ002001,2,0.8431372549019608,0.9971910112359551,0.973314606741573,0.0,0.05793520043931899,0.002341311134235191,0.03633532312483778,38.53,38.98,39.7,39.46,39.59,39.21
2026-03-11,2026-03-12,SZ300001,3,0.7254901960784315,0.9592696629213483,0.9129213483146067,0.0,0.03608087091757395,0.002709211318483007,0.1615130591413989,33.31,33.02,32.52,32.36,32.31,32.54
2026-03-11,2026-03-12,SZ000967,4,0.7254901960784313,0.9901685393258427,0.9466292134831461,0.0,0.08843537414965974,0.0010427528675702735,0.008333333333333304,9.6,9.67,9.47,9.47,9.51,9.42
2026-03-11,2026-03-12,SH601877,5,0.6862745098039217,0.9873595505617978,0.9691011235955056,1.0,0.025187032418952482,0.0021940516821061795,0.07297494526879111,41.11,41.35,40.75,40.52,40.51,40.42
2026-03-12,2026-03-13,SZ000155,1,0.88,0.967741935483871,0.9102384291725105,0.0,0.05570652173913038,0.024390243902439046,0.04954954954954949,15.54,15.48,15.32,15.22,15.19,15.46
2026-03-12,2026-03-13,SZ300763,2,0.8000000000000002,0.9901823281907434,0.9481065918653576,0.0,0.031158714703018564,0.005411563657077734,0.16251180358829087,105.9,105.97,105.71,105.34,104.0,105.66
2026-03-12,2026-03-13,SZ300207,3,0.6933333333333334,0.9424964936886395,0.8807854137447405,0.0,0.025411061285500747,0.007712082262210762,0.16946064139941708,27.44,27.25,27.32,27.23,27.19,27.69
2026-03-12,2026-03-13,SZ300677,4,0.68,0.9929873772791024,0.9551192145862553,0.0,0.01936483346243212,0.006116207951070374,0.1778115501519757,52.64,52.8,56.54,57.06,57.27,58.31
2026-03-12,2026-03-13,SZ000933,5,0.68,0.9144460028050491,0.8457223001402524,0.0,0.045454545454545414,0.006856540084388074,0.03378732320586697,38.18,38.21,38.36,38.3,38.42,39.0
2026-03-16,2026-03-17,SZ300390,1,0.7222222222222223,0.9340813464235624,0.8779803646563815,0.0,0.015157256536566743,0.004499437570303577,0.17917133258678608,53.58,54.0,53.65,52.53,52.6,54.0
2026-03-16,2026-03-17,SZ300395,2,0.7222222222222223,0.8176718092566619,0.9537166900420757,1.0,0.04297082228116711,0.015495867768595017,0.1586978636826044,117.96,124.5,115.97,116.14,114.5,114.02
2026-03-16,2026-03-17,SZ300207,3,0.6111111111111112,0.9453015427769986,0.8906030855539971,0.0,0.0003680529996319404,0.0018429782528566196,0.19573215599705662,27.18,27.31,27.18,27.06,27.13,27.22
2026-03-16,2026-03-17,SZ003031,4,0.611111111111111,0.906030855539972,0.8345021037868162,0.0,0.018029850746268616,0.0017624250969334732,0.08116349988271176,85.26,85.0,82.5,81.78,81.85,82.0
2026-03-16,2026-03-17,SZ300476,5,0.5,0.876577840112202,0.8008415147265077,0.0,0.0356180138734139,0.0007293439377624722,0.15874227805927688,288.14,305.01,298.83,298.01,295.96,296.01
2026-03-30,2026-03-31,SZ301308,1,0.8533333333333334,0.9691444600280504,0.9284712482468443,0.0,0.01788937596699336,0.00888150538321475,0.21612463979226693,315.79,302.0,294.56,292.0,296.64,302.76
2026-03-30,2026-03-31,SZ002709,2,0.8266666666666667,0.9635343618513323,0.9228611500701263,0.0,0.020537793775142976,0.0033305578684430515,0.05228215767634836,48.2,47.5,46.71,47.05,46.71,46.81
2026-03-30,2026-03-31,SZ300502,3,0.7733333333333334,0.9957924263674615,0.9831697054698457,0.0,0.02266397124887698,0.0016940948693127122,0.17922642711238979,455.29,445.65,448.79,445.0,445.11,449.38
2026-03-30,2026-03-31,SH600066,4,0.7733333333333334,0.9593267882187938,0.9172510518934082,0.0,0.013051584835301444,0.005552128315854388,0.08527607361963185,32.6,35.86,35.86,35.86,35.86,35.86
2026-03-30,2026-03-31,SZ300677,5,0.7733333333333334,0.9467040673211781,0.9887798036465638,1.0,0.043886037869403705,0.002208630648997678,0.12561451093405673,58.99,59.56,59.39,59.13,58.84,58.42
2026-04-02,2026-04-03,SH600233,1,0.8125,0.9523141654978962,0.908835904628331,0.0,0.01929737753587335,0.001458434613514914,0.08398058252427165,20.6,20.42,20.41,20.4,20.35,20.13
2026-04-02,2026-04-03,SZ000429,2,0.75,0.9607293127629734,0.9214586255259467,0.0,0.009230769230769154,0.0015267175572519776,0.08993902439024404,13.12,13.12,13.09,13.08,13.0,13.03
2026-04-02,2026-04-03,SZ000895,3,0.7291666666666666,0.9354838709677419,0.8863955119214586,0.0,0.019957234497505416,0.0013995801259623075,0.0800139762403913,28.62,28.52,28.47,28.42,28.32,28.14
2026-04-02,2026-04-03,SZ300014,4,0.6041666666666666,0.8569424964936886,0.8064516129032258,0.0,0.01851250405975957,0.00191693290734829,0.19738520408163263,62.72,62.9,61.96,61.26,61.21,60.93
2026-04-02,2026-04-03,SH601939,5,0.5833333333333334,0.938288920056101,0.8906030855539971,0.0,0.012698412698412875,0.0010460251046024993,0.0867293625914316,9.57,9.53,9.48,9.45,9.42,9.41
2026-04-03,2026-04-07,SZ300677,1,0.9047619047619048,0.9438990182328191,0.9929873772791024,1.0,0.02288523478555682,0.019945909398242145,0.15263506794829285,60.34,59.58,62.3,62.78,64.38,63.12
2026-04-03,2026-04-07,SZ002422,2,0.7619047619047619,0.9971949509116409,0.9887798036465638,0.0,0.007357102433503071,0.00253449732469746,0.12331460674157313,35.6,35.63,34.93,34.58,34.76,34.99
2026-04-03,2026-04-07,SH600901,3,0.6190476190476191,0.938288920056101,0.8990182328190743,0.0,0.0014903129657226621,0.004484304932735439,0.09821428571428581,6.72,6.68,6.68,6.7,6.73,6.65
2026-04-03,2026-04-07,SZ002032,4,0.5238095238095238,0.9242636746143057,0.884992987377279,0.0,0.022207417277370745,0.0010874293170943794,0.07560286769498137,46.03,45.64,45.77,45.84,45.99,46.18
2026-04-03,2026-04-07,SH600988,5,0.42857142857142855,0.9298737727910238,0.8906030855539971,0.0,0.001335410638771517,0.002004454342984463,0.10024449877750596,44.99,44.6,44.53,44.74,44.86,44.75
2026-04-09,2026-04-10,SZ300661,1,0.7777777777777777,0.9453015427769986,0.8892005610098177,0.0,0.038145695364238286,0.0025581990278842337,0.17376881857616744,78.38,79.65,78.06,78.04,77.93,77.53
2026-04-09,2026-04-10,SZ002648,2,0.7037037037037037,0.9635343618513323,0.9284712482468443,0.0,0.02267091746369121,0.0020826102047901696,0.06165569795635606,28.87,28.65,28.59,28.75,28.8,28.85
2026-04-09,2026-04-10,SZ300757,3,0.6666666666666666,0.9957924263674615,0.9887798036465638,0.0,0.01987447698744771,0.0014379622021363225,0.16992820512820517,487.5,497.52,488.53,484.68,490.0,492.0
2026-04-09,2026-04-10,SZ003816,4,0.6666666666666666,0.9663394109396914,0.9312762973352033,0.0,0.004424778761062065,0.002207505518763808,0.09911894273127753,4.54,4.54,4.48,4.46,4.5,4.51
2026-04-09,2026-04-10,SH600176,5,0.6666666666666666,0.8920056100981767,0.8246844319775596,0.0,0.033333333333333215,0.005043227665705974,0.07849462365591409,27.9,29.34,28.32,28.39,28.57,29.16
2026-04-13,2026-04-14,SZ002938,1,0.9166666666666666,0.967741935483871,0.9214586255259467,0.0,0.031700801424755065,0.014003150708909562,0.06904885206283451,57.93,59.05,60.2,60.92,60.8,61.85
2026-04-13,2026-04-14,SZ300408,2,0.7083333333333334,0.9537166900420757,0.9074333800841514,0.0,0.053035470668485685,0.002597824322130071,0.15854251012145748,61.75,69.16,64.29,64.8,64.22,64.98
2026-04-13,2026-04-14,SZ300308,3,0.5833333333333334,0.9971949509116409,0.9957924263674615,0.0,0.0003789929615594101,0.003993805526122829,0.19280727390810193,739.08,750.0,763.88,763.36,761.34,764.58
2026-04-13,2026-04-14,SH603885,4,0.5833333333333334,0.8976157082748948,0.8457223001402524,0.0,0.010824313072439695,0.00413564929693977,0.11532125205930788,12.14,12.22,12.21,12.15,12.1,12.07
2026-04-13,2026-04-14,SZ000338,5,0.5416666666666666,0.9621318373071529,0.9130434782608695,0.0,0.02281368821292773,0.00037188545927846484,0.10408921933085513,26.9,28.56,27.57,27.38,27.28,27.31
2026-04-14,2026-04-15,SZ300390,1,0.956140350877193,1.0,0.9985994397759104,0.0,0.04267258253947559,0.016022380467955344,0.20450563204005,79.9,79.81,78.1,78.78,78.09,77.54
2026-04-14,2026-04-15,SZ301308,2,0.9035087719298245,0.9677871148459384,0.9215686274509803,0.0,0.06540750467994738,0.01129793666790424,0.11559844749816417,381.32,387.0,382.0,384.92,377.77,381.48
2026-04-14,2026-04-15,SZ002466,3,0.8771929824561403,0.9873949579831933,0.9607843137254902,0.0,0.02624000000000004,0.011671924290220792,0.06501403180542575,64.14,64.68,63.82,63.5,63.03,62.27
2026-04-14,2026-04-15,SZ300308,4,0.8157894736842105,0.9971988795518207,0.9943977591036415,0.0,0.02532000000000001,0.007467672837322636,0.15164046346506455,768.99,787.0,798.1,803.92,799.5,791.1
2026-04-14,2026-04-15,SZ300604,5,0.7719298245614036,0.969187675070028,0.9257703081232493,0.0,0.017568158623705976,0.010569753131108417,0.1630489290063757,139.59,141.0,140.4,140.42,141.2,142.28
2026-04-15,2026-04-16,SZ002422,1,0.7083333333333334,0.9215686274509803,0.8641456582633054,0.0,0.022792844777842047,0.0005644933672031005,0.06403385049365284,35.45,35.35,34.98,35.34,35.59,35.8
2026-04-15,2026-04-16,SZ002294,2,0.7083333333333334,0.865546218487395,0.9439775910364145,1.0,0.04524527702809977,0.022360248447204967,0.039185905224787376,65.84,66.4,62.35,62.84,63.42,62.2
2026-04-15,2026-04-16,SH601665,3,0.625,0.8739495798319328,0.8053221288515406,0.0,0.01675041876046901,0.0016501650165017256,0.08401976935749578,6.07,6.06,6.1,6.13,6.15,6.13
2026-04-15,2026-04-16,SH601825,4,0.5833333333333334,0.896358543417367,0.8361344537815126,0.0,0.009782608695652062,0.0010775862068965747,0.09149623250807326,9.29,9.25,9.31,9.36,9.33,9.26
2026-04-15,2026-04-16,SH603288,5,0.5,0.9341736694677871,0.8781512605042017,0.0,0.008134089228494013,0.0004892367906066397,0.09657701711491451,40.9,40.89,41.22,41.22,41.09,40.95
2026-04-16,2026-04-17,SZ300390,1,0.9533333333333333,1.0,1.0,0.0,0.09365866056678107,0.005256395280925252,0.07273994887287927,86.06,85.0,90.63,86.3,85.5,86.35
2026-04-16,2026-04-17,SZ300308,2,0.9533333333333333,0.9971988795518207,0.9971988795518207,0.0,0.046104846122972276,0.007531735541312257,0.15841976286541737,807.98,841.0,831.37,832.0,851.11,842.94
2026-04-16,2026-04-17,SZ301200,3,0.9266666666666667,0.9929971988795518,0.9803921568627451,0.0,0.04551012813015043,0.007067137809187329,0.15189422832443422,196.65,194.29,192.71,191.02,192.48,196.43
2026-04-16,2026-04-17,SZ300394,4,0.9199999999999999,0.9873949579831933,0.9663865546218487,0.0,0.08475609756097557,0.00610790634543612,0.11520517144463183,355.8,361.89,369.73,375.5,381.0,375.37
2026-04-16,2026-04-17,SZ300502,5,0.9066666666666666,0.9943977591036415,0.9817927170868347,0.0,0.0796378269617708,0.004756198037600301,0.11144656901114458,536.58,550.0,554.59,560.75,569.38,573.0
2026-04-17,2026-04-20,SZ300432,1,0.8703703703703702,0.9957983193277311,0.9873949579831933,0.0,0.030792917628945427,0.00412448443944502,0.1635548917102314,26.78,26.51,26.36,26.02,25.92,26.09
2026-04-17,2026-04-20,SZ300502,2,0.8333333333333334,0.9929971988795518,0.9747899159663865,0.0,0.06881818181818189,0.003191235195740383,0.09721867823424346,587.85,589.0,578.35,582.08,579.95,595.72
2026-04-17,2026-04-20,SZ002466,3,0.6666666666666666,0.9943977591036415,0.9817927170868347,0.0,0.013986013986013957,0.0031583696796511074,0.07721139430284851,66.7,66.0,65.99,65.7,66.11,66.7
2026-04-17,2026-04-20,SZ002938,4,0.6481481481481483,0.9593837535014006,0.9201680672268907,0.0,0.017391304347825987,0.0038853812530352805,0.08208353491372344,62.01,62.0,63.02,64.19,64.41,65.53
2026-04-17,2026-04-20,SZ300757,5,0.611111111111111,0.9985994397759104,0.9971988795518207,0.0,0.035477992155619864,7.65271958520497e-05,0.13968970596675145,522.73,524.0,516.66,514.99,513.48,518.22
2026-04-20,2026-04-21,SZ002938,1,0.8666666666666667,0.9677871148459384,0.9285714285714286,0.0,0.06209677419354831,0.0036579789666209006,0.03766135155656802,65.85,65.87,68.4,67.38,67.96,67.97
2026-04-20,2026-04-21,SZ301200,2,0.8285714285714286,0.9915966386554622,0.9803921568627451,0.0,0.021422195775066877,0.0037522537888017293,0.18142538110496176,205.98,199.93,201.59,200.52,198.43,197.06
2026-04-20,2026-04-21,SH603077,3,0.7809523809523808,0.9159663865546218,0.8641456582633054,0.0,0.04807692307692313,0.006153846153846176,0.04892966360856277,3.27,3.23,3.02,2.97,3.02,3.04
2026-04-20,2026-04-21,SZ300390,4,0.6761904761904761,1.0,1.0,0.0,0.0015034115878338472,0.0037088548910522157,0.21651270207852202,86.6,87.05,84.48,84.67,85.6,85.39
2026-04-20,2026-04-21,SH600392,5,0.6761904761904761,0.9551820728291317,0.9159663865546218,0.0,0.033833141099577135,0.002236302646291488,0.07103012272220166,26.89,26.92,27.05,27.24,27.55,27.5
2026-04-21,2026-04-22,SH600346,1,0.7956989247311829,0.9438990182328191,0.884992987377279,0.0,0.040416666666666545,0.008481421647818843,0.04885863035642779,24.97,24.94,24.46,24.52,24.54,24.5
2026-04-21,2026-04-22,SH600183,2,0.7634408602150536,0.9509116409537167,0.9018232819074333,0.0,0.04459789958279381,0.0026235846451256872,0.057430106045999185,72.61,72.54,72.81,72.85,72.81,72.88
2026-04-21,2026-04-22,SZ301200,3,0.7204301075268816,0.9943899018232819,0.9733520336605891,0.0,0.009953483719301603,0.007534554163963758,0.22494057052297944,201.92,198.94,197.04,196.84,195.72,193.8
2026-04-21,2026-04-22,SZ002436,4,0.7096774193548386,0.8962131837307152,0.9495091164095372,1.0,0.07376425855513302,0.00821135308818266,0.034348441926345785,28.24,29.0,28.3,28.24,28.36,28.05
2026-04-21,2026-04-22,SH600498,5,0.6989247311827956,0.9733520336605891,0.9326788218793829,0.0,0.017867435158501532,0.002080574995271478,0.09984899962249916,52.98,53.16,54.77,55.0,55.16,55.33
2026-04-22,2026-04-23,SZ300502,1,0.8562091503267973,0.9719495091164095,0.9326788218793829,0.0,0.09483304042179275,0.0033177645353519303,0.11435726210350583,622.96,619.0,620.73,623.79,624.51,610.59
2026-04-22,2026-04-23,SZ300395,2,0.8300653594771242,0.9509116409537167,0.9018232819074333,0.0,0.07462019660411068,0.0045948203842940405,0.12166320166320155,120.25,124.01,119.72,120.7,119.0,115.9
2026-04-22,2026-04-23,SZ002203,3,0.7843137254901961,0.9817671809256662,0.9789621318373072,1.0,0.023516237402015694,0.005500550055005604,0.06564551422319465,18.28,18.27,18.31,18.21,18.02,17.62
2026-04-22,2026-04-23,SH601231,4,0.7712418300653594,0.9747545582047685,0.9354838709677419,0.0,0.0594130279169649,0.0027100271002709064,0.030405405405405483,44.4,44.5,44.1,44.09,44.43,42.8
2026-04-22,2026-04-23,SH600498,5,0.7516339869281046,0.9775596072931276,0.9424964936886395,0.0,0.062452972159518394,0.002129169623846572,0.03328611898017009,56.48,56.0,55.8,56.94,56.2,54.72
2026-04-23,2026-04-24,SZ300136,1,0.8695652173913043,0.9915848527349228,0.9649368863955119,0.0,0.017568076295645607,0.04282407407407396,0.1767172277716118,81.09,83.0,85.7,85.85,85.84,86.48
2026-04-23,2026-04-24,SZ300604,2,0.7971014492753623,0.9747545582047685,0.9368863955119214,0.0,0.015568004168837746,0.009452897377792313,0.17221473927265718,155.91,157.5,158.46,157.75,157.45,157.01
2026-04-23,2026-04-24,SH603228,3,0.7826086956521738,0.9565217391304348,0.9116409537166901,0.0,0.03549337260677454,0.005721642111286007,0.0787939126724504,70.31,71.12,70.6,71.2,70.95,69.56
2026-04-23,2026-04-24,SH600176,4,0.7681159420289855,0.9551192145862553,0.9691444600280504,1.0,0.02256097560975623,0.006602641056422609,0.05784138342277867,33.54,33.5,33.02,32.85,32.87,32.25
2026-04-23,2026-04-24,SZ300308,5,0.7246376811594203,0.9971949509116409,0.9845722300140253,0.0,0.008988764044943753,0.007833718659513877,0.1847884187082407,898.0,900.25,897.01,906.0,904.25,903.57
2026-04-24,2026-04-27,SZ000408,1,0.8461538461538461,0.9228611500701263,0.8387096774193549,0.0,0.03977011494252869,0.004329965582324791,0.06146363033384916,90.46,90.24,89.33,89.03,89.06,88.98
2026-04-24,2026-04-27,SZ002709,2,0.8205128205128206,0.9284712482468443,0.8807854137447405,0.0,0.08276001618777817,0.002999062792877094,0.0156980003737619,53.51,53.08,53.74,53.0,52.72,52.65
2026-04-24,2026-04-27,SH600884,3,0.6410256410256411,0.8976157082748948,0.8429172510518934,0.0,0.014037433155080103,0.003970880211780381,0.08503625576796314,15.17,15.13,15.47,15.52,15.68,15.66
2026-04-24,2026-04-27,SZ002064,4,0.5897435897435898,0.9298737727910238,0.8821879382889201,0.0,0.020228671943711474,0.0008628127696290733,0.07758620689655182,11.6,11.45,11.49,11.45,11.52,11.54
2026-04-24,2026-04-27,SZ300750,5,0.5897435897435898,0.9004207573632539,0.8176718092566619,0.0,0.010859728506787292,0.0037517129827242535,0.17878245299910467,446.8,444.63,447.41,447.02,445.12,440.9
2026-04-27,2026-04-28,SZ002709,1,0.7833333333333333,0.9565217391304348,0.9074333800841514,0.0,0.042954031650339175,0.02121379819221536,0.05382947976878616,55.36,56.5,56.7,55.83,55.8,55.01
2026-04-27,2026-04-28,SZ300390,2,0.75,1.0,0.9957924263674615,0.0,0.042957042957042946,0.0012787723785165905,0.16219667943805893,93.96,93.84,92.5,92.91,93.59,93.46
2026-04-27,2026-04-28,SZ300757,3,0.6833333333333332,0.9943899018232819,0.9733520336605891,0.0,0.02282006272065651,0.0017772282965653474,0.160322418913186,518.58,520.01,521.57,513.36,510.81,508.47
2026-04-27,2026-04-28,SZ002466,4,0.6333333333333333,0.9831697054698457,0.9803646563814866,1.0,0.0029931972789114525,0.005181347150259086,0.09970157352143239,73.72,74.61,74.1,73.75,73.95,73.42
2026-04-27,2026-04-28,SZ300037,5,0.6,0.8639551192145862,0.8078541374474053,0.0,0.05323076923076919,0.003959524857017005,0.13584574934268212,68.46,66.88,65.82,65.71,66.42,66.17
2026-04-30,2026-05-06,SH600546,1,0.8245614035087719,0.9579242636746143,0.9186535764375876,0.0,0.032258064516129004,0.002135231316725994,0.07244318181818188,14.08,13.9,14.06,13.98,14.05,14.04
2026-04-30,2026-05-06,SZ002266,2,0.8245614035087719,0.9453015427769986,0.9032258064516129,0.0,0.06438631790744465,0.0018939393939394478,0.047258979206049156,5.29,5.29,5.42,5.51,5.55,5.44
2026-04-30,2026-05-06,SZ300390,3,0.8245614035087718,1.0,1.0,1.0,0.010611050128064514,0.0054605023662177565,0.20021723388848645,110.48,113.0,106.94,108.19,108.3,108.79
2026-04-30,2026-05-06,SZ002709,4,0.6666666666666666,0.9130434782608695,0.9438990182328191,1.0,0.017788219499915936,0.0024793388429751317,0.07584501236603458,60.65,60.58,59.22,60.31,61.15,60.23
2026-04-30,2026-05-06,SZ002203,5,0.6666666666666666,0.9116409537166901,0.9467040673211781,1.0,0.02556818181818188,0.002220988339811214,0.09695290858725758,18.05,17.99,17.77,17.7,17.74,18.05
2026-05-07,2026-05-08,SZ000938,1,0.8333333333333334,0.9228611500701263,0.9326788218793829,1.0,0.02961346633416473,0.014434889434889353,0.060853769300635685,33.03,32.39,31.93,32.34,32.23,32.82
2026-05-07,2026-05-08,SZ300782,2,0.7916666666666666,0.9284712482468443,0.8779803646563815,0.0,0.03605792594032464,0.0020680579056213677,0.1617260787992496,106.6,104.5,102.68,104.72,106.0,106.1
2026-05-07,2026-05-08,SZ300339,3,0.7083333333333334,0.9270687237026648,0.8751753155680224,0.0,0.01357758620689653,0.006204535729567695,0.19115458218158632,47.03,46.89,47.31,47.68,47.63,48.95
2026-05-07,2026-05-08,SH600497,4,0.7083333333333334,0.9004207573632539,0.847124824684432,0.0,0.030851063829787195,0.0031055900621117516,0.0629514963880291,9.69,9.54,9.65,9.77,9.76,9.96
2026-05-07,2026-05-08,SZ300476,5,0.6458333333333334,0.9593267882187938,0.906030855539972,0.0,0.022848484848484896,0.0005928736586233718,0.15867749007525034,337.54,333.03,345.62,360.37,365.8,362.87
2026-05-08,2026-05-11,SH600584,1,0.8518518518518517,0.9453781512605042,0.8949579831932774,0.0,0.051458333333333384,0.03358591030104452,0.06280958985535956,50.47,53.8,54.75,55.34,54.58,55.45
2026-05-08,2026-05-11,SZ003031,2,0.7222222222222222,0.9831932773109243,0.9733893557422969,1.0,0.07077205882352944,0.0002862049227247976,0.04413447782546487,139.8,149.67,150.57,147.81,150.28,147.15
2026-05-08,2026-05-11,SZ000960,3,0.7037037037037037,0.9733893557422969,0.927170868347339,0.0,0.019746835443037902,0.001491795126802753,0.09235352532274077,40.28,40.98,40.57,40.97,41.29,41.2
2026-05-08,2026-05-11,SH603228,4,0.7037037037037037,0.9313725490196079,0.9425770308123249,1.0,0.02178082191780817,0.0028233396074215378,0.09465075747419238,74.59,74.4,74.06,74.45,73.7,73.35
2026-05-08,2026-05-11,SZ300408,5,0.7037037037037036,0.9957983193277311,0.9831932773109243,0.0,0.018106508875739724,0.0010472422620433353,0.2132976868534231,86.03,87.58,89.21,90.9,89.99,89.64
2026-05-11,2026-05-12,SZ300136,1,0.8717948717948718,1.0,0.9929971988795518,0.0,0.08370786516853923,0.002251472116383768,0.050803525142560924,115.74,117.65,113.46,115.43,114.24,112.85
2026-05-11,2026-05-12,SZ300570,2,0.6923076923076924,0.9915966386554622,0.957983193277311,0.0,0.09418164038626076,0.0005029618866658758,0.08652181198681785,179.03,182.46,186.0,186.31,185.67,182.5
2026-05-11,2026-05-12,SZ300054,3,0.6923076923076922,0.9663865546218487,0.9159663865546218,0.0,0.024904507257448305,0.008721804511278242,0.148330351818724,67.08,67.0,66.3,65.02,64.95,65.71
2026-05-11,2026-05-12,SZ301358,4,0.6666666666666666,0.9901960784313726,0.9565826330532213,0.0,0.010174717368962138,0.002856851341699773,0.18730287923491695,98.29,99.67,98.59,98.03,96.03,96.49
2026-05-11,2026-05-12,SZ300476,5,0.6410256410256411,0.9831932773109243,0.9439775910364145,0.0,0.042017270394791195,0.0009540467482906934,0.13950225046333076,377.7,377.87,376.83,377.9,378.9,378.49
2026-05-12,2026-05-13,SZ301308,1,0.8550724637681159,0.9943977591036415,0.9929971988795518,1.0,0.03019171372699536,0.010251447210423592,0.18503077932906375,563.69,552.0,542.89,545.16,541.8,540.01
2026-05-12,2026-05-13,SH600183,2,0.8405797101449276,0.9929971988795518,0.9663865546218487,0.0,0.024492234169653404,0.012516235683079469,0.0732361516034985,85.75,85.02,88.6,91.57,93.29,91.5
2026-05-12,2026-05-13,SZ300395,3,0.7971014492753623,0.9831932773109243,0.9425770308123249,0.0,0.09189985272459489,0.005970149253731405,0.06379821958456988,148.28,143.17,142.67,144.3,143.36,144.93
2026-05-12,2026-05-13,SZ300285,4,0.7826086956521738,0.9327731092436975,0.8795518207282913,0.0,0.04002026342451881,0.014077550012348672,0.13127131027764238,41.06,40.92,40.12,41.21,41.22,41.82
2026-05-12,2026-05-13,SZ301358,5,0.7391304347826088,0.9901960784313726,0.9593837535014006,0.0,0.01103642018661577,0.011543866693434879,0.17118189937481398,100.77,99.8,99.45,100.41,99.6,97.66
2026-05-13,2026-05-14,SZ300604,1,0.9035087719298245,0.9845938375350141,0.9873949579831933,1.0,0.076480106605749,0.0061385169698857656,0.13046553782218484,226.19,225.0,222.3,220.02,219.35,215.36
2026-05-13,2026-05-14,SZ300308,2,0.8771929824561404,0.9957983193277311,0.9747899159663865,0.0,0.050876280409731134,0.006264367816091854,0.16282102537742493,1050.54,1065.0,1053.98,1047.01,1052.94,1047.99
2026-05-13,2026-05-14,SZ300567,3,0.8596491228070176,0.9635854341736695,0.9215686274509803,0.0,0.05586069154911999,0.008885973282442672,0.1733167819353314,169.17,168.0,163.82,164.27,163.53,161.36
2026-05-13,2026-05-14,SZ300570,4,0.8245614035087719,0.988795518207283,0.957983193277311,0.0,0.023793103448275676,0.011641774092793433,0.19035589985404755,178.14,180.01,181.89,180.42,182.61,181.58
2026-05-13,2026-05-14,SZ300454,5,0.8070175438596491,0.9607843137254902,0.9201680672268907,0.0,0.02812995245641825,0.011853700382125965,0.1892870905587669,129.75,129.94,128.06,126.87,126.22,126.06
2026-05-26,2026-05-27,SZ300408,1,0.9191919191919192,1.0,0.9957983193277311,0.0,0.038053097345132736,0.013916500994035852,0.18005115089514057,117.3,119.03,123.85,126.17,128.03,123.52
2026-05-26,2026-05-27,SZ301269,2,0.8686868686868686,0.9761904761904762,0.9747899159663865,1.0,0.032942618555121594,0.027041438147471064,0.11288288956463699,134.83,130.0,129.41,129.0,131.6,128.66
2026-05-26,2026-05-27,SZ300373,3,0.8585858585858586,0.9425770308123249,0.8921568627450981,0.0,0.054100106496272504,0.010825163398692883,0.15467771266922603,98.98,101.9,105.88,110.33,109.68,109.09
2026-05-26,2026-05-27,SZ300223,4,0.7474747474747475,0.938375350140056,0.8907563025210085,0.0,0.07698930903350787,0.004349280695884916,0.13457694870086612,150.1,172.25,167.95,167.47,169.48,167.91
2026-05-26,2026-05-27,SZ300496,5,0.6969696969696969,0.9159663865546218,0.865546218487395,0.0,0.03373155305692177,0.010579829623522885,0.17239972807613868,73.55,73.5,74.55,73.7,73.22,73.9
2026-06-02,2026-06-03,SZ300679,1,0.880952380952381,0.9761904761904762,0.9355742296918768,0.0,0.09331346619482228,0.014167242570836125,0.09999999999999987,58.7,59.21,59.9,59.73,59.86,59.91
2026-06-02,2026-06-03,SZ300394,2,0.8809523809523809,0.9957983193277311,0.9761904761904762,0.0,0.049347246483405494,0.019403384986379724,0.12728069214762883,456.55,501.0,496.0,489.6,491.5,500.5
2026-06-02,2026-06-03,SZ300285,3,0.8333333333333334,0.9971988795518207,0.9789915966386554,0.0,0.13860808709175743,0.001367755171824303,0.055147686528939754,58.57,59.38,58.63,60.98,59.4,60.49
2026-06-02,2026-06-03,SZ000733,4,0.6904761904761906,0.9663865546218487,0.9215686274509803,0.0,0.06345776031434203,0.0016654330125833727,0.03380750046185099,54.13,54.6,54.8,56.26,55.94,56.4
2026-06-02,2026-06-03,SZ300502,5,0.619047619047619,0.9859943977591037,0.9621848739495799,0.0,0.07222701149425292,0.0006301957629391008,0.09314323234218169,746.27,760.0,771.71,775.03,784.0,800.08
2026-06-15,2026-06-16,SZ300433,1,0.8620689655172414,0.9943977591036415,0.969187675070028,0.0,0.0647331786542924,0.0061390046042535396,0.0758335149269993,45.89,45.33,48.16,48.59,48.0,48.7
2026-06-15,2026-06-16,SZ300308,2,0.8045977011494253,0.9663865546218487,0.9187675070028011,0.0,0.049106382978723495,0.00825283614562311,0.11852032124604528,1232.7,1240.0,1240.78,1245.8,1246.17,1242.3
2026-06-15,2026-06-16,SZ300408,3,0.7471264367816093,1.0,0.9957983193277311,0.0,0.1199101796407187,0.002143335565974569,0.014570244619703354,149.62,150.1,154.59,154.29,151.97,151.4
2026-06-15,2026-06-16,SZ300223,4,0.7241379310344828,0.9453781512605042,0.8935574229691877,0.0,0.09423873813661277,0.005218886228280262,0.0671878817493281,163.72,163.0,164.2,166.88,164.53,163.86
2026-06-15,2026-06-16,SZ301536,5,0.7011494252873564,0.8795518207282913,0.8053221288515406,0.0,0.15119565217391306,0.006749049429657816,0.030969691247285436,105.91,105.04,107.33,106.03,105.67,104.77
2026-06-16,2026-06-17,SZ000519,1,0.8518518518518517,0.9621848739495799,0.9047619047619048,0.0,0.05195473251028804,0.003927344133529687,0.052322738386308076,20.45,20.2,20.05,19.95,19.79,20.03
2026-06-16,2026-06-17,SZ301536,2,0.8148148148148148,0.9789915966386554,0.9341736694677871,0.0,0.049790555978674655,0.003366696997270102,0.15353223904960567,110.27,109.0,110.68,111.2,111.28,110.7
2026-06-16,2026-06-17,SH601066,3,0.6666666666666666,0.9803921568627451,0.9397759103641457,0.0,0.01258356272119543,0.003898635477582957,0.10757281553398057,25.75,25.75,25.65,25.91,26.03,26.22
2026-06-16,2026-06-17,SH600999,4,0.6666666666666666,0.9733893557422969,0.9215686274509803,0.0,0.02655826558265595,0.002646903123345812,0.0744456177402324,18.94,18.89,18.99,19.24,19.19,19.12
2026-06-16,2026-06-17,SZ000415,5,0.6296296296296297,0.9033613445378151,0.8291316526610645,0.0,0.02088167053364276,0.004566210045662267,0.07727272727272716,4.4,4.38,4.36,4.35,4.37,4.36
2026-06-17,2026-06-18,SZ300373,1,0.9351851851851851,0.9985994397759104,0.9761904761904762,0.0,0.061111111111111116,0.016858917480035318,0.13926701570680633,114.6,113.5,119.0,118.89,117.75,119.66
2026-06-17,2026-06-18,SZ300223,2,0.8333333333333334,0.9803921568627451,0.9369747899159664,0.0,0.05596991925044703,0.009725333018979265,0.13490164030120821,171.31,172.66,179.04,180.24,177.8,181.15
2026-06-17,2026-06-18,SZ300679,3,0.8055555555555557,0.9705882352941176,0.9089635854341737,0.0,0.0553076187440229,0.01564657156005511,0.15798217791874358,66.21,66.25,68.26,68.41,68.9,69.41
2026-06-17,2026-06-18,SZ300308,4,0.7962962962962963,0.9859943977591037,0.9495798319327731,0.0,0.03579804560260591,0.016064224947078376,0.17748199628919137,1271.96,1270.0,1331.0,1318.0,1330.84,1335.0
2026-06-17,2026-06-18,SZ300604,5,0.7777777777777778,0.938375350140056,0.8683473389355743,0.0,0.11372881355932196,0.007706168768929933,0.0975498402069701,262.84,263.0,263.36,263.76,265.53,265.47
2026-06-18,2026-06-22,SZ300433,1,0.875,0.9985994397759104,0.9761904761904762,0.0,0.09055425448868082,0.0032315978456014527,0.09967788117394427,55.88,56.89,55.9,56.85,56.35,55.61
2026-06-18,2026-06-22,SZ300373,2,0.6666666666666666,0.9957983193277311,0.9733893557422969,0.0,0.08299559471365647,0.0015481137456203609,0.11389521640091105,122.92,130.0,128.88,131.11,131.64,131.2
2026-06-18,2026-06-22,SZ300757,3,0.625,0.9775910364145658,0.9187675070028011,0.0,0.024695550170553693,0.0017201056205204956,0.19334528310412868,663.89,655.5,645.0,650.0,643.01,638.01
2026-06-18,2026-06-22,SZ000519,4,0.5833333333333334,0.9705882352941176,0.9047619047619048,0.0,0.01547678482276571,0.002464268112370771,0.08062930186824002,20.34,21.35,21.58,21.42,21.78,22.35
2026-06-18,2026-06-22,SZ300558,5,0.5,0.9103641456582633,0.8361344537815126,0.0,0.10362072414482904,0.0009071117561685327,0.10386079390973357,55.17,55.02,55.94,56.31,55.74,55.41
2026-06-22,2026-06-23,SZ300285,1,0.858974358974359,1.0,1.0,0.0,0.05526881720430099,0.00894417600493469,0.09476258406358262,98.14,95.5,94.79,93.19,91.24,92.49
2026-06-22,2026-06-23,SZ300558,2,0.8205128205128206,0.9523809523809523,0.8739495798319328,0.0,0.06633951290439843,0.008075601374570418,0.12459519345491743,58.67,57.97,58.28,58.14,58.9,58.89
2026-06-22,2026-06-23,SZ300037,3,0.8076923076923076,0.9789915966386554,0.938375350140056,0.0,0.08421686746987955,0.0035686405709824953,0.11067896432936997,89.99,90.0,91.42,90.99,87.56,87.3
2026-06-22,2026-06-23,SZ000831,4,0.782051282051282,0.9635854341736695,0.9229691876750701,1.0,0.049602543720190795,0.01914171040444579,0.03135413511057261,66.02,65.0,64.19,62.74,62.32,62.1
2026-06-22,2026-06-23,SH600909,5,0.717948717948718,0.9649859943977591,0.9397759103641457,1.0,0.05444444444444452,0.006362672322375529,0.04004214963119068,9.49,9.53,9.9,9.98,10.27,10.46
2026-06-23,2026-06-24,SZ300373,1,0.8636363636363636,0.9985994397759104,0.9803921568627451,0.0,0.015546875000000071,0.015546875000000071,0.18262943303331003,129.99,130.0,141.1,138.11,135.0,137.0
2026-06-23,2026-06-24,SZ300661,2,0.8484848484848485,0.9803921568627451,0.927170868347339,0.0,0.02083333333333348,0.012891753723049737,0.20086314095530677,136.71,135.0,137.44,137.28,136.01,136.9
2026-06-23,2026-06-24,SZ300623,3,0.8484848484848485,0.9565826330532213,0.8865546218487395,0.0,0.10000000000000009,0.012138868657441071,0.10554089709762549,41.69,41.95,41.2,41.64,40.37,41.52
2026-06-23,2026-06-24,SZ300679,4,0.7424242424242423,0.9901960784313726,0.9481792717086834,0.0,0.01736162635405858,0.009422850412249772,0.1999708284714119,68.56,68.0,67.71,67.08,66.04,67.3
2026-06-23,2026-06-24,SZ301611,5,0.681818181818182,0.9215686274509803,0.8515406162464986,0.0,0.04662135145941626,0.00972072211078534,0.1581601466992666,130.88,129.93,138.32,136.9,134.18,135.11
2026-07-06,2026-07-07,SZ000415,1,0.9333333333333332,0.9475982532751092,0.8704512372634643,0.0,0.042986425339366585,0.013186813186813362,0.05206073752711471,4.61,4.64,4.7,4.71,4.7,4.71
2026-07-06,2026-07-07,SZ000739,2,0.6666666666666666,0.9534206695778749,0.8879184861717613,0.0,0.018671059857221284,0.0010793308148946412,0.08140161725067374,18.55,18.41,18.39,18.36,18.36,18.25
2026-07-06,2026-07-07,SZ002179,3,0.6,0.8981077147016011,0.8093158660844251,0.0,0.023831775700934754,0.004585052728106387,0.06321314468279327,43.82,43.5,44.08,43.92,44.03,43.96
2026-07-06,2026-07-07,SH601628,4,0.4666666666666666,0.9053857350800583,0.9155749636098981,1.0,0.005177323323841465,0.0015475883415010383,0.0952871491115117,38.83,38.5,38.16,37.84,37.93,37.93
2026-07-06,2026-07-07,SZ000623,5,0.3333333333333333,0.9097525473071325,0.8195050946142649,0.0,0.0010683760683760646,0.0010683760683760646,0.08484525080042693,18.74,18.66,18.46,18.39,18.38,18.31
